time,open,close,high,low,volume,turnover,color,avg_vol_last_100
2023-01-02 04:54:00,16626.9,16626.9,16627.2,16626.6,5.11372319,85024.894949183,green,5.11372319
2023-01-02 05:15:00,16627.25,16625.275,16631.7,16614.9,34.7327582,577508.8780260431,green,19.923240695
2023-01-02 05:36:00,16638.15,16640.600000000002,16658.8,16627.3,64.03798806,1065991.1228370431,green,34.628156483333335
2023-01-02 05:57:00,16652.25,16652.875,16658.9,16648.1,37.75961385,628862.749419516,green,35.411020825
2023-01-02 06:18:00,16646.15,16646.775,16658.0,16636.8,26.37597543,439222.288126933,red,33.604011746000005
2023-01-02 06:39:00,16638.0,16639.0,16643.2,16636.8,20.52302005,341471.463825951,green,31.423846463333334
2023-01-02 07:00:00,16689.8,16695.5,16763.5,16638.9,434.00143952,7252711.575082754,green,88.93493118571429
2023-01-02 07:21:00,16745.65,16740.75,16757.9,16713.8,79.27066827,1326530.04463516,green,87.72689832125
2023-01-02 07:42:00,16728.05,16727.35,16749.3,16704.0,84.35561037000001,1410597.739286329,red,87.3523107711111
2023-01-02 08:03:00,16720.1,16727.875,16766.3,16705.0,121.86723382,2040110.180618783,green,90.803803076
2023-01-02 08:24:00,16737.6,16740.1,16751.8,16733.4,57.9380221,970049.365314768,green,87.81600480545454
2023-01-02 08:45:00,16739.15,16736.275,16746.7,16720.1,43.6502243,730376.115835826,red,84.13552309666666
2023-01-02 09:06:00,16731.15,16731.300000000003,16742.8,16720.1,33.314352140000004,557377.911782439,red,80.22620225384615
2023-01-02 09:27:00,16722.85,16723.35,16731.6,16716.1,27.34512938,457332.785131373,red,76.44898276285714
2023-01-02 09:48:00,16724.1,16721.3,16728.3,16708.7,49.76219369,831904.772820312,green,74.66986349133334
2023-01-02 10:09:00,16729.1,16734.35,16755.0,16724.2,107.130656,1793080.157925991,green,76.698663023125
2023-01-02 10:30:00,16729.050000000003,16729.1,16736.7,16721.6,38.48462264,643773.57435364,red,74.45077829470587
2023-01-02 10:51:00,16725.45,16725.475,16728.4,16722.6,16.87465172,282270.667611928,red,71.25210459611111
2023-01-02 11:12:00,16720.9,16721.550000000003,16726.5,16717.9,17.51570811,292886.715729258,red,68.42387320210526
2023-01-02 11:33:00,16727.2,16724.375,16737.1,16706.0,59.94527458,1002322.609041989,green,67.99994327099999
2023-01-02 11:54:00,16735.2,16735.0,16737.2,16732.4,32.46647652,543335.738234034,red,66.30787342571428
2023-01-02 12:15:00,16734.65,16736.0,16740.4,16734.3,24.3538657,407600.403441691,red,64.40087307454546
2023-01-02 12:36:00,16728.949999999997,16728.925,16734.4,16723.4,35.01213408,585718.2600946251,red,63.12310181391304
2023-01-02 12:57:00,16718.85,16718.649999999998,16723.7,16713.2,18.65829299,311880.798292924,red,61.27040144625
2023-01-02 13:18:00,16703.95,16703.0,16715.9,16688.2,90.59963116,1512892.417065565,red,62.4435706348
2023-01-02 13:39:00,16695.75,16696.375,16703.1,16690.9,25.93017436,432950.400685468,green,61.03920923961539
2023-01-02 14:00:00,16701.0,16699.574999999997,16706.7,16689.6,73.33188196,1224680.112504887,green,61.49449341444444
2023-01-02 14:21:00,16701.65,16694.375,16704.6,16669.6,89.73009494,1497326.430105207,red,62.50290775464286
2023-01-02 14:42:00,16699.1,16698.35,16699.5,16695.7,40.70332483,679660.365625314,green,61.75119799862069
2023-01-02 15:03:00,16706.2,16706.975000000002,16721.7,16693.8,85.45355502999999,1427895.41633991,green,62.54127656633333
2023-01-02 15:24:00,16726.95,16728.9,16748.8,16712.9,57.84500176,967918.582206351,green,62.389783830645165
2023-01-02 15:45:00,16734.449999999997,16734.175,16741.1,16726.7,90.89670117,1521008.537290985,red,63.2806249975
2023-01-02 16:06:00,16729.6,16728.0,16732.2,16720.6,28.42235781,475406.718325001,green,62.22431387060606
2023-01-02 16:27:00,16731.8,16732.1,16734.4,16730.4,19.78208859,330993.561940043,green,60.97601312705882
2023-01-02 16:48:00,16722.05,16721.3,16732.1,16709.0,47.94443255,801391.197973646,red,60.603682253428566
2023-01-02 17:09:00,16713.3,16712.725,16714.7,16709.6,22.20821446,371136.003820214,green,59.537141481388886
2023-01-02 17:30:00,16713.5,16713.675,16718.5,16709.2,26.30614548,439673.001471887,red,58.63900645432433
2023-01-02 17:51:00,16710.65,16710.65,16712.6,16708.7,11.91339057,199091.120367834,red,57.409384983684205
2023-01-02 18:12:00,16708.65,16709.55,16712.6,16708.3,22.82796778,381465.673631758,red,56.522681978461534
2023-01-02 18:33:00,16717.9,16718.050000000003,16727.9,16708.5,25.10780295,419724.044812051,green,55.73731000274999
2023-01-02 18:54:00,16725.65,16725.350000000002,16729.4,16720.7,22.41277512,374834.658998793,red,54.9245164690244
2023-01-02 19:15:00,16721.050000000003,16721.350000000002,16727.3,16716.0,18.52051489,309701.561065491,red,54.05775452666667
2023-01-02 19:36:00,16725.4,16725.425000000003,16733.0,16717.9,41.29611012,690683.829636122,green,53.760972098604654
2023-01-02 19:57:00,16726.7,16724.725,16735.4,16710.1,47.30223471,791053.598042692,red,53.6141826125
2023-01-02 20:18:00,16723.3,16722.55,16726.1,16717.5,46.91748738,784503.481556796,green,53.46536716288888
2023-01-02 20:39:00,16726.4,16727.0,16729.2,16726.0,18.92567381,316583.628160724,green,52.71450426391304
2023-01-02 21:00:00,16727.35,16727.125,16731.6,16722.2,45.92655165,768262.553875692,green,52.57007974021277
2023-01-02 21:21:00,16728.85,16728.475,16730.5,16725.7,28.76055746,481092.364846077,green,52.07404802604167
2023-01-02 21:42:00,16735.05,16747.925,16792.0,16729.6,155.03070535,2598524.158035276,green,54.175204297959176
2023-01-02 22:03:00,16739.4,16741.850000000002,16751.8,16736.8,84.15403383,1409150.14196643,red,54.7747808886
2023-01-02 22:24:00,16723.199999999997,16719.6,16738.3,16693.7,94.3707549,1577278.992330069,red,55.55117253588235
2023-01-02 22:45:00,16708.9,16704.125,16711.3,16687.4,69.07178847,1153424.574962101,green,55.81118438076923
2023-01-02 23:06:00,16708.35,16710.975,16722.1,16705.1,57.79331266,965874.4909735372,red,55.84858302754717
2023-01-02 23:27:00,16699.050000000003,16700.325,16712.2,16691.0,42.10674408,703267.149996919,red,55.59410452851852
2023-01-02 23:48:00,16684.6,16678.075,16690.9,16652.2,107.17171549,1786415.002224653,red,56.53187927327272
2023-01-03 00:09:00,16678.9,16681.050000000003,16688.3,16678.1,36.80572805,614043.26078155,green,56.179626572857146
2023-01-03 00:30:00,16689.3,16690.0,16701.9,16679.5,82.78442447,1381946.971676065,green,56.64637741315789
2023-01-03 00:51:00,16688.45,16688.475,16699.1,16677.9,29.57192088,493514.98191906,red,56.17957643844828
2023-01-03 01:12:00,16667.35,16666.925,16679.9,16653.1,59.23186872,986860.177229747,red,56.2313102059322
2023-01-03 01:33:00,16661.75,16664.5,16677.9,16656.6,44.11523274,735275.576943776,green,56.0293755815
2023-01-03 01:54:00,16674.199999999997,16674.699999999997,16683.7,16666.7,20.57107395,343051.281425027,green,55.448091948196726
2023-01-03 02:15:00,16680.949999999997,16680.0,16681.6,16676.5,16.68275219,278252.087702188,red,54.82284453274194
2023-01-03 02:36:00,16678.1,16678.025,16681.5,16674.4,25.88953354,431800.131274055,red,54.36358562809524
2023-01-03 02:57:00,16673.6,16674.175,16680.5,16669.0,24.16567222,402904.098206733,red,53.89174323109375
2023-01-03 03:18:00,16683.7,16683.7,16696.2,16671.2,15.45643552,257890.515436584,green,53.30043080476923
2023-01-03 03:39:00,16693.65,16693.05,16696.2,16688.7,28.30060136,472376.578172353,red,52.92164551015152
2023-01-03 04:00:00,16692.85,16692.824999999997,16694.5,16691.1,17.71150645,295659.841247711,green,52.39612104656717
2023-01-03 04:21:00,16691.75,16691.5,16694.5,16688.0,18.45922883,308127.47058863,red,51.89704910220589
2023-01-03 04:42:00,16687.449999999997,16687.175,16689.1,16684.7,29.06726633,485026.53090087,red,51.566182685217385
2023-01-03 05:03:00,16691.95,16692.6,16700.8,16685.7,26.165305,436844.839071934,green,51.203313004
2023-01-03 05:24:00,16704.15,16703.5,16711.1,16694.6,45.53184423,760498.442473018,green,51.12343316211268
2023-01-03 05:45:00,16730.800000000003,16731.775,16755.6,16709.9,94.6906861,1584637.525451177,green,51.72853389736111
2023-01-03 06:06:00,16748.8,16747.0,16752.8,16737.6,32.88280071,550556.817016376,red,51.470373168767125
2023-01-03 06:27:00,16737.45,16744.425,16773.6,16729.2,50.53216824,846505.258560796,red,51.45769472378378
2023-01-03 06:48:00,16725.35,16725.325,16729.3,16721.3,8.15412254,136389.52206518,red,50.88031376133333
2023-01-03 07:09:00,16717.7,16718.949999999997,16727.8,16712.6,25.15273397,420598.257700821,red,50.54179297460527
2023-01-03 07:30:00,16719.45,16718.5,16725.0,16710.1,16.79485933,280701.051955854,green,50.103521109090906
2023-01-03 07:51:00,16721.15,16723.800000000003,16735.5,16717.4,41.23816624,689900.626216658,red,49.98986271333334
2023-01-03 08:12:00,16716.35,16714.625,16717.5,16708.3,33.53622405,560464.050684312,red,49.781588806202535
2023-01-03 08:33:00,16708.949999999997,16708.25,16715.3,16699.8,41.66238238,695938.814834648,red,49.680098725875
2023-01-03 08:54:00,16713.85,16714.125,16726.3,16702.5,20.95215286,350274.979684269,green,49.32543272753087
2023-01-03 09:15:00,16733.4,16733.7,16742.8,16725.2,38.79581481,649081.523509235,green,49.19702275292683
2023-01-03 09:36:00,16746.8,16747.225,16756.1,16739.2,35.44525249,593574.156384834,green,49.03133877385542
2023-01-03 09:57:00,16743.5,16743.35,16752.1,16734.3,27.97386893,468345.015086358,red,48.78065460904762
2023-01-03 10:18:00,16734.5,16733.7,16735.0,16730.8,17.31419871,289724.487259533,red,48.410461010235295
2023-01-03 10:39:00,16729.55,16730.45,16737.7,16725.0,16.755961069999998,280396.766088231,red,48.04238542953488
2023-01-03 11:00:00,16724.949999999997,16724.824999999997,16725.1,16724.3,10.37758607,173561.405879167,red,47.60945670126437
2023-01-03 11:21:00,16730.0,16730.2,16736.1,16724.7,14.48937698,242399.78481372495,green,47.23309215897727
2023-01-03 11:42:00,16728.0,16725.675,16735.2,16711.5,86.89697502,1453140.765927992,red,47.67875376415731
2023-01-03 12:03:00,16721.199999999997,16719.1,16721.6,16712.4,38.71108246,647186.57637682,green,47.57911297188888
2023-01-03 12:24:00,16721.75,16721.725,16724.2,16719.2,28.47844783,476201.829729855,green,47.36921555274726
2023-01-03 12:45:00,16725.35,16720.975,16729.1,16704.1,38.89952007,650142.724917716,green,47.27715364532608
2023-01-03 13:06:00,16727.35,16726.949999999997,16731.2,16721.9,34.52291065,577442.740603792,red,47.14001124752688
2023-01-03 13:27:00,16724.5,16723.25,16725.7,16718.3,23.57040852,394114.11740334297,red,46.88927079297873
2023-01-03 13:48:00,16730.35,16730.325,16737.4,16723.2,30.2475683,506006.917123714,green,46.71409497726316
2023-01-03 14:09:00,16738.85,16739.125,16744.6,16734.2,51.12475444,855751.39375117,green,46.760039346666666
2023-01-03 14:30:00,16733.35,16739.15,16770.0,16719.9,236.51430484,3960917.347036316,red,48.71626888783506
2023-01-03 14:51:00,16701.75,16693.225,16726.4,16643.0,226.14082233,3771182.1803822857,red,50.52672351479592
2023-01-03 15:12:00,16654.25,16653.0,16677.0,16626.5,145.86453582,2428148.88778076,red,51.48973171989899
2023-01-03 15:33:00,16645.55,16643.775,16662.4,16621.6,47.81727221,796169.269858309,green,51.4530071248
2023-01-03 15:54:00,16655.15,16662.125,16687.6,16650.6,116.05224765,1935092.351941272,red,52.5623923694
2023-01-03 16:15:00,16648.2,16647.5,16661.2,16632.4,116.20581091,1934525.593872992,red,53.3771228965
2023-01-03 16:36:00,16637.1,16641.375,16662.9,16628.4,60.68674209,1010191.0125320412,red,53.3436104368
2023-01-03 16:57:00,16633.75,16631.5,16642.1,16616.4,44.76839736,744383.810771422,green,53.4136982719
2023-01-03 17:18:00,16636.8,16633.1,16638.8,16620.0,35.22054079,585691.71591029,red,53.50214392550001
2023-01-03 17:39:00,16632.35,16626.625,16634.9,16606.9,31.32570487,520615.461402949,red,53.6101707737
2023-01-03 18:00:00,16633.199999999997,16636.024999999998,16648.0,16629.7,38.59024337,641994.69694594,green,49.6560588122
2023-01-03 18:21:00,16643.0,16641.9,16649.5,16632.1,25.75185083,428623.84037533,green,49.1208706378
2023-01-03 18:42:00,16645.050000000003,16644.65,16649.5,16639.0,21.17226135,352389.349858599,red,48.4890371476
2023-01-03 19:03:00,16638.25,16636.125,16643.1,16624.9,27.36180582,455159.415357283,red,47.5439828676
2023-01-03 19:24:00,16638.550000000003,16636.850000000002,16643.0,16627.3,35.31329057,587330.644932779,green,47.3177355523
2023-01-03 19:45:00,16646.1,16646.925,16655.4,16640.1,47.27403043,786960.769572431,green,47.35397361359999
2023-01-03 20:06:00,16656.15,16656.575,16669.0,16645.0,100.58886024,1675700.194947338,green,48.02671869459999
2023-01-03 20:27:00,16657.45,16659.075,16668.1,16653.3,23.80235906,396579.070033259,red,47.9912909914
2023-01-03 20:48:00,16657.5,16657.725,16662.6,16653.3,21.63599402,360409.738858583,green,47.7100289947
2023-01-03 21:09:00,16665.1,16666.125,16672.8,16661.5,31.46814106,524475.830652694,green,46.9534038453
2023-01-03 21:30:00,16670.0,16668.725,16672.5,16662.4,55.00643981,916878.735303433,green,47.118622017
2023-01-03 21:51:00,16666.9,16666.9,16671.3,16662.5,23.52712338,392136.709347901,red,47.18514673359999
2023-01-03 22:12:00,16662.9,16658.95,16663.5,16646.5,43.09696875,717761.666041137,green,47.44095934
2023-01-03 22:33:00,16663.949999999997,16661.75,16665.9,16653.2,29.63192111,493717.835407513,green,47.1378258053
2023-01-03 22:54:00,16672.75,16675.449999999997,16691.7,16664.6,71.87183732,1198859.305760883,green,47.5318794133
2023-01-03 23:15:00,16675.75,16675.4,16680.8,16669.3,23.8060277,396975.146572829,red,47.5264010333
2023-01-03 23:36:00,16672.75,16673.15,16676.5,16670.6,24.12786911,402281.507212167,green,47.4175583836
2023-01-03 23:57:00,16673.9,16672.0,16675.0,16665.2,29.58380211,493143.747873612,red,47.5268134748
2023-01-04 00:18:00,16666.75,16666.949999999997,16673.7,16660.6,18.63449939,310640.664604697,red,46.8071621571
2023-01-04 00:39:00,16660.550000000003,16658.95,16660.7,16654.0,28.01353912,466636.070446221,red,46.8279958047
2023-01-04 01:00:00,16689.4,16692.975,16733.0,16660.1,93.44564018,1560890.7026991178,green,47.02913338689999
2023-01-04 01:21:00,16709.45,16710.725000000002,16723.7,16700.3,40.87600384,683160.900496556,red,46.540592475900006
2023-01-04 01:42:00,16704.25,16703.7,16708.1,16698.2,24.43683074,408172.530204238,green,46.377927535
2023-01-04 02:03:00,16713.35,16714.725,16725.5,16706.7,44.97951521,751819.623181906,green,45.9731871368
2023-01-04 02:24:00,16730.5,16732.0,16754.3,16712.7,112.95019628,1890313.596654364,green,46.524239082
2023-01-04 02:45:00,16749.0,16746.4,16759.2,16728.4,89.20019859,1493486.255421304,green,46.5072740562
2023-01-04 03:06:00,16783.050000000003,16791.75,16845.8,16755.1,363.91889796,6118413.221571271,green,49.8622394577
2023-01-04 03:27:00,16812.75,16813.225,16830.3,16797.1,51.343738,863342.038626554,green,50.17785595179999
2023-01-04 03:48:00,16844.15,16852.15,16906.4,16813.9,183.26827254,3090792.4151475597,green,51.53109435169999
2023-01-04 04:09:00,16862.55,16863.275,16876.6,16851.4,49.5251705,835247.9717575391,red,51.8042639121
2023-01-04 04:30:00,16863.05,16863.300000000003,16875.7,16851.4,35.4192641,597465.751060649,green,51.89539509829999
2023-01-04 04:51:00,16860.8,16860.75,16875.7,16845.7,28.82583467,486010.543443377,red,52.0645195393
2023-01-04 05:12:00,16850.05,16848.125,16853.1,16839.3,29.36135962,494658.50640202,green,52.1298534577
2023-01-04 05:33:00,16851.3,16849.175,16853.0,16841.1,23.13587494,389757.686439831,red,52.1101341776
2023-01-04 05:54:00,16851.15,16853.4,16861.7,16849.6,19.79239023,333615.58179694903,green,52.0839303287
2023-01-04 06:15:00,16854.05,16856.175000000003,16864.7,16851.9,34.34852733,579024.767112693,green,52.24221045310001
2023-01-04 06:36:00,16861.5,16860.775,16867.6,16852.5,34.02679716,573601.108707416,green,52.1695173235
2023-01-04 06:57:00,16866.3,16867.95,16889.2,16850.0,71.74695224,1210421.864640301,red,52.4139644988
2023-01-04 07:18:00,16865.75,16863.325,16868.6,16853.2,37.69191457,635482.014959529,green,52.3217087707
2023-01-04 07:39:00,16870.1,16868.3,16876.3,16856.7,32.42567037,547005.904344635,green,52.4567087363
2023-01-04 08:00:00,16880.75,16880.025,16890.1,16868.5,52.81274186,891372.300317171,green,52.5255706384
2023-01-04 08:21:00,16875.85,16874.399999999998,16912.7,16833.2,122.74795298,2071478.125445982,red,53.4654445936
2023-01-04 08:42:00,16860.449999999997,16861.774999999998,16872.6,16853.6,36.34336914,612765.307227814,red,52.2785712315
2023-01-04 09:03:00,16859.55,16859.775,16865.0,16855.0,26.60669418,448550.312592904,green,51.703097835
2023-01-04 09:24:00,16858.4,16857.25,16861.4,16850.8,24.7612325,417318.94829074095,red,51.007002611
2023-01-04 09:45:00,16848.1,16848.3,16861.3,16835.7,50.81428084,856122.114393113,red,50.82442753470001
2023-01-04 10:06:00,16841.85,16841.3,16844.5,16837.0,22.10231825,372241.619344912,green,50.4675175906
2023-01-04 10:27:00,16839.699999999997,16839.699999999997,16843.2,16836.2,19.03297051,320508.628351549,red,50.23677985490001
2023-01-04 10:48:00,16838.35,16838.774999999998,16842.2,16836.2,19.81295102,333649.669075331,green,49.3631922102
2023-01-04 11:09:00,16844.1,16844.875,16851.0,16840.3,26.95636728,454139.591968795,green,49.264698602500005
2023-01-04 11:30:00,16845.8,16846.225,16850.2,16843.1,27.17592193,457864.682499977,red,48.7086135771
2023-01-04 11:51:00,16840.65,16838.65,16848.5,16824.8,52.77168559,888486.86630581,red,48.940611224200005
2023-01-04 12:12:00,16835.25,16835.85,16844.5,16828.4,40.13392608,675730.4345622349,red,48.7496317978
2023-01-04 12:33:00,16821.949999999997,16821.4,16833.3,16808.4,66.24853446,1114253.388366446,red,48.970964815
2023-01-04 12:54:00,16816.5,16817.025,16824.5,16810.6,38.83213395,653061.840498071,green,49.153575415
2023-01-04 13:15:00,16822.699999999997,16824.699999999997,16833.7,16819.7,49.32700244,830062.196939343,green,49.48001791750001
2023-01-04 13:36:00,16822.6,16822.625,16823.1,16822.2,17.08798117,287468.858987765,red,49.392002393800006
2023-01-04 13:57:00,16813.5,16812.449999999997,16822.2,16800.6,43.72471029,735214.9469216231,red,49.5875927745
2023-01-04 14:18:00,16820.1,16819.8,16842.5,16796.5,112.83587743,1897195.621579204,green,50.56138719359999
2023-01-04 14:39:00,16830.05,16832.75,16856.3,16814.6,88.36499473,1487768.997840234,red,51.1620311273
2023-01-04 15:00:00,16817.2,16811.85,16846.0,16767.0,317.17767439,5329422.524613777,red,54.15669280669999
2023-01-04 15:21:00,16813.050000000003,16815.300000000003,16832.3,16802.8,23.67387306,398164.66549355,green,54.208839249
2023-01-04 15:42:00,16833.050000000003,16834.625,16856.8,16815.6,46.83938462,788977.1861162661,green,54.38656043190001
2023-01-04 16:03:00,16860.15,16861.425000000003,16893.9,16831.5,104.3472394,1760570.95728574,green,55.1683797759
2023-01-04 16:24:00,16859.4,16861.4,16878.4,16848.4,61.09528661,1030132.163104583,red,55.3240141997
2023-01-04 16:45:00,16849.3,16851.725,16865.0,16843.3,47.67686296,803541.986494449,green,54.8538759683
2023-01-04 17:06:00,16862.4,16861.85,16874.5,16848.1,26.28974978,443230.25207247,green,54.78794545899999
2023-01-04 17:27:00,16895.65,16900.15,16936.0,16873.3,218.69644699,3697545.423631592,green,56.4695882465
2023-01-04 17:48:00,16910.6,16904.074999999997,16920.1,16875.0,72.26232308,1221410.761060438,red,57.1106702519
2023-01-04 18:09:00,16910.1,16910.85,16925.6,16897.6,46.45182258,785693.465882211,green,57.323661138000006
2023-01-04 18:30:00,16941.45,16945.025,16981.4,16915.8,124.95559283,2118508.930796053,green,58.405268473
2023-01-04 18:51:00,16927.5,16930.4,16989.0,16877.6,305.2597734,5167525.216074333,red,61.0454845446
2023-01-04 19:12:00,16841.85,16844.6,16905.0,16789.7,149.92730477,2526272.133147742,red,62.209395351800005
2023-01-04 19:33:00,16808.65,16812.475,16842.7,16789.9,45.4714609,765013.228203784,green,62.247486137
2023-01-04 19:54:00,16825.5,16828.175,16847.0,16814.7,41.72331323,702365.2253206681,green,62.4551977407
2023-01-04 20:15:00,16825.5,16829.725,16847.7,16820.2,36.93253387,621748.010084208,red,62.4365649313
2023-01-04 20:36:00,16802.949999999997,16802.199999999997,16821.3,16781.6,105.37852006,1770523.751076987,red,63.135897607
2023-01-04 20:57:00,16797.65,16798.15,16812.7,16784.6,24.16166327,405989.745508368,green,63.0977755504
2023-01-04 21:18:00,16812.9,16815.775,16826.7,16810.6,36.34760658,611359.92173543,green,63.2881096291
2023-01-04 21:39:00,16818.949999999997,16819.174999999996,16823.7,16815.1,19.46526917,327381.029468022,green,63.3152027101
2023-01-04 22:00:00,16819.6,16821.074999999997,16828.7,16816.4,17.60482046,296189.751355142,red,63.38747505400001
2023-01-04 22:21:00,16826.25,16826.7,16837.9,16816.4,33.68565169,566793.726166982,green,63.5794378011
2023-01-04 22:42:00,16833.05,16832.825,16848.0,16817.2,21.51975581,362301.730666951,red,62.925665609
2023-01-04 23:03:00,16839.5,16838.95,16849.3,16827.5,42.66000956,718312.581669137,green,62.96515488
2023-01-04 23:24:00,16854.6,16854.199999999997,16865.2,16842.4,29.02816958,489219.858029873,green,62.97065209749999
2023-01-04 23:45:00,16857.25,16856.55,16860.5,16851.2,45.9115234,773823.734069857,red,63.04077213079999
2023-01-05 00:06:00,16860.75,16862.65,16875.1,16854.0,40.6407299,685498.142358741,green,63.10195032330001
2023-01-05 00:27:00,16855.75,16855.75,16867.5,16844.0,30.61459078,516133.329743625,red,63.172392145900005
2023-01-05 00:48:00,16830.949999999997,16830.975,16844.2,16817.8,86.45449769,1455344.809430251,red,63.7344614398
2023-01-05 01:09:00,16825.8,16823.6,16833.9,16808.9,22.55878618,379378.259359872,green,63.4488017572
2023-01-05 01:30:00,16838.75,16840.075,16849.0,16833.8,33.98890206,572478.669494676,green,61.4235477294
2023-01-05 01:51:00,16837.5,16836.300000000003,16843.8,16826.4,22.25034895,374563.426109307,red,59.3846429956
2023-01-05 02:12:00,16830.85,16830.25,16831.2,16828.1,15.98827495,269076.908694982,red,58.0858803869
2023-01-05 02:33:00,16835.45,16835.449999999997,16840.3,16830.6,8.99029729,151355.16912952802,green,57.6976106377
2023-01-05 02:54:00,16837.35,16835.9,16840.3,16828.6,28.63796728,482068.226189763,red,56.823467834000006
2023-01-05 03:15:00,16829.05,16828.775,16834.5,16822.5,25.27368805,425330.267358391,red,55.91414660539999
2023-01-05 03:36:00,16824.699999999997,16824.175,16827.6,16819.7,27.72422855,466408.314648983,green,55.58452147
2023-01-05 03:57:00,16829.6,16829.5,16833.7,16825.1,27.30548704,459475.403701396,green,55.4098923668
2023-01-05 04:18:00,16832.95,16832.925000000003,16833.4,16832.4,8.620676079999999,145113.363487958,red,55.1438937197
2023-01-05 04:39:00,16835.75,16836.825,16843.6,16832.2,37.07237345,624211.196969155,green,55.2013604055
2023-01-05 05:00:00,16841.9,16841.5,16844.7,16837.5,21.48729929,361852.127276636,green,55.0303309647
2023-01-05 05:21:00,16842.35,16835.774999999998,16847.2,16811.2,74.1638895,1248556.949266965,red,55.514451351400005
2023-01-05 05:42:00,16841.5,16841.475,16842.9,16840.0,11.20117068,188637.767875124,green,55.4147404447
2023-01-05 06:03:00,16840.0,16839.95,16842.9,16836.9,10.5871971,178292.26627463,red,55.24699435750001
2023-01-05 06:24:00,16827.55,16826.725,16837.1,16814.7,40.01334397,673205.155269173,red,55.2939948915
2023-01-05 06:45:00,16816.9,16818.275,16823.7,16815.6,32.82545006,552142.460704334,red,55.149509087800006
2023-01-05 07:06:00,16805.25,16806.199999999997,16819.7,16794.6,30.07046771,505510.319545726,red,54.4443251625
2023-01-05 07:27:00,16805.1,16805.1,16817.3,16792.9,37.13249619,624105.488732703,green,54.57762653379999
2023-01-05 07:48:00,16820.35,16820.35,16826.1,16814.6,39.15874711,658662.939103934,green,54.7528540647
2023-01-05 08:09:00,16821.15,16820.575,16825.3,16814.7,27.1883782,457291.01111308,red,54.7100564361
2023-01-05 08:30:00,16815.25,16810.375,16817.2,16793.8,38.50463622,647010.85411173,red,54.5450384002
2023-01-05 08:51:00,16804.55,16803.225,16813.4,16790.4,51.4608997,864676.005150559,red,54.8243761634
2023-01-05 09:12:00,16800.6,16801.774999999998,16810.2,16795.7,27.10000448,455424.505602659,green,54.664406520700005
2023-01-05 09:33:00,16797.45,16796.6,16805.5,16786.0,55.22149377,927462.758026218,red,54.92030224729999
2023-01-05 09:54:00,16802.8,16802.95,16816.9,16789.3,46.57316201,782703.869811261,green,54.66731549419999
2023-01-05 10:15:00,16818.9,16820.7,16828.7,16816.3,28.73306065,483428.658695081,green,54.7165858237
2023-01-05 10:36:00,16824.9,16825.975000000002,16832.8,16821.3,27.25508922,458629.691832899,green,54.74785802480001
2023-01-05 10:57:00,16826.449999999997,16826.425,16828.6,16824.2,13.20538233,222191.259121825,red,54.58407382699999
2023-01-05 11:18:00,16825.95,16824.125,16827.7,16816.9,22.42066278,377128.095483473,green,54.621935460900005
2023-01-05 11:39:00,16830.15,16831.050000000003,16836.3,16827.6,49.04397754,825489.33168585,green,54.832239845100005
2023-01-05 12:00:00,16826.55,16826.525,16832.6,16820.4,23.25758265,391395.912827533,red,54.1303592698
2023-01-05 12:21:00,16825.35,16824.675,16830.9,16817.1,33.39578974,561799.23312332,green,54.0555571288
2023-01-05 12:42:00,16824.699999999997,16824.65,16830.3,16818.9,25.93369244,436349.847063823,red,54.0705257458
2023-01-05 13:03:00,16814.25,16814.85,16829.9,16801.0,83.06262312,1396411.50973927,red,54.4513568249
2023-01-05 13:24:00,16802.2,16800.7,16818.2,16780.2,93.32335441,1567766.926005574,red,54.2550884062
2023-01-05 13:45:00,16790.6,16785.05,16799.0,16760.0,65.30153396,1095706.824821994,red,54.0161017599
2023-01-05 14:06:00,16796.9,16798.05,16813.2,16785.2,37.96451805,637949.029638767,green,50.7565579608
2023-01-05 14:27:00,16791.4,16792.425000000003,16817.4,16769.5,102.24497963,1717051.317943616,red,51.265570377100005
2023-01-05 14:48:00,16810.800000000003,16815.0,16873.7,16764.7,153.1516821,2577256.154378876,green,50.9644044727
2023-01-05 15:09:00,16848.800000000003,16850.925000000003,16867.1,16839.0,76.84214229999999,1294843.096155369,green,51.2375741907
2023-01-05 15:30:00,16857.5,16860.075,16877.3,16848.0,46.27744881,780289.869106458,green,51.3461560378
2023-01-05 15:51:00,16859.25,16853.625,16864.3,16831.7,44.38316093,747767.540157143,red,51.5017293004
2023-01-05 16:12:00,16845.300000000003,16845.2,16861.2,16829.0,36.55622552,615692.243371485,red,51.5736779594
2023-01-05 16:33:00,16836.0,16834.85,16841.2,16826.2,27.95562694,470592.470050179,red,51.6218754794
2023-01-05 16:54:00,16836.949999999997,16837.699999999997,16844.1,16832.8,29.60652019,498498.642865051,green,51.720016779
2023-01-05 17:15:00,16834.5,16833.025,16840.7,16822.4,34.03677926,572811.402964741,red,51.71689929829999
2023-01-05 17:36:00,16824.0,16824.025,16830.8,16817.3,22.05472109,371002.594687427,red,51.5971785376
2023-01-05 17:57:00,16815.4,16812.75,16817.4,16802.8,47.95168382,806130.9459841771,red,51.359225853400005
2023-01-05 18:18:00,16824.6,16827.199999999997,16846.2,16813.4,43.12124134,726028.20760749,green,51.4135191211
2023-01-05 18:39:00,16838.4,16838.850000000002,16842.9,16835.7,41.9378617,706193.57736932,green,51.5086410344
2023-01-05 19:00:00,16840.85,16841.35,16843.0,16840.7,17.09532021,287913.437908423,red,51.1514668179
2023-01-05 19:21:00,16844.3,16841.275,16847.9,16828.6,49.64027303,835873.579046547,green,50.42039001839999
2023-01-05 19:42:00,16854.9,16857.550000000003,16872.5,16847.9,83.44629139,1406795.423703182,green,50.89141924090001
2023-01-05 20:03:00,16856.95,16858.425,16867.8,16852.0,62.20702459,1049080.199232053,red,51.247422545
2023-01-05 20:24:00,16853.9,16853.125,16858.4,16846.3,38.0941344,641965.954629472,green,51.380751564
2023-01-05 20:45:00,16855.95,16855.324999999997,16856.3,16853.1,26.30902436,443453.942166362,green,51.1356989992
2023-01-05 21:06:00,16849.300000000003,16849.475,16859.2,16840.1,33.5195811,564860.321557206,red,51.2498716277
2023-01-05 21:27:00,16845.35,16844.875,16851.4,16837.4,38.63651934,650674.2483989759,green,51.445907116
2023-01-05 21:48:00,16848.15,16847.350000000002,16849.9,16843.2,22.13199232,372875.420265727,green,51.469097529
2023-01-05 22:09:00,16851.05,16851.175,16853.9,16848.7,13.24974224,223281.252537529,green,51.3320312786
2023-01-05 22:30:00,16845.35,16845.35,16853.4,16837.3,14.52982412,244767.024889008,red,51.20557030049999
2023-01-05 22:51:00,16833.7,16834.45,16846.4,16824.0,50.78194609,854970.021259809,red,51.1856729055
2023-01-05 23:12:00,16827.45,16827.15,16835.4,16818.3,38.09693221,641045.033427555,red,51.1653029668
2023-01-05 23:33:00,16827.95,16829.575,16837.4,16825.0,22.19695517,373532.419318419,green,50.724787173900005
2023-01-05 23:54:00,16830.25,16830.1,16832.3,16827.6,14.77073986,248590.838736564,red,50.484173233
2023-01-06 00:15:00,16840.9,16840.5,16852.2,16828.0,23.79428887,400704.248730653,green,50.22884609729999
2023-01-06 00:36:00,16855.55,16857.699999999997,16868.8,16850.9,101.85323495,1716970.424647045,green,51.0764986351
2023-01-06 00:57:00,16858.85,16857.725,16859.0,16854.2,14.66565548,247208.832403257,red,50.785908087
2023-01-06 01:18:00,16854.4,16854.325,16858.8,16849.7,5.10078008,85954.762423852,red,49.7085571135
2023-01-06 01:39:00,16836.699999999997,16836.25,16850.2,16821.4,13.9555536,234979.148462669,red,48.9644627022
2023-01-06 02:00:00,16826.6,16821.625,16831.1,16802.2,54.23879533,911972.6329766972,green,46.335073911600006
2023-01-06 02:21:00,16829.6,16827.8,16830.0,16822.0,27.00290343,454367.579922981,red,46.3683642153
2023-01-06 02:42:00,16833.65,16833.525,16837.9,16828.9,13.76057352,231593.72516813,green,46.0375761043
2023-01-06 03:03:00,16835.85,16833.975,16837.9,16826.3,24.99437727,420662.899759938,red,45.244047483
2023-01-06 03:24:00,16835.65,16835.7,16837.8,16833.7,20.30527918,341854.110095489,green,44.8361474087
2023-01-06 03:45:00,16835.1,16835.074999999997,16837.5,16832.6,13.49008177,227116.909809964,red,44.4942795968
2023-01-06 04:06:00,16825.15,16823.025,16832.8,16809.0,32.4258112,545369.825061596,red,44.555640211
2023-01-06 04:27:00,16816.6,16814.399999999998,16817.7,16806.7,22.69691337,381614.921445454,red,42.5956448748
2023-01-06 04:48:00,16816.9,16818.0,16823.5,16814.7,16.3587039,275158.627294312,green,42.036608683
2023-01-06 05:09:00,16815.9,16816.15,16819.4,16813.4,13.00286608,218658.515904734,red,41.702119118
2023-01-06 05:30:00,16807.35,16806.075,16813.4,16796.2,40.58724222,682013.975003507,red,40.8584356119
2023-01-06 05:51:00,16806.15,16806.375,16812.0,16801.2,18.63829607,313235.960479655,green,37.9922208386
2023-01-06 06:12:00,16805.1,16805.125,16811.2,16799.1,24.61344112,413616.915951696,red,36.7390822021
2023-01-06 06:33:00,16797.3,16794.125,16799.9,16782.0,63.93063616,1073643.4157544,red,36.9236739547
2023-01-06 06:54:00,16790.45,16790.325,16795.5,16784.9,21.94389329,368415.298229989,red,36.7258797553
2023-01-06 07:15:00,16791.85,16790.9,16799.9,16780.0,45.47094913,763392.07151367,green,36.8112639079
2023-01-06 07:36:00,16794.4,16793.9,16798.3,16788.5,57.49543237,965564.09285377,red,36.332433031
2023-01-06 07:57:00,16797.8,16797.8,16805.1,16790.5,98.88015462,1660776.611300764,green,37.0796179445
2023-01-06 08:18:00,16806.65,16808.35,16815.1,16805.0,54.08299385,909207.101429598,green,37.2569718172
2023-01-06 08:39:00,16804.85,16804.824999999997,16808.2,16801.4,14.00660405,235416.939743762,red,37.202385166
2023-01-06 09:00:00,16787.4,16786.075,16801.5,16768.0,41.49548067,696287.121666364,red,37.4412917681
2023-01-06 09:21:00,16774.800000000003,16774.300000000003,16782.5,16765.1,60.2118298,1010106.256900116,green,37.7065535492
2023-01-06 09:42:00,16782.05,16783.0,16791.7,16776.2,28.11802137,471960.697414322,green,37.7725362048
2023-01-06 10:03:00,16789.95,16789.525,16792.1,16786.1,21.77425743,365548.390214843,green,37.5636786835
2023-01-06 10:24:00,16795.0,16794.925000000003,16799.3,16790.4,37.94242473,637225.116398987,green,37.652821235000005
2023-01-06 10:45:00,16778.55,16778.55,16797.9,16759.2,51.0520113,856372.732525469,red,37.704226114
2023-01-06 11:06:00,16748.5,16743.325,16759.3,16717.0,176.4089444,2953069.476625112,red,39.061908259
2023-01-06 11:27:00,16745.05,16743.274999999998,16752.3,16730.7,57.32933777,959657.144831676,green,39.3290557289
2023-01-06 11:48:00,16743.6,16743.3,16752.3,16733.7,45.08636412,754870.197345773,red,38.9153743932
2023-01-06 12:09:00,16728.75,16729.55,16738.4,16722.3,36.35654897,608304.198908032,red,39.0533520211
2023-01-06 12:30:00,16730.75,16730.65,16739.1,16722.0,48.2956776,808048.400036259,green,39.1964197765
2023-01-06 12:51:00,16727.699999999997,16725.274999999998,16742.1,16703.6,65.43867780000001,1094349.101124523,red,39.628303065
2023-01-06 13:12:00,16742.65,16738.375,16786.6,16681.6,627.4051272,10502326.084101718,green,45.742471587500006
2023-01-06 13:33:00,16774.199999999997,16775.75,16812.1,16742.5,137.77248429,2310917.7666611187,green,47.0302934575
2023-01-06 13:54:00,16766.55,16766.475,16779.9,16752.9,47.65185612,799022.259290588,red,47.2204323459
2023-01-06 14:15:00,16770.45,16767.375,16788.3,16740.3,75.65751185,1268240.016932383,green,47.7242705839
2023-01-06 14:36:00,16768.45,16760.7,16783.5,16722.4,58.22963295,975425.430181562,red,48.0293246279
2023-01-06 14:57:00,16770.05,16768.05,16786.6,16745.5,86.57483144,1451865.155239983,green,48.6220180719
2023-01-06 15:18:00,16795.25,16790.775,16806.6,16766.0,45.18728501,758366.320589816,green,48.9876841612
2023-01-06 15:39:00,16823.050000000003,16822.725000000002,16845.4,16799.4,126.05285192,2121173.798472777,green,49.8774889459
2023-01-06 16:00:00,16828.65,16829.575,16849.9,16811.1,73.51458659000001,1237090.984273393,red,50.3977618189
2023-01-06 16:21:00,16821.6,16821.05,16829.2,16811.8,35.10392324,590348.304094456,green,50.0071621563
2023-01-06 16:42:00,16831.75,16830.975,16842.9,16817.5,41.33858866,695818.098993478,green,50.3085363361
2023-01-06 17:03:00,16829.550000000003,16827.800000000003,16835.0,16817.1,26.90167159,452540.770834431,red,50.47168108100001
2023-01-06 17:24:00,16820.9,16821.45,16827.6,16816.4,32.21048328,541827.118047993,red,50.3936524741
2023-01-06 17:45:00,16830.2,16829.65,16842.7,16815.5,32.50355535,546887.56875023,green,50.390433527000006
2023-01-06 18:06:00,16846.85,16848.125,16859.0,16839.8,57.40618255,967232.677155244,green,50.6637906754
2023-01-06 18:27:00,16848.6,16850.225,16857.7,16846.0,37.60672696,633806.579935166,red,50.6685329831
2023-01-06 18:48:00,16847.35,16847.824999999997,16854.1,16842.5,27.23775507,458896.076485868,green,50.5493230627
2023-01-06 19:09:00,16855.2,16856.825,16868.5,16848.4,38.85943411,655195.45240291,green,50.6660336218
2023-01-06 19:30:00,16897.3,16901.0,16947.6,16861.8,247.39237281,4184460.808586557,green,52.75491098770001
2023-01-06 19:51:00,16961.85,16962.775,16997.4,16930.0,224.29671025,3804251.062441982,green,54.48326909319999
2023-01-06 20:12:00,16970.6,16976.574999999997,17027.1,16938.0,174.08024709,2956285.30478017,red,55.9530715193
2023-01-06 20:33:00,16933.5,16934.4,16956.6,16914.0,45.46854653,770282.422799117,red,55.8555420469
2023-01-06 20:54:00,16912.1,16908.449999999997,16919.7,16889.9,54.53379574,921732.316311361,red,55.935148384200005
2023-01-06 21:15:00,16923.050000000003,16923.075000000004,16938.8,16907.4,37.13381707,628434.059679313,green,56.019155948400005
2023-01-06 21:36:00,16931.1,16932.475,16947.6,16920.1,44.38426259,751565.747378052,red,56.1904476821
2023-01-06 21:57:00,16936.300000000003,16935.925000000003,16949.2,16921.9,42.64830063,722061.16101465,green,56.4848768651
2023-01-06 22:18:00,16948.550000000003,16950.0,16956.4,16946.5,25.12327036,425911.221655701,red,56.51190294090001
2023-01-06 22:39:00,16951.85,16952.699999999997,16966.7,16940.4,47.46653443,804756.468685734,green,56.4961285098
2023-01-06 23:00:00,16965.699999999997,16965.375,16982.3,16947.8,56.29749187,954952.250553056,green,56.826527602
2023-01-06 23:21:00,16963.550000000003,16963.550000000003,16975.7,16951.4,32.40933251,549937.042649409,red,56.8166630297
2023-01-06 23:42:00,16951.45,16952.5,16962.5,16944.6,32.43374081,549849.1895105101,red,56.8816635134
2023-01-07 00:03:00,16948.2,16945.25,16951.5,16933.1,21.57951987,365576.982743298,red,56.2668324809
2023-01-07 00:24:00,16953.35,16953.274999999998,16961.7,16944.7,14.08677471,238745.427892652,green,55.4744666839
2023-01-07 00:45:00,16966.35,16966.25,16978.6,16953.7,36.4085188,617743.846279829,green,55.185536532300006
2023-01-07 01:06:00,16959.1,16958.899999999998,16971.1,16946.3,17.75608664,301118.929237423,red,54.9834522182
2023-01-07 01:27:00,16952.75,16954.575,16965.8,16947.0,33.73399394,572070.637967218,green,54.2983423613
2023-01-07 01:48:00,16954.4,16953.875,16958.6,16948.1,20.22259148,342782.453302283,red,52.9690514551
2023-01-07 02:09:00,16947.9,16944.65,16951.6,16931.2,40.31693299,683187.007004589,red,52.603799362
2023-01-07 02:30:00,16944.3,16941.95,16948.0,16931.2,25.49147302,431908.045572342,red,52.39593960409999
2023-01-07 02:51:00,16945.9,16944.4,16948.7,16937.1,37.24757898,631011.038408128,green,52.3245837846
2023-01-07 03:12:00,16951.0,16950.975,16953.3,16948.6,8.76570034,148594.091389789,green,52.0466785328
2023-01-07 03:33:00,16948.050000000003,16948.050000000003,16953.2,16942.9,18.85080654,319516.727566147,red,51.9556303288
2023-01-07 03:54:00,16946.7,16946.825,16950.9,16943.0,18.71712648,317192.496950383,green,51.8467363917
2023-01-07 04:15:00,16946.3,16946.3,16950.5,16942.1,10.490815,177798.396190797,red,51.6112767491
2023-01-07 04:36:00,16940.550000000003,16940.525,16942.2,16938.8,18.29368623,309895.75408676,red,51.5736664005
2023-01-07 04:57:00,16938.9,16938.875,16938.9,16938.8,3.71728388,62966.474385637,grey,51.13132240109999
2023-01-07 05:18:00,16935.75,16935.7,16938.9,16932.4,8.00266622,135535.396234269,red,50.7801366499
2023-01-07 05:39:00,16933.6,16933.1,16934.9,16930.3,18.94396272,320773.534165573,green,50.5501976601
2023-01-07 06:00:00,16929.5,16928.9,16934.8,16921.8,22.45433513,380071.234841312,red,50.6037878093
2023-01-07 06:21:00,16929.449999999997,16929.425,16934.6,16924.2,17.24157781,291868.389450772,green,50.2798008571
2023-01-07 06:42:00,16934.55,16934.55,16934.6,16934.5,3.152559,53387.158456311,green,49.4768635332
2023-01-07 07:03:00,16939.449999999997,16939.449999999997,16944.4,16934.5,10.04488764,170137.687832698,green,48.95524216369999
2023-01-07 07:24:00,16945.25,16945.25,16946.2,16944.3,5.02390275,85129.743820785,green,48.6245398472
2023-01-07 07:45:00,16948.1,16948.074999999997,16950.1,16946.0,13.06264762,221367.064247799,green,48.4920760798
2023-01-07 08:06:00,16941.0,16940.35,16950.1,16929.3,31.94903776,541186.669328063,red,48.4763706464
2023-01-07 08:27:00,16933.9,16933.375,16935.8,16929.9,18.90448117,320112.854937613,green,48.2790502647
2023-01-07 08:48:00,16930.949999999997,16931.225,16937.0,16926.0,18.56617137,314366.948272797,red,48.24339205519999
2023-01-07 09:09:00,16927.5,16927.5,16928.9,16926.1,16.06163332,271885.580571651,green,48.27151096600001
2023-01-07 09:30:00,16927.6,16927.2,16928.9,16924.7,17.02731274,288218.945526999,red,48.29648585219999
2023-01-07 09:51:00,16927.25,16928.175,16932.0,16926.2,13.84465101,234375.850867169,green,47.9271129014
2023-01-07 10:12:00,16924.15,16924.175000000003,16928.4,16920.0,8.07680997,136703.841331654,red,47.626911679
2023-01-07 10:33:00,16920.65,16919.0,16921.3,16913.4,26.30407044,444980.80504294,green,47.6679828317
2023-01-07 10:54:00,16918.4,16918.45,16921.9,16915.1,20.10259948,340117.338527206,red,47.7213014279
2023-01-07 11:15:00,16918.550000000003,16917.425000000003,16921.7,16910.9,18.98118454,321057.280122627,green,47.6731703846
2023-01-07 11:36:00,16921.699999999997,16921.899999999998,16922.6,16921.6,8.0982005,137038.951885126,green,46.7356200401
2023-01-07 11:57:00,16919.15,16917.75,16921.8,16910.9,26.66127388,450950.450008131,red,46.855576224100005
2023-01-07 12:18:00,16913.5,16913.475,16916.7,16910.2,27.6028046,466884.974572728,red,47.0805964693
2023-01-07 12:39:00,16914.6,16914.55,16918.9,16910.1,20.02202336,338657.634722127,green,47.1412611669
2023-01-07 13:00:00,16920.9,16920.775,16922.9,16918.4,17.585270910000002,297544.847757434,green,46.77472592270001
2023-01-07 13:21:00,16927.05,16928.425,16936.8,16922.8,16.44149394,278416.544438734,green,46.6691118278
2023-01-07 13:42:00,16924.300000000003,16924.15,16931.4,16916.6,21.54633573,364643.888222722,red,46.74696944990001
2023-01-07 14:03:00,16916.75,16914.85,16917.2,16908.7,32.62493952,551770.411663831,red,46.8232750724
2023-01-07 14:24:00,16928.1,16928.125,16940.0,16916.3,29.67502177,502358.683916182,green,46.9169724983
2023-01-07 14:45:00,16937.75,16938.45,16944.9,16933.4,28.67090616,485679.586025976,red,47.0687807422
2023-01-07 15:06:00,16939.1,16939.725,16945.0,16935.7,19.39666114,328634.107977534,green,46.9384892416
2023-01-07 15:27:00,16940.6,16940.575,16942.4,16938.7,15.82189228,268014.898186266,red,46.8697390307
2023-01-07 15:48:00,16933.55,16931.625,16938.8,16920.6,40.12562932,679409.11954083,red,47.1074082849
2023-01-07 16:09:00,16926.9,16927.1,16929.1,16925.5,20.55765348,348002.552767419,red,47.1829561589
2023-01-07 16:30:00,16922.65,16921.95,16925.5,16917.0,20.26874995,342952.233764595,red,46.9797712362
2023-01-07 16:51:00,16920.800000000003,16920.850000000002,16922.1,16919.7,14.04372978,237618.44138007905,green,46.9338255733
2023-01-07 17:12:00,16923.5,16923.525,16925.3,16921.8,5.84436249,98907.617072788,green,46.746134787
2023-01-07 17:33:00,16928.15,16928.25,16931.5,16925.2,10.45900998,177073.245104637,green,46.2114185252
2023-01-07 17:54:00,16931.15,16930.625,16931.3,16928.9,14.75964595,249878.281282384,green,46.139576051800006
2023-01-07 18:15:00,16933.15,16933.125,16935.0,16931.2,12.61347542,213585.944250438,green,45.81100131470001
2023-01-07 18:36:00,16936.25,16936.25,16937.6,16934.9,8.42319669,142663.996165874,green,45.3202789579
2023-01-07 18:57:00,16937.55,16937.525,16937.6,16937.4,7.67701731,130029.127579295,red,44.4082475848
2023-01-07 19:18:00,16937.85,16938.149999999998,16940.2,16936.7,32.09830023,543690.378761886,green,44.1884006486
2023-01-07 19:39:00,16939.85,16939.9,16942.3,16937.6,15.80244885,267672.812487451,green,44.2063590966
2023-01-07 20:00:00,16942.2,16943.325,16947.5,16941.4,36.48927322,618313.705698722,green,44.1562970221
2023-01-07 20:21:00,16940.699999999997,16940.675,16943.1,16938.2,20.01882534,339144.726782366,red,43.75436697749999
2023-01-07 20:42:00,16940.45,16940.925000000003,16944.7,16938.1,32.81156706,555858.697711354,green,43.80130243439999
2023-01-07 21:03:00,16942.4,16942.4,16942.7,16942.1,7.63947665,129430.987141516,red,43.659954626600005
2023-01-07 21:24:00,16940.800000000003,16940.625,16942.2,16938.7,17.28998203,292884.076066836,red,43.45343019960001
2023-01-07 21:45:00,16937.35,16938.725,16947.3,16932.9,30.89983532,523399.9821250161,red,43.2519084398
2023-01-07 22:06:00,16936.25,16937.525,16942.5,16935.1,18.6233302,315438.518206146,green,41.6740522978
2023-01-07 22:27:00,16938.65,16937.4,16940.1,16932.2,17.20941707,291463.052841514,green,41.2728530908
2023-01-07 22:48:00,16939.25,16938.075,16940.9,16932.9,36.05041991,610611.148632932,red,41.1824936487
2023-01-07 23:09:00,16940.65,16941.225,16945.0,16938.6,18.5907083,314986.669946201,green,41.004835242
2023-01-07 23:30:00,16942.949999999997,16943.399999999998,16945.0,16942.7,11.38884798,192970.457653726,green,40.6357669458
2023-01-07 23:51:00,16946.5,16947.1,16952.4,16943.0,28.4623989,482400.52037523,green,40.2660041568
2023-01-08 00:12:00,16942.5,16942.525,16950.1,16935.0,18.19437561,308333.199792215,red,34.1738966409
2023-01-08 00:33:00,16929.65,16926.725,16935.1,16912.5,60.8216372,1029228.577625273,red,33.40438817
2023-01-08 00:54:00,16928.3,16926.65,16932.5,16917.5,25.81615656,436892.290164428,green,33.1860311744
2023-01-08 01:15:00,16930.95,16930.35,16932.5,16927.0,22.46329074,380330.068573614,red,32.6540889633
2023-01-08 01:36:00,16929.300000000003,16926.85,16930.2,16918.6,51.3046409,868308.746762461,red,32.5848390428
2023-01-08 01:57:00,16930.65,16930.65,16932.2,16929.1,12.92567121,218835.681091768,green,31.8483474405
2023-01-08 02:18:00,16926.1,16926.074999999997,16932.2,16919.9,25.29987604,428304.507106607,red,31.6494733508
2023-01-08 02:39:00,16924.25,16924.225,16928.5,16919.9,24.79467157,419598.633167168,green,30.6368915473
2023-01-08 03:00:00,16929.15,16929.175000000003,16930.0,16928.4,3.04044731,51473.387927682,green,29.9321501545
2023-01-08 03:21:00,16930.7,16931.9,16936.4,16929.8,27.47721235,465270.9771940101,green,29.8558830456
2023-01-08 03:42:00,16937.05,16937.075,16942.7,16931.5,23.48975535,397834.936949815,green,29.6773947125
2023-01-08 04:03:00,16941.05,16941.075,16942.7,16939.5,17.57070811,297677.143830184,red,29.584085077700003
2023-01-08 04:24:00,16939.15,16939.15,16939.6,16938.7,4.4015526,74558.950013561,red,29.3059957709
2023-01-08 04:45:00,16937.7,16937.275,16938.8,16934.9,10.16056097,172095.777465318,red,29.0825658271
2023-01-08 05:06:00,16936.6,16936.6,16936.7,16936.5,6.91106087,117049.559073432,red,28.5776146103
2023-01-08 05:27:00,16936.699999999997,16936.6,16936.8,16936.2,16.57830016,280777.887241384,green,28.3673303423
2023-01-08 05:48:00,16938.35,16938.325,16939.9,16936.7,10.32446088,174878.695113625,green,28.1981974004
2023-01-08 06:09:00,16938.5,16938.525,16939.9,16937.2,4.85142616,82181.879065575,red,27.8581173209
2023-01-08 06:30:00,16936.85,16936.85,16937.3,16936.4,12.30334723,208382.885997086,red,25.5072270651
2023-01-08 06:51:00,16941.6,16941.949999999997,16948.2,16936.4,19.09247518,323487.913327379,green,23.4551847144
2023-01-08 07:12:00,16947.35,16947.35,16948.0,16946.7,7.908798219999999,134034.471395826,green,21.7934702257
2023-01-08 07:33:00,16948.55,16948.6,16949.4,16947.9,13.42086247,227469.496515517,green,21.4729933851
2023-01-08 07:54:00,16950.4,16950.600000000002,16952.4,16949.2,17.369902789999998,294445.785709407,green,21.101354455600003
2023-01-08 08:15:00,16948.05,16948.025,16951.6,16944.4,11.8971969,201639.029566217,red,20.848988253900004
2023-01-08 08:36:00,16943.5,16943.475,16944.5,16942.4,12.09025104,204852.244513766,red,20.5260481384
2023-01-08 08:57:00,16944.15,16944.15,16945.9,16942.4,28.14896909,476934.716404699,green,20.381054823
2023-01-08 09:18:00,16951.65,16953.25,16963.9,16945.8,29.63903455,502625.19807102,green,20.4262124649
2023-01-08 09:39:00,16945.199999999997,16943.35,16957.3,16925.7,52.84171402,894925.837388007,red,20.4799642608
2023-01-08 10:00:00,16935.65,16935.800000000003,16938.8,16933.1,16.93358271,286793.554563066,green,20.0863251692
2023-01-08 10:21:00,16937.699999999997,16937.65,16938.3,16936.9,12.77238719,216336.920619178,red,19.889955716
2023-01-08 10:42:00,16937.1,16937.074999999997,16937.1,16937.0,4.81179819,81497.76932906901,grey,19.6137362898
2023-01-08 11:03:00,16936.55,16936.55,16937.1,16936.0,4.25479824,72062.855406268,red,19.4404890735
2023-01-08 11:24:00,16936.05,16936.025,16936.1,16935.9,4.95087248,83847.790818359,red,19.3491300512
2023-01-08 11:45:00,16932.15,16932.6,16939.0,16927.1,33.53842685,567958.29391366,red,19.3204291317
2023-01-08 12:06:00,16927.800000000003,16927.800000000003,16928.4,16927.2,8.42022555,142538.87070924,red,19.2270705208
2023-01-08 12:27:00,16927.3,16927.125,16927.6,16926.3,13.25756004,224409.178225966,grey,19.0223061818
2023-01-08 12:48:00,16925.75,16925.75,16927.3,16924.2,9.27303656,156951.91236411,red,18.9128106326
2023-01-08 13:09:00,16928.699999999997,16928.649999999998,16933.1,16924.1,21.09156919,357004.00875448104,green,18.720556994600003
2023-01-08 13:30:00,16931.8,16931.8,16933.1,16930.5,8.49441074,143831.655457363,red,18.5505863718
2023-01-08 13:51:00,16931.25,16931.25,16931.9,16930.6,7.24088813,122596.482440343,green,18.2505194633
2023-01-08 14:12:00,16935.3,16935.3,16938.8,16931.8,23.15763539,392165.746245282,green,18.3944388138
2023-01-08 14:33:00,16943.6,16943.575,16948.4,16938.7,20.68030795,350429.561510996,green,18.4127338279
2023-01-08 14:54:00,16945.9,16947.05,16957.1,16939.3,43.07145299,729962.4146388649,red,18.656277093
2023-01-08 15:15:00,16945.7,16945.7,16948.0,16943.4,18.2518772,309289.59994352004,green,18.733887715
2023-01-08 15:36:00,16966.4,16969.9,16998.9,16947.9,144.28633757,2450375.742663822,green,19.9938142284
2023-01-08 15:57:00,16967.3,16975.675,17018.5,16949.6,243.62340148,4138320.730211546,red,22.3928754044
2023-01-08 16:18:00,16939.3,16942.25,16970.2,16920.2,101.61950785,1721777.69997123,red,23.329043820700004
2023-01-08 16:39:00,16934.2,16936.375,16948.2,16928.9,46.5113413,787983.558348163,green,23.6047176065
2023-01-08 17:00:00,16943.65,16940.6,16948.5,16926.6,33.18589532,562071.814892715,green,23.7120332084
2023-01-08 17:21:00,16943.15,16941.875,16947.9,16933.3,46.58800404,789134.935999548,red,24.005497470700004
2023-01-08 17:42:00,16930.2,16930.15,16939.0,16921.2,79.35942297,1343445.915653206,red,24.7675661104
2023-01-08 18:03:00,16927.85,16927.725,16933.7,16921.5,28.6934368,485659.93247978296,green,24.954051602
2023-01-08 18:24:00,16930.25,16930.3,16934.0,16926.7,18.75363015,317545.622170584,red,25.091348876
2023-01-08 18:45:00,16926.800000000003,16926.550000000003,16927.0,16925.6,24.91482662,421720.088019716,green,25.209870666
2023-01-08 19:06:00,16930.0,16929.775,16933.2,16925.9,19.97781724,338206.284310766,green,25.0901584608
2023-01-08 19:27:00,16935.0,16934.55,16936.9,16931.3,17.60414254,298077.683682568,green,25.0771550745
2023-01-08 19:48:00,16933.050000000003,16932.45,16936.9,16926.8,29.19837189,494361.530269416,red,25.1834770797
2023-01-08 20:09:00,16943.949999999997,16946.449999999997,16968.7,16929.2,112.56336073,1907977.283256209,green,26.1484943538
2023-01-08 20:30:00,16964.75,16966.025,16979.4,16955.2,74.20206585,1258906.726799044,green,26.7202418849
2023-01-08 20:51:00,16971.5,16970.025,16974.6,16962.5,46.56137155,790128.307457695,green,27.0474090903
2023-01-08 21:12:00,16971.6,16970.675,16973.8,16965.7,33.25643561,564340.658206223,red,27.2992053467
2023-01-08 21:33:00,16963.300000000003,16965.075,16985.1,16948.6,90.27893346,1532086.426773902,red,27.9389539769
2023-01-08 21:54:00,16957.65,16955.175000000003,16960.0,16945.4,27.74639261,470425.37611743103,green,28.0153919082
2023-01-08 22:15:00,16960.95,16961.7,16966.4,16958.5,33.5977834,569932.395166464,green,28.1615578968
2023-01-08 22:36:00,16966.6,16967.125,16973.4,16961.9,45.34603628,769397.727503762,green,28.5340362546
2023-01-08 22:57:00,17011.550000000003,17016.850000000002,17079.0,16965.3,305.90963081,5210793.265131525,green,31.3265198239
2023-01-08 23:18:00,17044.300000000003,17046.550000000003,17066.9,17030.7,92.94489043,1584605.4844029,red,31.9799406822
2023-01-08 23:39:00,17082.050000000003,17090.95,17163.1,17036.6,177.94969025,3043037.592532291,green,33.5592173511
2023-01-09 00:00:00,17125.8,17139.15,17185.9,17119.1,226.5167655,3883950.771980681,red,35.648532297
2023-01-09 00:21:00,17131.2,17128.275,17144.4,17106.3,79.62600213,1363389.33548142,green,36.2803773789
2023-01-09 00:42:00,17155.9,17161.8,17197.6,17137.8,137.4838465,2360388.252655095,green,37.4397524866
2023-01-09 01:03:00,17167.6,17166.05,17184.9,17144.1,172.51016473,2960341.362374217,red,38.8386047387
2023-01-09 01:24:00,17169.8,17178.2,17222.5,17150.7,181.93250423,3127089.930111249,green,40.3611795633
2023-01-09 01:45:00,17174.0,17177.675,17202.2,17160.5,42.36689953,728090.6337354811,red,40.498139497
2023-01-09 02:06:00,17185.9,17191.625,17225.0,17169.7,103.19693677,1774979.169347734,green,41.3361422533
2023-01-09 02:27:00,17210.15,17217.825,17250.0,17201.0,154.79759962,2667236.537137099,green,42.7258993267
2023-01-09 02:48:00,17201.1,17201.625,17222.0,17182.3,70.87058689999999,1218833.093967133,red,43.0333489025
2023-01-09 03:09:00,17186.5,17188.275,17199.1,17181.0,27.4981809,472681.062320368,green,43.1027541767
2023-01-09 03:30:00,17193.75,17196.65,17215.2,17183.9,57.56879487,990238.212676109,green,43.4757546259
2023-01-09 03:51:00,17197.550000000003,17203.475000000002,17222.9,17195.9,36.48212927,627692.983906943,red,43.7001386208
2023-01-09 04:12:00,17209.9,17212.65,17234.1,17196.7,43.82377856,754481.650833974,green,44.07993278149999
2023-01-09 04:33:00,17224.3,17228.775,17243.5,17223.0,78.16861856,1347099.34799202,green,44.7570288673
2023-01-09 04:54:00,17228.15,17227.575,17233.9,17220.1,51.75257766,891495.7517472369,green,45.1269581844
2023-01-09 05:15:00,17231.4,17237.425000000003,17256.8,17230.1,51.04701218,880111.9699610721,green,45.511293552
2023-01-09 05:36:00,17220.5,17217.475,17231.9,17197.0,75.58001812,1300741.476747451,red,46.1828617663
2023-01-09 05:57:00,17207.949999999997,17205.3,17209.9,17195.4,62.70398227,1078693.745711761,red,46.7331314159
2023-01-09 06:18:00,17208.05,17208.15,17212.0,17204.5,13.4469093,231382.221052007,green,46.54661750659999
2023-01-09 06:39:00,17198.2,17197.25,17211.2,17181.4,25.12753745,432034.828659994,red,46.6398683926
2023-01-09 07:00:00,17192.9,17192.775,17198.9,17186.4,31.86960765,547847.242953366,green,46.593671736900006
2023-01-09 07:21:00,17196.95,17197.875,17210.0,17187.6,41.32467462,710863.0732580681,red,46.80673022970001
2023-01-09 07:42:00,17195.25,17196.125,17200.8,17193.2,41.6753953,716742.973152093,green,46.895368512100006
2023-01-09 08:03:00,17199.45,17197.8,17205.0,17187.3,53.81575634,925402.337407052,green,47.357131309
2023-01-09 08:24:00,17209.449999999997,17208.85,17218.1,17198.4,46.78363445,804998.525216926,green,47.6520678332
2023-01-09 08:45:00,17206.699999999997,17210.024999999998,17236.0,17190.7,62.50810659,1076081.980848431,red,47.9681505459
2023-01-09 09:06:00,17205.050000000003,17205.4,17215.7,17195.8,20.11836935,346066.561760635,green,47.9831009374
2023-01-09 09:27:00,17228.55,17231.3,17255.6,17212.5,120.3318684,2074255.874423071,green,49.0143254507
2023-01-09 09:48:00,17244.15,17247.45,17263.8,17237.7,88.0136078,1518205.948460026,red,49.5339573296
2023-01-09 10:09:00,17254.800000000003,17257.25,17279.0,17240.4,67.00220725,1156484.478531899,green,50.0180723191
2023-01-09 10:30:00,17263.65,17267.025,17283.3,17257.5,66.07923724,1141099.68201349,red,50.56497621170001
2023-01-09 10:51:00,17264.15,17264.45,17275.4,17254.1,47.15161309,814139.915715495,green,50.7518683536
2023-01-09 11:12:00,17266.45,17264.975,17272.0,17255.0,42.79985745,738889.823428488,green,50.997923172
2023-01-09 11:33:00,17257.0,17256.775,17266.9,17246.2,35.24133754,608236.231764992,red,50.7421201754
2023-01-09 11:54:00,17245.65,17244.05,17247.2,17237.7,33.80980716,582961.187221366,red,50.8220566814
2023-01-09 12:15:00,17242.75,17241.275,17248.4,17231.2,58.33330387,1005827.799396194,red,51.1807568127
2023-01-09 12:36:00,17245.15,17245.65,17252.3,17240.0,25.42723038,438557.367366378,green,50.9219827075
2023-01-09 12:57:00,17253.5,17252.85,17258.1,17246.3,38.35975766,661719.267364321,green,51.176323572
2023-01-09 13:18:00,17266.3,17267.2,17279.0,17257.2,53.60784658,925665.8255296368,green,51.4594032774
2023-01-09 13:39:00,17249.8,17244.75,17288.2,17191.2,179.36610475,3093884.9990178538,red,53.005117609200006
2023-01-09 14:00:00,17231.1,17226.8,17237.1,17207.9,54.57073733,940009.219206853,green,53.5204205094
2023-01-09 14:21:00,17236.65,17238.875,17261.5,17220.7,82.79483511000001,1427616.621359251,red,54.073596737
2023-01-09 14:42:00,17256.0,17255.375,17277.6,17231.9,56.3201571,972044.021145451,green,54.401900754500005
2023-01-09 15:03:00,17254.949999999997,17263.375,17309.6,17234.0,150.96705762,2608145.997713454,red,55.7358642496
2023-01-09 15:24:00,17258.75,17257.875,17283.5,17230.5,58.89277417,1016197.841228656,green,56.2807764653
2023-01-09 15:45:00,17276.45,17285.525,17330.0,17259.2,154.9055502,2679771.8466064017,red,57.72822635759999
2023-01-09 16:06:00,17300.300000000003,17301.925000000003,17337.8,17269.3,166.00426056,2871443.104337881,green,59.3191583545
2023-01-09 16:27:00,17332.25,17325.95,17341.9,17297.4,57.16051576,990184.868782439,green,59.7249805105
2023-01-09 16:48:00,17329.75,17330.9,17352.8,17311.3,109.90068621,1905004.097143332,red,60.7207427638
2023-01-09 17:09:00,17340.300000000003,17342.550000000003,17370.0,17319.6,186.47297358,3236714.237897745,green,62.536958238
2023-01-09 17:30:00,17340.550000000003,17338.975,17354.7,17320.1,60.02163633,1040344.533696156,red,63.014141129
2023-01-09 17:51:00,17349.65,17352.9,17385.9,17326.4,92.05337918,1598176.128153584,green,63.743750169
2023-01-09 18:12:00,17377.9,17380.275,17394.6,17370.7,123.48486533,2146509.798573318,green,64.8995108401
2023-01-09 18:33:00,17358.65,17357.675,17385.2,17328.2,198.13741356,3438471.7830843967,red,66.74667635099999
2023-01-09 18:54:00,17333.6,17332.5,17350.6,17312.2,86.80432959,1504597.476725315,red,67.441020619
2023-01-09 19:15:00,17335.15,17334.175000000003,17341.3,17325.1,28.28786109,490375.336715196,green,67.6049272609
2023-01-09 19:36:00,17327.1,17327.074999999997,17337.5,17316.6,38.50225535,667070.947724771,red,67.86904730399999
2023-01-09 19:57:00,17280.25,17276.375,17316.7,17228.3,320.83210311,5540822.414664909,red,70.7958786442
2023-01-09 20:18:00,17225.8,17229.9,17263.6,17204.4,144.68433718,2493555.931003763,red,71.9463316705
2023-01-09 20:39:00,17212.8,17208.7,17230.9,17178.3,108.47731543,1866301.111030147,green,72.50268768459999
2023-01-09 21:00:00,17221.050000000003,17215.775,17228.4,17192.6,38.63009796,664916.680661473,green,72.7196528371
2023-01-09 21:21:00,17201.949999999997,17204.949999999997,17246.9,17169.0,76.10213046,1309494.311167153,red,73.3529502698
2023-01-09 21:42:00,17175.1,17176.949999999997,17191.2,17166.4,64.43072654,1106841.194589005,red,73.9491395533
2023-01-09 22:03:00,17184.85,17184.975,17199.9,17170.3,28.83962329,495621.772833903,green,74.19498780379999
2023-01-09 22:24:00,17208.4,17208.875,17219.4,17199.3,35.12080146,604469.1288785,green,74.4966870936
2023-01-09 22:45:00,17202.85,17202.725,17217.5,17187.7,44.57317304,766620.5739816041,red,74.6070345555
2023-01-09 23:06:00,17182.300000000003,17170.5,17188.4,17129.0,113.8462518,1953478.76309664,red,75.661294818
2023-01-09 23:27:00,17183.85,17182.75,17193.1,17170.2,32.59765705,560217.564066047,green,75.8546957881
2023-01-09 23:48:00,17187.7,17188.075,17197.2,17179.7,36.17743465,621853.900087475,red,76.123739769
2023-01-10 00:09:00,17189.25,17188.925,17196.4,17180.8,31.2652384,537392.772639256,green,76.2254764611
2023-01-10 00:30:00,17202.25,17203.325,17215.9,17192.9,52.71534419,907208.462468649,green,76.6676857956
2023-01-10 00:51:00,17215.85,17217.375,17233.3,17204.5,37.44447591,644718.046842977,green,76.9697216734
2023-01-10 01:12:00,17206.2,17205.625,17221.7,17188.4,70.01537984000001,1204463.0380081,red,77.4382991179
2023-01-10 01:33:00,17194.4,17197.325,17210.7,17189.8,116.69731793,2007505.367066261,green,78.3984692177
2023-01-10 01:54:00,17204.95,17203.95,17213.5,17192.4,49.58286276,852699.801042104,green,78.4635833154
2023-01-10 02:15:00,17194.45,17193.775,17211.7,17174.5,50.9558308,875688.45609127,red,78.7906228514
2023-01-10 02:36:00,17183.6,17177.524999999998,17195.6,17147.3,67.22247245,1153991.512872324,green,78.0199842002
2023-01-10 02:57:00,17189.5,17186.25,17192.2,17173.8,29.64616272,509427.461774844,red,75.8802118126
2023-01-10 03:18:00,17190.9,17192.125,17197.8,17188.9,37.39802289,643032.0554264659,green,75.237996963
2023-01-10 03:39:00,17200.45,17200.65,17208.8,17192.9,35.57252402,611794.196877155,green,75.1286087902
2023-01-10 04:00:00,17205.0,17204.875,17209.3,17200.2,45.34858746,780222.194949411,red,75.2502357116
2023-01-10 04:21:00,17201.300000000003,17201.825,17205.0,17199.7,25.4667107,438091.126577716,red,75.03902277819999
2023-01-10 04:42:00,17210.6,17210.875,17222.0,17200.3,74.96373607000001,1290327.7328174792,green,74.9950659092
2023-01-10 05:03:00,17218.1,17215.699999999997,17222.2,17204.4,54.74778916,942566.853192861,red,75.2556094328
2023-01-10 05:24:00,17218.8,17217.125,17222.6,17208.3,36.51030531,628473.602333857,green,75.4331761844
2023-01-10 05:45:00,17224.5,17225.25,17230.0,17222.0,14.46758782,249256.61164433003,green,75.32870379639999
2023-01-10 06:06:00,17222.85,17222.675,17227.0,17218.0,19.24302514,331382.780992678,red,75.3213558754
2023-01-10 06:27:00,17205.35,17205.0,17218.8,17190.5,13.7008272,235642.290271054,red,75.282322722
2023-01-10 06:48:00,17195.449999999997,17197.625,17207.6,17192.0,25.30299933,435231.04503824,green,75.2433689964
2023-01-10 07:09:00,17197.449999999997,17198.1,17203.3,17194.2,24.13625915,415153.944812476,red,74.3590979806
2023-01-10 07:30:00,17201.0,17200.575,17207.8,17192.5,13.87698588,238669.169230989,green,73.7558471809
2023-01-10 07:51:00,17198.05,17197.225,17205.9,17186.9,44.96910033,773353.051602924,red,73.7399244687
2023-01-10 08:12:00,17219.300000000003,17222.95,17262.9,17190.3,94.79628431,1633677.5356933111,green,74.3553229557
2023-01-10 08:33:00,17249.199999999997,17248.949999999997,17258.0,17239.4,41.81567655,721153.28977891,green,73.8706903866
2023-01-10 08:54:00,17252.85,17254.325,17261.8,17249.8,23.06800006,398023.544697051,green,73.8239064611
2023-01-10 09:15:00,17253.300000000003,17257.800000000003,17274.9,17249.7,33.277832,574484.437047002,red,73.8207069471
2023-01-10 09:36:00,17249.55,17251.325,17260.7,17245.5,17.87736816,308418.896880846,red,73.5460202659
2023-01-10 09:57:00,17244.15,17242.100000000002,17247.8,17232.3,26.61492902,458899.630216722,red,70.753073248
2023-01-10 10:18:00,17252.2,17253.15,17269.4,17238.8,36.47243581,629391.437104665,green,70.18834870180001
2023-01-10 10:39:00,17267.65,17266.825,17273.1,17258.9,30.15673968,520654.14079282,green,68.7104191961
2023-01-10 11:00:00,17269.0,17269.25,17272.5,17266.5,14.79351088,255479.224627689,red,66.5931866499
2023-01-10 11:21:00,17259.9,17263.95,17282.8,17253.2,30.13737981,520383.310007298,red,66.09830042669999
2023-01-10 11:42:00,17251.1,17251.675,17255.5,17249.0,16.66536201,287526.016583197,red,64.8901155818
2023-01-10 12:03:00,17241.7,17241.525,17252.4,17230.3,49.10213162,846579.9135673731,red,63.6560352507
2023-01-10 12:24:00,17233.800000000003,17234.225000000002,17243.3,17226.0,40.99018935,706457.241636161,red,62.2466121019
2023-01-10 12:45:00,17232.25,17231.075,17239.9,17219.9,15.2095926,262022.508757115,red,61.9750390326
2023-01-10 13:06:00,17235.1,17231.075,17238.9,17215.2,51.02660712,879217.2750663101,green,61.45333573610001
2023-01-10 13:27:00,17239.35,17232.55,17239.9,17211.6,34.02722087,586109.037853961,green,60.2456319486
2023-01-10 13:48:00,17265.75,17265.625,17300.0,17231.0,95.89040947,1654985.732865508,green,60.49583017430001
2023-01-10 14:09:00,17281.75,17276.0,17291.5,17249.0,60.01001372,1036536.8446862368,red,60.8209485025
2023-01-10 14:30:00,17253.5,17264.675,17319.0,17232.7,163.91074164,2832380.260252343,red,61.8843679702
2023-01-10 14:51:00,17275.95,17271.175000000003,17317.9,17214.9,127.56809838,2204143.273386628,green,62.7952276613
2023-01-10 15:12:00,17308.05,17319.074999999997,17370.1,17290.1,158.20577176,2743321.230108561,red,63.9390475933
2023-01-10 15:33:00,17306.7,17300.625,17317.0,17272.1,63.75146403,1102531.659376232,green,63.794876048000006
2023-01-10 15:54:00,17322.05,17322.525,17332.5,17313.5,82.41515352,1427657.688474438,green,64.1015018066
2023-01-10 16:15:00,17314.45,17315.95,17337.6,17297.3,88.92269281,1539870.3634038118,red,64.4802586129
2023-01-10 16:36:00,17305.65,17303.325,17317.7,17284.3,38.719518,669721.403272843,green,64.11165361169999
2023-01-10 16:57:00,17312.65,17309.225,17322.6,17289.0,29.11133252,503760.227015772,green,63.7757271142
2023-01-10 17:18:00,17318.9,17316.85,17325.0,17304.6,18.31150037,316996.765301019,green,63.8243730249
2023-01-10 17:39:00,17324.85,17327.225,17335.0,17324.2,43.18204654,748295.712122493,red,64.0049181158
2023-01-10 18:00:00,17337.800000000003,17338.725000000002,17354.6,17324.7,100.29656164,1739675.33475111,green,64.6891876557
2023-01-10 18:21:00,17380.35,17386.975,17440.0,17347.2,223.94881592,3896534.448568452,green,66.5154290687
2023-01-10 18:42:00,17414.35,17421.475,17447.5,17409.7,112.86930006,1966594.373730368,green,67.2273681163
2023-01-10 19:03:00,17415.55,17423.725,17453.7,17410.1,155.87177658000002,2716559.41781126,red,68.24792831869999
2023-01-10 19:24:00,17420.0,17418.775,17435.1,17400.0,55.62500921,968740.452115891,green,68.33634206629999
2023-01-10 19:45:00,17420.050000000003,17425.625,17450.2,17412.2,50.11883862,873617.047454968,red,68.2124493866
2023-01-10 20:06:00,17438.55,17444.425000000003,17495.2,17405.4,157.06609286,2741215.503744814,green,69.58192662169999
2023-01-10 20:27:00,17461.300000000003,17457.475000000002,17467.6,17439.7,36.37856615,634826.055441137,red,68.7423935992
2023-01-10 20:48:00,17456.8,17463.275,17487.6,17451.9,81.18425518,1418461.225080125,red,68.674100073
2023-01-10 21:09:00,17455.15,17456.325,17463.0,17452.0,30.11206072,525643.340217439,red,68.3051986077
2023-01-10 21:30:00,17457.1,17463.775,17490.0,17450.9,45.18721704,789641.322683092,green,68.09627840569999
2023-01-10 21:51:00,17454.449999999997,17456.174999999996,17472.7,17443.1,53.23065995,929083.85578461,red,68.15706887430001
2023-01-10 22:12:00,17442.3,17438.325,17449.9,17418.8,85.11824934,1484160.393890025,red,68.5802527932
2023-01-10 22:33:00,17435.65,17431.675000000003,17436.5,17418.9,57.42527914,1001035.034223651,red,68.8020922092
2023-01-10 22:54:00,17435.35,17428.6,17436.5,17407.2,60.86237377,1060438.10114034,green,69.0726178753
2023-01-10 23:15:00,17433.35,17430.35,17435.7,17419.0,44.23717006,770974.127652477,red,68.9316565372
2023-01-10 23:36:00,17433.65,17431.075,17436.5,17420.5,67.49274054,1176334.408097092,green,69.3523116388
2023-01-10 23:57:00,17443.7,17443.2,17453.4,17432.0,101.54096978,1771138.46669143,green,69.98412375999999
2023-01-11 00:18:00,17447.35,17443.899999999998,17451.1,17429.8,38.05017161,663628.910083747,red,69.82854701030001
2023-01-11 00:39:00,17453.7,17461.525,17497.7,17441.0,105.85191532,1849600.24063612,green,69.093405116
2023-01-11 01:00:00,17466.550000000003,17475.375,17504.7,17463.7,60.73249819,1062319.51798535,green,69.1550227246
2023-01-11 01:21:00,17458.9,17456.350000000002,17469.4,17438.2,36.94888589,644812.641424765,red,68.69656323240001
2023-01-11 01:42:00,17454.15,17457.475,17473.2,17448.4,25.94657898,453058.74493537,green,68.3928274512
2023-01-11 02:03:00,17440.45,17440.375,17459.9,17420.7,26.53730072,462777.991640265,red,67.1485298822
2023-01-11 02:24:00,17420.699999999997,17420.574999999997,17428.0,17412.9,26.91304228,468859.961656867,red,66.8287325633
2023-01-11 02:45:00,17410.2,17407.875,17427.9,17383.2,61.1131323,1063595.132524173,red,65.8908083843
2023-01-11 03:06:00,17399.800000000003,17392.025,17401.2,17367.3,54.76514628,952122.960614837,red,64.7784172415
2023-01-11 03:27:00,17406.25,17407.975,17420.0,17399.4,44.0219405,766473.004313973,green,64.6470314889
2023-01-11 03:48:00,17414.55,17414.75,17417.8,17412.1,18.60953332,324050.608472964,green,63.73411996
2023-01-11 04:09:00,17411.35,17413.025,17423.0,17406.4,29.88415322,520495.957276623,red,62.1682317564
2023-01-11 04:30:00,17407.25,17406.125,17414.8,17395.2,24.99770816,435041.143572093,green,61.817992474700006
2023-01-11 04:51:00,17411.65,17410.025,17415.7,17401.1,57.99517814,1009575.919676753,green,61.4774104643
2023-01-11 05:12:00,17417.15,17417.45,17420.2,17415.3,21.62352846,376646.754010056,green,60.458797095600005
2023-01-11 05:33:00,17421.95,17424.0,17433.3,17418.8,17.76968248,309657.950959341,green,58.6551197848
2023-01-11 05:54:00,17423.75,17415.375,17425.1,17388.9,46.36780632,807069.971072878,red,58.250754552100005
2023-01-11 06:15:00,17426.15,17425.5,17429.8,17419.9,23.4253804,408191.93357381,green,58.2021297452
2023-01-11 06:36:00,17433.949999999997,17432.1,17438.1,17422.4,26.2413969,457395.966730321,green,58.0795211607
2023-01-11 06:57:00,17438.95,17437.075,17439.9,17430.5,38.06482983,663667.711125406,green,55.25184842789999
2023-01-11 07:18:00,17444.4,17447.025,17460.1,17439.2,41.91918503,731363.735233781,green,54.2241969064
2023-01-11 07:39:00,17448.1,17446.875,17449.0,17442.3,34.84355044,607853.086923569,red,53.4878592565
2023-01-11 08:00:00,17437.35,17437.675,17448.6,17427.4,45.74988432,797894.399094279,red,53.55905712009999
2023-01-11 08:21:00,17421.1,17419.775,17428.9,17408.0,41.93994643,730714.324996608,red,53.2174352798
2023-01-11 08:42:00,17431.050000000003,17431.2,17448.0,17414.7,16.71566486,291338.699253295,green,52.740284663
2023-01-11 09:03:00,17454.95,17456.05,17469.3,17445.0,30.69087698,535798.70506544,green,52.7587971999
2023-01-11 09:24:00,17462.4,17459.225,17462.6,17449.5,53.77567623,938457.007485046,red,52.9453459476
2023-01-11 09:45:00,17453.35,17452.875,17464.1,17440.7,61.15062853,1067510.556027772,red,53.11112050250001
2023-01-11 10:06:00,17446.25,17448.175,17455.9,17444.3,39.32969079,686321.371414908,green,52.3659548924
2023-01-11 10:27:00,17443.949999999997,17445.875,17455.8,17439.8,32.26103137,562877.16117293,red,52.362588635600005
2023-01-11 10:48:00,17437.8,17439.25,17446.4,17435.0,22.66403645,395267.555762299,red,52.227454653600006
2023-01-11 11:09:00,17437.25,17435.825,17439.0,17429.8,41.15348601,717453.210416852,green,52.32633712970001
2023-01-11 11:30:00,17435.4,17439.0,17453.2,17432.0,40.49144045,706423.013417536,red,52.2040980923
2023-01-11 11:51:00,17428.45,17429.475,17439.3,17421.7,38.77545049,675801.568985055,red,52.2174078381
2023-01-11 12:12:00,17422.15,17418.075,17425.0,17403.0,44.54519625,775633.387008533,red,51.9627060022
2023-01-11 12:33:00,17418.449999999997,17418.5,17424.3,17412.8,15.59627934,271659.065031174,red,50.95169561629999
2023-01-11 12:54:00,17420.6,17421.399999999998,17428.6,17415.8,25.1016981,437265.88643043,green,50.7068839697
2023-01-11 13:15:00,17418.15,17420.025,17431.1,17412.7,22.99150341,400615.424034226,red,50.4272406958
2023-01-11 13:36:00,17410.85,17405.9,17415.5,17386.4,60.55508211,1053626.692707134,red,50.36056679240001
2023-01-11 13:57:00,17398.1,17396.925,17413.7,17377.8,72.74847354,1265417.17754336,red,50.7915899006
2023-01-11 14:18:00,17398.4,17396.475,17412.6,17376.5,61.66333631,1072378.764386306,green,51.0342430348
2023-01-11 14:39:00,17410.4,17414.0,17432.4,17402.8,47.15681702,821305.8942631179,green,51.1500859648
2023-01-11 15:00:00,17413.4,17418.05,17434.2,17411.2,34.81884083,606659.381291151,green,51.0447884985
2023-01-11 15:21:00,17388.55,17382.6,17420.2,17333.1,96.19399129,1670774.935636705,red,51.7520613044
2023-01-11 15:42:00,17350.8,17346.575,17365.4,17319.3,74.41468061,1290473.177156634,red,51.7465707498
2023-01-11 16:03:00,17347.85,17344.524999999998,17355.7,17326.7,46.35961496,803879.152297575,green,51.6626890078
2023-01-11 16:24:00,17359.7,17358.35,17363.9,17350.1,38.52688424,668704.411777176,green,51.6828547971
2023-01-11 16:45:00,17363.35,17358.55,17364.3,17343.2,36.51116962,633585.378418543,red,51.903290615100005
2023-01-11 17:06:00,17372.5,17374.3,17389.5,17362.7,35.17579491,611139.908799484,green,52.062618312800005
2023-01-11 17:27:00,17382.5,17383.949999999997,17391.2,17379.6,23.01286051,400020.751540247,green,52.1557386459
2023-01-11 17:48:00,17403.9,17402.9,17428.2,17375.6,89.50026867,1557049.095707794,green,52.7977113393
2023-01-11 18:09:00,17455.45,17471.25,17550.0,17424.1,320.59468651,5608745.210492738,green,55.7622956129
2023-01-11 18:30:00,17480.85,17481.275,17507.4,17456.0,51.32814486,896989.751231813,red,56.13680720269999
2023-01-11 18:51:00,17483.05,17481.625,17498.9,17461.5,33.94614202,593301.845713713,green,56.026577619600005
2023-01-11 19:12:00,17515.9,17516.325,17543.1,17490.4,126.02526175,2207884.258564525,green,56.338867394
2023-01-11 19:33:00,17530.85,17532.824999999997,17550.0,17519.6,91.46933165,1604166.709209684,red,56.835403945
2023-01-11 19:54:00,17524.35,17537.225,17580.0,17520.2,96.56314492,1694809.611166237,green,57.5703553936
2023-01-11 20:15:00,17526.75,17531.9,17549.2,17524.9,40.02013334,701729.690010959,red,57.637778407
2023-01-11 20:36:00,17532.800000000003,17530.825,17547.4,17510.3,63.42417512,1111785.8824677,green,58.0932464766
2023-01-11 20:57:00,17539.35,17544.55,17564.9,17534.6,63.56547707,1115662.4587918469,red,58.4627519571
2023-01-11 21:18:00,17543.2,17543.5,17556.6,17531.0,59.31985191,1040606.5171654732,green,58.69122611809999
2023-01-11 21:39:00,17551.95,17552.85,17563.9,17543.6,71.34717299,1252452.337641735,green,59.1031304512
2023-01-11 22:00:00,17549.4,17550.550000000003,17588.0,17515.4,173.07142467,3038879.816140625,red,60.68590958909999
2023-01-11 22:21:00,17556.3,17553.875,17572.6,17530.3,75.47000952,1324111.071139571,green,61.139235886200005
2023-01-11 22:42:00,17566.9,17569.7,17589.5,17555.5,66.76913239,1173221.237687863,red,61.64027359
2023-01-11 23:03:00,17567.45,17566.35,17577.5,17553.0,48.60191263,853809.775132515,green,61.6352714001
2023-01-11 23:24:00,17735.949999999997,17760.3,17999.0,17570.3,777.24087631,13854862.78189306,green,68.9977782697
2023-01-11 23:45:00,17915.9,17915.675000000003,17956.0,17874.9,187.69372804,3363594.045860221,green,70.72261962409999
2023-01-12 00:06:00,17934.85,17941.2,17980.3,17914.8,107.08373921,1921507.18985526,green,71.283190945
2023-01-12 00:27:00,17944.05,17946.975,17970.6,17929.2,95.01740852,1704596.749297847,green,71.89309282149999
2023-01-12 00:48:00,18061.05,18085.425,18287.9,17931.7,810.54320141,14709562.72626971,green,79.0396207409
2023-01-12 01:09:00,18185.85,18185.05,18226.8,18141.7,99.68081423,1811866.458241333,green,79.436328746
2023-01-12 01:30:00,18210.449999999997,18200.899999999998,18226.4,18156.3,53.15996155,966948.48691488,green,78.32882094509999
2023-01-12 01:51:00,18250.449999999997,18249.824999999997,18285.0,18213.4,104.76855693,1912556.585777364,green,78.1008255306
2023-01-12 02:12:00,18259.8,18257.0,18274.9,18233.5,64.5872101,1178901.639051763,red,77.164639914
2023-01-12 02:33:00,18239.699999999997,18263.649999999998,18363.0,18212.2,297.69137929,5441606.71995762,red,79.5040390666
2023-01-12 02:54:00,18225.15,18215.55,18239.7,18172.2,95.79661565,1743916.420041892,red,79.63785368789999
2023-01-12 03:15:00,18225.0,18222.025,18235.5,18202.6,45.88228979,836122.007761387,green,79.2074496577
2023-01-12 03:36:00,18228.0,18227.25,18233.4,18219.6,25.97500955,473425.666576883,red,79.0800045732
2023-01-12 03:57:00,18219.1,18216.45,18223.9,18203.7,62.35662439,1135756.53395653,red,79.4124574919
2023-01-12 04:18:00,18211.5,18210.05,18219.4,18197.8,85.82656743,1562555.80020897,red,80.0876081625
2023-01-12 04:39:00,18210.2,18212.725,18227.4,18203.1,66.74070839,1215883.850060252,green,80.323194781
2023-01-12 05:00:00,18212.85,18217.125,18237.7,18205.1,75.80291257,1380773.783094551,red,80.0782582903
2023-01-12 05:21:00,18188.65,18184.800000000003,18212.9,18149.0,131.97143562,2397963.899227621,red,79.1584844873
2023-01-12 05:42:00,18128.75,18125.1,18164.5,18078.4,232.78831533,4215916.417518996,red,80.35767464
2023-01-12 06:03:00,18113.449999999997,18116.75,18146.1,18094.0,52.58223961,952988.005719459,green,79.3247792703
2023-01-12 06:24:00,18129.75,18127.15,18139.3,18109.8,33.84466083,613390.2808416081,red,79.1069757865
2023-01-12 06:45:00,18135.9,18139.050000000003,18157.8,18126.6,20.77224288,377000.929238558,green,78.8135098291
2023-01-12 07:06:00,18156.6,18157.275,18175.0,18140.9,28.30362505,514053.16918332,green,77.525885151
2023-01-12 07:27:00,18148.4,18144.85,18168.2,18114.4,43.97623197,797621.388387291,red,77.6018618092
2023-01-12 07:48:00,18112.9,18116.25,18145.5,18093.7,57.71929962,1046098.352291289,red,77.36721225359999
2023-01-12 08:09:00,18112.1,18106.05,18128.6,18071.4,66.35564377,1201413.938867514,green,77.7296480841
2023-01-12 08:30:00,18126.1,18121.25,18132.1,18100.7,36.10587094,654075.892396508,red,77.6388346231
2023-01-12 08:51:00,18131.1,18134.025,18151.8,18122.1,49.49795332,897912.550243451,green,77.6015075568
2023-01-12 09:12:00,18145.8,18147.075,18166.0,18130.7,81.2593028,1474335.4223879438,green,77.56291809140001
2023-01-12 09:33:00,18157.75,18159.975,18174.3,18150.1,39.07441848,709694.819358745,green,77.3794094848
2023-01-12 09:54:00,18154.1,18154.85,18169.0,18142.2,34.38112097,624089.705035821,red,77.1145969568
2023-01-12 10:15:00,18166.5,18171.75,18206.9,18147.1,98.55893812,1791660.439871869,green,77.65781463740001
2023-01-12 10:36:00,18181.65,18184.025,18196.0,18176.8,31.36559577,570478.760277743,red,77.2965431897
2023-01-12 10:57:00,18176.5,18175.0,18183.9,18163.1,54.12068203,983561.2137539588,red,76.8223403122
2023-01-12 11:18:00,18181.9,18182.850000000002,18198.9,18168.7,32.02657693,582216.9701503561,green,76.7621043654
2023-01-12 11:39:00,18194.65,18198.9,18218.7,18187.6,54.9270691,999687.25076668,green,76.2528559032
2023-01-12 12:00:00,18200.949999999997,18203.55,18216.9,18195.4,29.50416665,537132.8316945491,red,75.94057258779999
2023-01-12 12:21:00,18204.1,18212.4,18272.3,18169.1,190.55860038,3471338.815085668,green,77.47666973269999
2023-01-12 12:42:00,18225.800000000003,18233.875,18276.1,18207.8,70.04360725,1277944.675680412,green,77.9176400154
2023-01-12 13:03:00,18225.05,18235.875,18293.0,18200.4,87.6973686,1600488.465153324,red,78.52924069420001
2023-01-12 13:24:00,18179.550000000003,18162.275,18330.0,17960.0,911.40048174,16561711.100851646,red,87.37411508880001
2023-01-12 13:45:00,18241.05,18246.95,18350.0,18155.7,255.47133289,4666466.273428714,green,89.3176970947
2023-01-12 14:06:00,18247.800000000003,18238.95,18341.2,18119.0,189.69736942,3455554.532642249,red,90.6670193261
2023-01-12 14:27:00,18096.7,18083.35,18180.0,17960.0,280.86107588,5074796.240671726,red,93.0354106799
2023-01-12 14:48:00,18026.2,18008.975,18059.4,17924.1,184.07064617,3313229.856894927,red,94.6900218084
2023-01-12 15:09:00,18053.75,18066.9,18138.1,18022.0,110.32073396,1997025.512826735,green,95.4943876158
2023-01-12 15:30:00,18089.7,18087.675,18127.3,18044.0,80.02443174,1447963.575553085,green,96.0446548516
2023-01-12 15:51:00,18083.4,18083.675,18113.1,18054.8,58.19615712,1052558.31272039,red,96.0466646414
2023-01-12 16:12:00,18094.300000000003,18097.325,18140.4,18060.3,53.02371178,960691.745841449,green,96.3606664746
2023-01-12 16:33:00,18113.95,18112.325,18128.2,18093.2,41.26124277,747351.72345699,red,96.59558207749998
2023-01-12 16:54:00,18128.75,18133.075,18169.9,18104.9,78.55412948,1424851.166827654,green,96.9174453091
2023-01-12 17:15:00,18230.9,18233.925000000003,18325.0,18148.9,144.81402384,2641970.26312056,green,98.1313317435
2023-01-12 17:36:00,18543.85,18573.1,18894.1,18310.6,1076.19599399,20094314.67811108,green,108.6308777144
2023-01-12 17:57:00,18820.05,18840.975,18971.4,18752.4,668.4059514,12589806.216569556,green,114.9342889301
2023-01-12 18:18:00,18784.9,18764.175000000003,18874.9,18612.0,441.59671634,8263144.13884638,red,118.9310642432
2023-01-12 18:39:00,18750.1,18751.074999999997,18825.7,18678.4,172.28986368,3234838.118223232,green,120.3055273756
2023-01-12 19:00:00,18839.3,18834.975,18900.2,18761.1,167.80700965,3161046.234171203,green,121.5260986289
2023-01-12 19:21:00,18892.6,18881.4,18954.9,18785.5,187.02735992,3528451.710754298,green,122.9769727638
2023-01-12 19:42:00,18884.15,18908.275,19022.8,18842.0,503.68067733,9522553.503831042,red,127.8466228885
2023-01-12 20:03:00,18881.6,18870.399999999998,18897.1,18821.3,153.92039911,2903447.466362955,green,129.0789181098
2023-01-12 20:24:00,18924.800000000003,18929.375,18975.0,18892.9,219.69374888,4158977.455764111,green,130.7380988363
2023-01-12 20:45:00,18968.65,18986.925,19102.1,18908.3,388.30046449,7376550.170606963,green,134.0095971959
2023-01-12 21:06:00,18895.449999999997,18887.125,18988.9,18768.7,363.92869281,6859108.007141582,red,137.2555872161
2023-01-12 21:27:00,18830.25,18825.975,18874.2,18769.2,136.81256137,2575475.730345364,green,138.3011025161
2023-01-12 21:48:00,18845.0,18843.85,18868.5,18816.9,61.33340565,1156083.01843791,red,138.6877962081
2023-01-12 22:09:00,18822.449999999997,18816.524999999998,18839.9,18781.3,47.07136468,885590.081126682,red,138.7469749948
2023-01-12 22:30:00,18839.550000000003,18838.850000000002,18886.3,18790.0,54.50054354,1027311.17270513,green,138.8870660257
2023-01-12 22:51:00,18877.75,18883.55,18922.1,18856.6,80.34612996,1518183.133811437,green,139.3027728204
2023-01-12 23:12:00,18876.95,18873.875,18895.4,18846.2,49.27785381,930062.957429427,red,139.35009939600002
2023-01-12 23:33:00,18862.25,18863.6,18885.5,18844.4,31.88764934,601617.266554809,red,139.513013096
2023-01-12 23:54:00,18845.15,18847.125,18882.1,18816.1,60.9947438,1149447.174907361,red,139.871943553
2023-01-13 00:15:00,18818.3,18830.025,18883.0,18800.5,62.17342318,1171511.818780479,red,140.26376275069998
2023-01-13 00:36:00,18784.7,18775.425000000003,18813.2,18719.1,228.5154228,4287822.304798181,red,141.94336615760002
2023-01-13 00:57:00,18782.449999999997,18784.174999999996,18807.2,18764.6,50.91043427,956532.730319467,green,141.7249857649
2023-01-13 01:18:00,18790.3,18786.45,18815.2,18750.0,59.38487211,1115511.553421706,red,141.7022011229
2023-01-13 01:39:00,18794.4,18789.600000000002,18809.4,18760.2,28.20299107,529821.3655760731,green,141.5126628634
2023-01-13 02:00:00,18813.8,18815.45,18833.9,18800.3,39.12974076,736397.765336582,green,141.5557718627
2023-01-13 02:21:00,18814.949999999997,18809.125,18818.4,18788.2,28.84206283,542292.030814409,red,140.8822525781
2023-01-13 02:42:00,18824.5,18824.675,18839.6,18810.1,104.78378799,1972714.642061984,green,141.1859436519
2023-01-13 03:03:00,18833.95,18833.775,18840.2,18827.0,57.53493515,1083531.008013104,red,141.29769685379998
2023-01-13 03:24:00,18839.1,18841.9,18863.0,18826.4,34.38715762,648097.703204666,green,141.25629958759998
2023-01-13 03:45:00,18853.7,18856.75,18879.0,18840.6,39.55320019,746030.811843408,green,141.2867198933
2023-01-13 04:06:00,18864.0,18863.2,18878.4,18846.4,39.53470046,745645.427607369,green,141.3303089488
2023-01-13 04:27:00,18857.5,18857.475,18865.7,18849.2,25.94159318,489242.720105766,red,141.3595962755
2023-01-13 04:48:00,18827.449999999997,18829.25,18856.5,18805.6,43.40797775,817133.5860813421,red,140.8986733663
2023-01-13 05:09:00,18812.65,18813.25,18831.6,18796.1,108.24406336,2036916.934213386,green,138.7751671348
2023-01-13 05:30:00,18809.95,18808.225000000002,18822.7,18790.3,42.79191199,804805.119624389,red,138.6898048061
2023-01-13 05:51:00,18800.05,18797.975,18810.9,18780.9,42.81435662,804750.384493168,red,138.7784869521
2023-01-13 06:12:00,18817.15,18813.95,18835.6,18785.9,45.17392147,849894.962389504,green,137.96997354930002
2023-01-13 06:33:00,18836.300000000003,18833.95,18839.7,18823.5,46.43693909,874538.529648267,green,137.5196496237
2023-01-13 06:54:00,18833.300000000003,18838.0,18857.1,18828.3,34.70426834,654034.586790137,red,136.9010608579
2023-01-13 07:15:00,18817.75,18813.35,18832.4,18785.5,68.1495991,1281315.6764181731,red,137.1823555155
2023-01-13 07:36:00,18813.35,18813.6,18830.0,18797.7,27.65620714,520299.072429239,green,136.8246758357
2023-01-13 07:57:00,18823.0,18821.625,18829.0,18811.5,56.09715192,1055799.2299484431,green,136.7499925842
2023-01-13 08:18:00,18827.5,18832.65,18853.6,18822.0,46.20313951,870144.027552087,green,136.6188254602
2023-01-13 08:39:00,18833.85,18836.3,18848.8,18828.7,40.66387174,766093.2186509529,green,136.3119924477
2023-01-13 09:00:00,18856.550000000003,18858.025,18880.1,18838.9,85.68625991,1616180.962866747,green,135.4381408001
2023-01-13 09:21:00,18882.0,18879.9,18889.9,18865.7,53.05324828,1001592.755860231,green,135.2139731877
2023-01-13 09:42:00,18905.300000000003,18905.550000000003,18929.9,18881.7,120.5531753,2279257.220468203,green,135.7518136168
2023-01-13 10:03:00,18941.949999999997,18958.8,19036.4,18914.9,204.6159683,3882790.103228978,green,137.3119541735
2023-01-13 10:24:00,18953.6,18933.824999999997,18966.7,18861.4,154.20277363,2917990.640088383,red,131.0815731467
2023-01-13 10:45:00,18974.95,18985.15,19052.0,18938.7,251.78470188,4786615.957675576,green,131.7224828851
2023-01-13 11:06:00,18991.949999999997,18991.449999999997,19024.7,18957.2,110.43079867,2097838.264095131,red,131.7559534797
2023-01-13 11:27:00,18942.35,18942.925,18982.0,18905.0,172.60982812,3268848.712969516,red,132.5318776757
2023-01-13 11:48:00,18902.2,18909.725,18944.0,18890.5,100.05551715,1892155.453157746,red,125.4270008331
2023-01-13 12:09:00,18894.75,18900.675,18934.5,18878.7,73.9051886,1397310.729331449,red,125.1692445768
2023-01-13 12:30:00,18877.9,18881.300000000003,18907.4,18862.0,75.17805518,1419692.634766493,red,125.3894255131
2023-01-13 12:51:00,18852.9,18849.15,18874.6,18816.2,167.60159621,3157960.667238247,red,126.0177559059
2023-01-13 13:12:00,18864.6,18864.3,18889.3,18838.7,93.2763922,1760088.620118262,green,126.3046477269
2023-01-13 13:33:00,18885.699999999997,18884.55,18899.0,18867.8,77.6385499,1466052.074027667,red,124.104119433
2023-01-13 13:54:00,18902.699999999997,18894.399999999998,18936.5,18835.7,111.76955716,2110310.327921136,green,124.26384884809998
2023-01-13 14:15:00,18929.5,18931.55,18963.7,18903.5,116.76626824,2210411.137822391,green,124.9726886326
2023-01-13 14:36:00,18985.85,18985.625,19056.2,18914.6,265.18397158,5035332.493086894,green,127.3647782529
2023-01-13 14:57:00,19066.4,19077.800000000003,19185.0,18993.4,773.2342027,14762290.186236585,green,134.473554036
2023-01-13 15:18:00,19167.4,19175.6,19287.6,19080.0,382.42805325,7344010.245162172,green,137.4395688942
2023-01-13 15:39:00,19247.0,19253.85,19309.5,19211.9,267.01125716,5141141.845880937,green,139.4422743819
2023-01-13 16:00:00,19187.8,19177.8,19271.6,19064.0,218.61599989,4186162.508185965,red,140.8704052551
2023-01-13 16:21:00,19119.7,19117.525,19151.7,19079.0,135.05959498,2582621.776753476,green,140.9012868487
2023-01-13 16:42:00,19120.55,19123.225,19153.3,19098.5,84.74907159,1621020.039677232,red,139.42089441130005
2023-01-13 17:03:00,19226.449999999997,19237.949999999997,19392.2,19106.7,215.67709729,4156102.028304663,green,141.0518429881
2023-01-13 17:24:00,19308.9,19307.05,19374.1,19236.3,214.67329588,4146777.408744726,red,142.8601293386
2023-01-13 17:45:00,19287.1,19277.05,19313.9,19220.1,69.69858932,1342677.042845329,green,143.349392803
2023-01-13 18:06:00,19290.0,19295.725,19330.4,19272.5,58.96836346,1137905.716765378,red,143.65604018710002
2023-01-13 18:27:00,19300.45,19300.175,19338.6,19261.2,82.80284612,1598388.510630469,green,144.0443063286
2023-01-13 18:48:00,19294.1,19307.7,19384.4,19258.2,108.61417208,2099000.464283896,red,144.55325505320002
2023-01-13 19:09:00,19290.55,19286.975,19319.1,19247.7,89.15258191,1718361.3500909451,green,144.78122443459998
2023-01-13 19:30:00,19323.199999999997,19324.399999999998,19368.0,19283.2,70.19630239,1356589.8746291809,green,145.1221287491
2023-01-13 19:51:00,19355.75,19354.65,19384.0,19323.1,94.44199719,1828194.006258001,green,145.5715691878
2023-01-13 20:12:00,19357.4,19366.975,19431.0,19322.1,124.92848817,2420975.782822142,red,146.0082610415
2023-01-13 20:33:00,19391.65,19403.15,19491.3,19338.0,255.68083733,4969410.926306293,green,148.17432523
2023-01-13 20:54:00,19445.949999999997,19440.375,19492.1,19377.5,216.42621333,4205565.116196191,green,149.9947761536
2023-01-13 21:15:00,19467.4,19465.625,19507.9,19419.8,256.33596957,4990971.139151429,green,151.5725464681
2023-01-13 21:36:00,19676.2,19679.35,19883.6,19481.4,879.09290586,17340970.790381882,green,160.049819569
2023-01-13 21:57:00,19897.45,19884.9,19940.6,19804.1,332.73800648,6613008.791019299,green,162.83599281349998
2023-01-13 22:18:00,19942.1,19928.675,19966.6,19863.9,209.78404477,4178126.2589873928,green,164.6135674919
2023-01-13 22:39:00,19901.8,19894.5,19994.0,19780.4,262.61310682,5225027.31219198,red,166.69042786910003
2023-01-13 23:00:00,19816.75,19823.025,19895.4,19763.2,93.90770377,1862872.37717034,red,167.33446324030004
2023-01-13 23:21:00,19821.35,19811.0,19868.3,19733.0,104.58087169,2071734.828866021,green,166.4746859534
2023-01-13 23:42:00,19882.45,19883.375,19933.0,19835.6,97.64836816,1942150.1016611,green,166.75073356250002
2023-01-14 00:03:00,20074.05,20093.925,20332.0,19895.6,771.1649337599999,15548349.360918451,green,173.5854092141
2023-01-14 00:24:00,20640.1,20709.25,21325.0,20231.8,1315.01192414,27324355.545863718,green,177.6215236381
2023-01-14 00:45:00,20989.85,20982.775,21152.4,20799.0,597.5236071,12508942.253887434,red,181.0420463802
2023-01-14 01:06:00,20892.65,20922.1,21077.0,20826.1,319.66212498,6703993.906506198,red,182.3416939358
2023-01-14 01:27:00,20836.55,20815.475,20903.6,20685.2,338.75854289,7044422.95213058,red,182.9206686059
2023-01-14 01:48:00,20900.35,20903.175,20988.8,20823.2,197.0528764,4123367.537522735,green,183.0504909082
2023-01-14 02:09:00,20953.5,20944.475,21038.3,20832.6,261.844481,5483751.4015510045,red,184.5657283786
2023-01-14 02:30:00,20934.05,20931.525,20995.0,20863.0,155.18760111,3249881.087146154,red,185.3173600723
2023-01-14 02:51:00,20886.85,20899.0,20981.8,20840.5,94.93564524,1987452.456207773,red,185.6847549535
2023-01-14 03:12:00,20859.4,20852.1,20902.7,20786.9,89.17693884,1859226.865207041,green,186.0462872241
2023-01-14 03:33:00,20900.8,20898.525,20938.0,20854.5,91.41830625,1911770.031605261,green,186.5478578589
2023-01-14 03:54:00,20920.4,20930.2,20973.0,20907.0,88.14226672,1845989.331334593,red,186.6437392313
2023-01-14 04:15:00,20950.2,20954.5,21023.0,20894.6,120.26398457,2518935.43820523,green,186.3982388386
2023-01-14 04:36:00,20952.7,20946.375,21012.7,20867.4,139.01957101,2907765.936833984,red,177.0264746088
2023-01-14 04:57:00,20853.65,20849.825,20917.4,20774.6,126.94569968,2645789.629686565,red,171.61187209160002
2023-01-14 05:18:00,20833.35,20832.15,20869.8,20792.1,107.33777618,2234788.447793489,green,168.26928268999995
2023-01-14 05:39:00,20852.699999999997,20855.324999999997,20898.0,20817.9,101.95457645,2126533.737014302,red,167.56592981769998
2023-01-14 06:00:00,20870.75,20870.9,20906.3,20835.8,101.9461259,2128773.899668412,green,166.90732098019998
2023-01-14 06:21:00,20903.95,20900.95,20920.2,20875.7,104.85683179,2191302.57056542,red,166.0856156989
2023-01-14 06:42:00,20931.25,20933.9,20971.0,20902.1,272.69347582,5712485.754021135,green,163.7757436838
2023-01-14 07:03:00,20952.2,20944.25,20960.3,20912.3,135.14242669,2829180.227468832,red,163.5879639596
2023-01-14 07:24:00,20912.1,20912.274999999998,20947.2,20877.7,129.6988327,2712174.244917901,red,162.6880147978
2023-01-14 07:45:00,20889.9,20885.025,20905.1,20855.2,137.82893007,2878562.154451065,green,160.1832994536
2023-01-14 08:06:00,20933.75,20932.725,20969.2,20894.2,98.09234372,2052750.9187981351,green,157.5249359627
2023-01-14 08:27:00,20989.45,20984.475,21015.4,20943.6,185.08872715,3883020.256248856,green,158.0076976205
2023-01-14 08:48:00,20981.75,20982.95,21016.0,20952.3,139.49725529,2927837.588126706,red,158.7893361169
2023-01-14 09:09:00,20760.8,20693.525,20952.4,20300.1,638.52311962,13168493.15215267,red,164.70385366629998
2023-01-14 09:30:00,20527.1,20499.425,20570.5,20373.0,233.53143441,4784251.73071873,red,166.49416257499996
2023-01-14 09:51:00,20480.65,20481.600000000002,20545.9,20419.2,145.07648849999998,2971645.37165705,red,167.1414661604
2023-01-14 10:12:00,20415.05,20389.375,20491.1,20236.3,183.76999222,3739179.966592398,red,168.4863875445
2023-01-14 10:33:00,20424.9,20415.925000000003,20499.5,20314.4,126.19359604,2575419.071504321,green,169.42944701149997
2023-01-14 10:54:00,20598.6,20605.35,20747.0,20477.2,351.94323021,7242449.839374501,green,172.3389318756
2023-01-14 11:15:00,20698.6,20695.275,20739.9,20644.0,133.03299338,2752048.139350391,red,173.04752757760002
2023-01-14 11:36:00,20710.199999999997,20694.199999999997,20736.5,20619.9,93.24266956,1928355.4975807548,green,171.69480004520003
2023-01-14 11:57:00,20676.4,20658.550000000003,20741.5,20539.9,267.83241798,5523748.3846683,red,173.86401988230003
2023-01-14 12:18:00,20768.2,20774.800000000003,20949.9,20612.9,195.10487258,4059426.694482614,green,175.22121988700002
2023-01-14 12:39:00,20908.95,20911.475,20953.9,20874.1,69.62188388999999,1455900.191868187,red,175.63540881519998
2023-01-14 13:00:00,20850.4,20856.425,20936.6,20788.3,116.16536969,2424022.298495513,red,176.40576510449998
2023-01-14 13:21:00,20842.5,20863.55,20979.9,20789.3,118.92349994,2484403.220491231,green,177.30657947559996
2023-01-14 13:42:00,20901.15,20899.6,20934.7,20861.4,41.1126577,859370.191472812,green,176.6698681727
2023-01-14 14:03:00,20901.35,20903.05,20932.5,20877.0,80.05869921,1673578.633681423,red,176.8951058133
2023-01-14 14:24:00,20817.15,20851.85,21200.0,20573.1,451.94192681,9461583.270635623,red,181.0706535052
2023-01-14 14:45:00,20788.3,20794.325,20889.0,20711.7,135.68305074,2823301.765519905,green,182.0319520107
2023-01-14 15:06:00,20823.4,20803.8,20845.1,20723.3,137.07829413,2851162.933787875,red,183.0073879474
2023-01-14 15:27:00,20770.95,20761.8,20871.0,20634.3,152.83438234,3172214.834515413,red,184.276315839
2023-01-14 15:48:00,20771.6,20777.425,20849.8,20716.7,61.89533949,1286826.139608327,green,184.4611894564
2023-01-14 16:09:00,20813.550000000003,20810.025,20864.0,20749.0,55.58049489,1156659.38906129,green,183.9345537717
2023-01-14 16:30:00,20794.55,20798.275,20848.0,20756.0,39.08486499,813166.914806336,red,183.8974833017
2023-01-14 16:51:00,20797.65,20796.95,20834.6,20757.9,37.31995918,776454.092051298,green,183.8425393273
2023-01-14 17:12:00,20850.05,20855.2,20905.9,20814.8,96.30756316,2008505.134128534,green,184.3538757442
2023-01-14 17:33:00,20822.050000000003,20824.75,20892.5,20762.4,76.43218128,1592418.256378092,red,184.6538281661
2023-01-14 17:54:00,20745.25,20745.45,20803.1,20688.2,94.99884552,1970460.004343758,red,185.2567739379
2023-01-14 18:15:00,20715.6,20707.425,20738.3,20660.2,91.93266544,1903667.9008055609,green,185.4946046013
2023-01-14 18:36:00,20734.050000000003,20734.2,20767.6,20701.1,42.25601039,876202.776451033,green,185.6406026338
2023-01-14 18:57:00,20771.65,20769.775,20817.0,20718.8,54.29600263,1127663.861114771,green,185.6225911409
2023-01-14 19:18:00,20794.300000000003,20796.725000000002,20820.9,20777.4,44.96174659,934974.570610642,red,185.6101772117
2023-01-14 19:39:00,20785.5,20788.225,20851.7,20730.2,76.3412492,1587472.553496723,red,185.9669509863
2023-01-14 20:00:00,20787.449999999997,20787.25,20811.9,20762.2,42.44900509,882172.682784638,green,185.5345784381
2023-01-14 20:21:00,20815.3,20814.35,20840.0,20786.8,46.35126252,964750.8812686148,green,185.4675585805
2023-01-14 20:42:00,20855.050000000003,20856.975,20896.7,20821.1,100.30588055,2092765.8044458209,green,185.265085633
2023-01-14 21:03:00,20879.15,20882.675000000003,20942.0,20830.4,128.39610934,2682580.84739923,green,184.5028870434
2023-01-14 21:24:00,20885.300000000003,20885.600000000002,20919.6,20852.2,37.08341023,774593.725118327,green,183.3316934094
2023-01-14 21:45:00,20889.95,20885.725,20906.4,20856.6,23.48447532,490504.163108902,green,181.04869114380003
2023-01-14 22:06:00,20891.550000000003,20887.050000000003,20901.7,20863.4,27.74878674,579452.318433603,red,180.2218710245
2023-01-14 22:27:00,20927.95,20928.375,20980.0,20877.6,47.2503931,988976.344377431,green,178.9682766743
2023-01-14 22:48:00,20981.1,20986.449999999997,21060.0,20923.6,132.15057246,2773701.088630817,green,179.2892272274
2023-01-14 23:09:00,21024.15,21020.825,21062.6,20972.4,123.068508,2587453.262439144,green,179.78086042140004
2023-01-14 23:30:00,21037.7,21036.4,21067.0,21003.2,103.83575308,2183642.677053013,red,180.06743740040002
2023-01-14 23:51:00,20989.0,20970.875,21015.5,20890.0,135.63755926,2842901.223219312,red,179.7477970309
2023-01-15 00:12:00,20829.05,20820.45,20967.5,20656.2,220.63837981,4598662.725049992,red,181.02141690700003
2023-01-15 00:33:00,20720.75,20710.225,20779.7,20619.7,189.31221154,3917556.645702386,green,182.1381535234
2023-01-15 00:54:00,20733.6,20730.55,20793.0,20662.0,69.60534059,1442953.059628052,red,181.7165113577
2023-01-15 01:15:00,20717.25,20703.75,20731.9,20648.6,42.662153,882781.773302845,red,180.9754702053
2023-01-15 01:36:00,20743.05,20743.025,20772.0,20714.0,40.12877342,832638.54195557,green,178.72491822369997
2023-01-15 01:57:00,20751.2,20756.05,20807.0,20714.8,47.86469425,993876.850991315,red,171.47122313920002
2023-01-15 02:18:00,20717.2,20728.9,20778.5,20702.7,28.49525705,591073.614968225,red,167.93189517719998
2023-01-15 02:39:00,20688.5,20694.625,20731.3,20670.2,36.41240537,753749.58974629,red,165.62590665929997
2023-01-15 03:00:00,20658.65,20664.7,20712.8,20628.7,49.91186225,1031629.882613474,red,163.9388652829
2023-01-15 03:21:00,20654.8,20630.925,20672.6,20541.5,128.65174067,2650819.864338022,green,163.87478673980002
2023-01-15 03:42:00,20692.25,20697.225,20739.0,20665.4,64.85943033,1343191.016373665,green,163.6758903272
2023-01-15 04:03:00,20720.35,20722.1,20736.2,20711.5,28.38761469,588308.983529115,green,161.8029955012
2023-01-15 04:24:00,20715.199999999997,20719.725,20750.6,20697.9,61.41563197,1272754.770634958,red,160.2704188621
2023-01-15 04:45:00,20696.949999999997,20696.35,20713.0,20678.5,35.71641213,739150.729334708,red,159.9305970902
2023-01-15 05:06:00,20723.9,20723.475,20770.0,20676.1,28.01170224,580815.917029014,green,159.621030478
2023-01-15 05:27:00,20751.449999999997,20752.125,20779.2,20726.4,36.63416018,760241.267914573,red,159.1593436186
2023-01-15 05:48:00,20737.8,20738.449999999997,20753.8,20724.4,15.34199159,318241.456402437,red,158.22662181369998
2023-01-15 06:09:00,20749.85,20750.274999999998,20779.2,20722.2,17.72489989,367854.397219588,green,157.51234499350002
2023-01-15 06:30:00,20746.25,20743.2,20781.9,20698.4,27.65163363,573523.65602685,red,157.0868983059
2023-01-15 06:51:00,20704.15,20704.325,20737.9,20671.1,36.62173784,758235.777735996,red,156.5086957124
2023-01-15 07:12:00,20684.85,20690.675,20722.7,20670.3,24.95091824,516338.14325519,green,155.5089200131
2023-01-15 07:33:00,20703.050000000003,20706.15,20732.4,20686.1,18.17268354,376490.31159258704,green,153.13383847519998
2023-01-15 07:54:00,20722.4,20726.65,20745.6,20716.2,29.41221168,609801.4060773579,green,151.2636984587
2023-01-15 08:15:00,20695.8,20684.775,20737.5,20610.0,101.50115986,2097085.443259501,red,149.7153503616
2023-01-15 08:36:00,20642.15,20650.675000000003,20703.3,20615.1,42.88637843,885880.583060796,red,141.35328508729998
2023-01-15 08:57:00,20605.95,20604.55,20633.0,20573.3,72.13873688,1486240.81682429,red,138.7472923913
2023-01-15 09:18:00,20609.550000000003,20619.825,20666.0,20594.2,43.13972675,890290.148132187,green,137.0808492111
2023-01-15 09:39:00,20685.65,20684.800000000003,20750.0,20617.9,67.93513842,1405523.651064051,green,135.1340695271
2023-01-15 10:00:00,20746.65,20740.525,20756.0,20712.8,61.27511987,1270714.106836706,red,134.8077436881
2023-01-15 10:21:00,20732.35,20732.35,20744.5,20720.2,28.53625687,591621.51952323,red,134.0472975399
2023-01-15 10:42:00,20727.1,20720.699999999997,20736.6,20692.0,36.80336538,762572.178295238,green,133.4388475121
2023-01-15 11:03:00,20717.3,20708.574999999997,20734.1,20665.6,45.725842,946134.850127251,red,126.1844565945
2023-01-15 11:24:00,20703.65,20706.25,20728.5,20689.2,36.37949996,753277.477466328,green,113.39813235270002
2023-01-15 11:45:00,20720.050000000003,20718.325,20739.9,20693.3,62.8413698,1302247.143946772,green,108.0513099797
2023-01-15 12:06:00,20714.9,20714.125,20734.9,20691.8,53.28338478,1103170.412724036,red,105.3875225777
2023-01-15 12:27:00,20702.2,20691.9,20709.1,20654.1,44.65542068,923412.702608088,green,102.4464913556
2023-01-15 12:48:00,20704.65,20703.025,20718.4,20684.4,36.21089463,749491.484753991,red,100.8380715379
2023-01-15 13:09:00,20718.1,20721.175,20748.0,20700.5,52.09782838,1079816.92782616,green,98.7406050117
2023-01-15 13:30:00,20729.25,20746.375,20825.0,20702.0,190.15877287,3949878.569590637,red,99.0903167293
2023-01-15 13:51:00,20715.3,20708.675,20723.9,20680.2,74.82920416,1549257.924272917,red,98.8892523185
2023-01-15 14:12:00,20712.300000000003,20712.15,20725.0,20699.0,51.56859486,1068219.668518211,green,98.5131688787
2023-01-15 14:33:00,20757.050000000003,20759.875,20810.0,20715.4,145.44986845,3020749.753543195,green,99.0534845007
2023-01-15 14:54:00,20832.85,20826.125,20869.8,20769.0,140.38158189,2922490.299666361,green,99.5758776524
2023-01-15 15:15:00,20855.4,20857.2,20893.0,20825.0,111.39963013,2323502.004370823,red,99.487234108
2023-01-15 15:36:00,20885.1,20901.149999999998,20991.7,20842.7,303.6910959,6352675.217173909,green,101.1339493569
2023-01-15 15:57:00,20909.6,20911.45,20956.8,20869.8,126.66531461,2649288.823872364,red,101.1311455062
2023-01-15 16:18:00,20894.95,20891.975,20922.8,20855.2,72.49689572,1513835.895954382,green,100.7827367016
2023-01-15 16:39:00,20881.1,20880.35,20901.5,20857.7,54.08303712,1129214.53216078,red,100.3040213083
2023-01-15 17:00:00,20891.85,20893.425,20923.2,20866.8,44.01374699,919650.784169411,green,99.7246975192
2023-01-15 17:21:00,20955.15,20966.525,21046.8,20909.0,210.59588436,4417891.604377415,green,100.7820880449
2023-01-15 17:42:00,20934.0,20936.050000000003,21004.8,20871.4,99.36469252,2078465.315137855,red,99.04880021190002
2023-01-15 18:03:00,20839.9,20810.0,20888.5,20671.7,174.08961305,3616001.2534239497,red,99.4382720755
2023-01-15 18:24:00,20813.65,20805.975,20846.6,20750.0,47.14082885,980825.706917707,green,98.612692037
2023-01-15 18:45:00,20809.75,20814.825,20853.9,20785.9,37.94605468,790183.0362278561,red,97.6138632831
2023-01-15 19:06:00,20829.25,20834.75,20903.9,20776.6,60.70241997,1265760.055192531,green,97.2399640456
2023-01-15 19:27:00,20866.85,20866.525,20886.3,20846.1,41.31344731,861985.646697151,green,95.8022112472
2023-01-15 19:48:00,20869.55,20864.825,20879.5,20840.7,22.61310435,471650.965344642,red,94.6333697378
2023-01-15 20:09:00,20867.449999999997,20867.1,20881.0,20852.5,23.30189074,486226.80556457,green,88.48115744900001
2023-01-15 20:30:00,20884.5,20878.05,20902.9,20840.3,44.44440952,928006.449374183,green,86.5902872001
2023-01-15 20:51:00,20905.25,20902.925,20925.1,20876.1,53.5113914,1118441.496709045,green,85.6746362291
2023-01-15 21:12:00,20900.9,20894.325,20909.1,20866.4,47.01995419,982203.315704438,red,84.30713584879999
2023-01-15 21:33:00,20895.35,20899.55,20929.3,20878.2,50.8674009,1063269.062817164,green,83.55387389740001
2023-01-15 21:54:00,20859.199999999997,20855.375,20904.1,20799.0,84.74795463,1765948.408539376,red,80.8819211416
2023-01-15 22:15:00,20807.35,20802.925,20845.2,20751.8,87.40484961,1818329.336332362,red,80.4256397039
2023-01-15 22:36:00,20855.9,20863.2,20946.9,20794.1,80.79220012,1685674.517459779,green,80.3011350095
2023-01-15 22:57:00,20901.050000000003,20901.300000000003,20938.0,20865.1,47.14527299,985077.171721962,red,78.09426355960001
2023-01-15 23:18:00,20873.3,20875.075,20910.0,20843.7,48.74710911,1017527.753372556,red,76.63068592489999
2023-01-15 23:39:00,20870.449999999997,20868.024999999998,20884.7,20846.5,36.88060579,769527.231226294,green,76.3032731439
2023-01-16 00:00:00,20839.1,20850.699999999997,20926.6,20798.0,139.13420111,2902643.6328035463,red,76.5329614581
2023-01-16 00:21:00,20824.9,20822.1,20862.6,20776.0,122.18381794,2544609.159433029,green,76.5655646381
2023-01-16 00:42:00,20888.1,20899.25,20991.7,20829.1,203.96675039,4268553.976144132,green,78.194105565
2023-01-16 01:03:00,20997.6,21057.125,21314.0,20919.3,564.37948963,11941862.542777829,green,83.0373134692
2023-01-16 01:24:00,21100.0,21097.175,21139.0,21049.7,138.53328539,2923633.856773727,green,79.903227055
2023-01-16 01:45:00,21136.800000000003,21149.625,21211.4,21113.5,99.60071693,2108424.112194204,red,79.5424037169
2023-01-16 02:06:00,21225.75,21253.325,21427.0,21134.8,249.21781658,5309743.005928476,green,80.6637989414
2023-01-16 02:27:00,21272.449999999997,21279.574999999997,21373.0,21200.4,198.23472265,4220252.032891445,red,81.1178023445
2023-01-16 02:48:00,21180.85,21164.6,21239.0,21057.7,203.86967756,4316441.729143243,red,82.5375457252
2023-01-16 03:09:00,21128.85,21114.15,21140.8,21058.1,143.62301574,3030454.469501869,red,83.4179709337
2023-01-16 03:30:00,21091.699999999997,21092.524999999998,21152.5,21034.2,89.21369697,1880867.484570318,red,83.9192592535
2023-01-16 03:51:00,21089.85,21089.675,21119.9,21059.1,33.14548402,698963.092329088,green,83.87751450189998
2023-01-16 04:12:00,21108.6,21103.1,21152.8,21042.4,69.48521869,1465996.421514459,red,83.60929105720001
2023-01-16 04:33:00,21123.15,21122.6,21160.5,21083.6,35.2122324,743573.28589305,green,83.19709156840001
2023-01-16 04:54:00,21157.800000000003,21151.875,21169.0,21122.9,31.52707131,666617.187007136,green,82.5623738263
2023-01-16 05:15:00,21163.25,21159.075,21183.3,21126.5,38.05285577,804944.68190871,red,82.0235757296
2023-01-16 05:36:00,21176.65,21180.475,21211.1,21157.5,49.52418643,1049310.411506189,green,82.09625749000001
2023-01-16 05:57:00,21190.2,21187.925,21211.3,21160.0,80.86737943,1713338.522400515,red,82.361971258
2023-01-16 06:18:00,21171.8,21159.0,21184.8,21107.6,69.0808478,1460971.01739807,red,82.6031622701
2023-01-16 06:39:00,21154.050000000003,21170.4,21258.1,21115.4,111.10467018,2353004.565503085,red,82.9507964799
2023-01-16 07:00:00,21131.0,21122.2,21156.8,21070.0,128.71948147,2715909.054182699,red,83.81350124369999
2023-01-16 07:21:00,21100.15,21102.800000000003,21123.3,21087.6,26.66130585,562632.01458332,red,83.616601677
2023-01-16 07:42:00,21091.6,21091.199999999997,21113.1,21068.5,36.65488889,773064.604244264,green,82.98009176040001
2023-01-16 08:03:00,20955.15,20915.2,21104.5,20646.0,474.06481133,9870071.692621963,red,86.43677878029999
2023-01-16 08:24:00,20791.550000000003,20791.600000000002,20818.5,20764.8,167.46802709,3481214.589832957,red,87.7406249489
2023-01-16 08:45:00,20758.45,20759.175,20800.0,20719.8,91.89675136,1907789.668664275,red,88.42474770930001
2023-01-16 09:06:00,20781.55,20776.85,20821.8,20722.5,65.87970032,1368783.668451489,green,88.80605684510002
2023-01-16 09:27:00,20809.25,20807.925,20837.0,20776.2,45.60147686,949108.519883944,red,88.7895676827
2023-01-16 09:48:00,20835.05,20832.875,20864.0,20797.4,35.6301837,742209.604473556,green,87.8243637951
2023-01-16 10:09:00,20853.7,20860.45,20898.7,20835.7,84.7073129,1766811.43822724,red,87.44075184409999
2023-01-16 10:30:00,20827.449999999997,20826.949999999997,20852.8,20800.1,40.4921807,843431.344132846,red,86.8073161203
2023-01-16 10:51:00,20823.2,20828.125,20857.2,20808.9,46.20531998,962538.49824197,green,85.9129937275
2023-01-16 11:12:00,20824.05,20820.875,20853.2,20782.2,88.69657583,1846329.808319183,red,84.59357568770001
2023-01-16 11:33:00,20817.4,20820.975000000002,20847.9,20801.2,34.81682758,725213.938181587,green,83.04862184810001
2023-01-16 11:54:00,20836.8,20835.65,20854.9,20814.1,34.23550517,713244.283129997,green,82.6949234939
2023-01-16 12:15:00,20835.0,20836.525,20870.8,20805.3,43.26530025,901819.330002676,red,82.70095496639999
2023-01-16 12:36:00,20808.1,20809.275,20838.0,20782.9,67.19473402999999,1398118.418785228,red,82.9716145725
2023-01-16 12:57:00,20823.0,20822.95,20867.0,20778.8,94.12716952,1960291.339490953,green,83.4342393252
2023-01-16 13:18:00,20838.6,20838.75,20856.7,20821.1,81.71428767,1702771.885286876,red,83.9664296314
2023-01-16 13:39:00,20826.55,20813.5,20829.0,20771.9,140.11689457,2914834.102900647,red,85.0034745234
2023-01-16 14:00:00,20826.949999999997,20811.824999999997,20836.9,20756.5,109.76418694,2283630.614881584,green,85.6019977703
2023-01-16 14:21:00,20843.0,20848.65,20886.5,20822.1,271.0467274,5655606.323003747,green,87.0259476376
2023-01-16 14:42:00,20846.7,20851.075,20881.0,20829.9,73.08103928,1524264.985308374,red,87.1081637271
2023-01-16 15:03:00,20846.65,20795.325,20869.0,20619.0,347.11330403,7203282.157738747,green,90.2954206205
2023-01-16 15:24:00,20915.15,20937.1,21062.1,20856.0,296.47750745,6208881.8693391215,green,92.6460393753
2023-01-16 15:45:00,20966.300000000003,20976.975000000002,21044.0,20931.3,148.01294451,3106038.740867855,red,93.7690046991
2023-01-16 16:06:00,20971.050000000003,20984.575,21046.0,20950.2,138.97248161000002,2919137.94581709,green,94.8786124928
2023-01-16 16:27:00,20972.300000000003,20970.525,20997.4,20940.1,73.23225525,1534997.365191588,red,95.2445934435
2023-01-16 16:48:00,20981.550000000003,20975.825,21021.9,20918.3,127.92222979,2683662.101283824,green,96.3703958255
2023-01-16 17:09:00,21018.85,21044.75,21154.0,20987.3,169.10104243,3561914.306579314,green,97.8841572509
2023-01-16 17:30:00,21066.45,21072.4,21147.1,21009.6,152.65181371,3217493.144399443,green,99.1341590517
2023-01-16 17:51:00,21094.550000000003,21092.15,21120.6,21058.9,118.6623096,2502783.765599125,red,99.95456476930002
2023-01-16 18:12:00,21079.85,21076.05,21090.0,21054.5,82.86033121,1746470.3707465471,red,100.533658899
2023-01-16 18:33:00,21127.0,21132.75,21207.0,21070.0,249.86092918,5286383.770803338,green,102.8505413554
2023-01-16 18:54:00,21264.5,21279.2,21404.0,21183.8,511.33154233,10902999.187349703,green,107.6697346619
2023-01-16 19:15:00,21336.35,21317.625,21377.6,21220.2,133.47683109,2842576.831969853,red,107.9894913742
2023-01-16 19:36:00,21329.699999999997,21329.449999999997,21374.8,21283.6,120.83923047,2577186.776445394,red,108.7690198946
2023-01-16 19:57:00,21305.95,21291.925,21336.3,21219.5,131.83757357,2805641.125595988,red,109.3660082615
2023-01-16 20:18:00,21273.2,21312.275,21444.8,21257.9,252.42836388,5388137.7377913445,red,111.4588946328
2023-01-16 20:39:00,21273.949999999997,21280.6,21334.5,21240.0,92.58702173,1971684.039018754,green,111.7054134659
2023-01-16 21:00:00,21233.0,21214.425000000003,21289.8,21101.9,168.31747631,3567274.1159380227,red,112.7758370303
2023-01-16 21:21:00,21153.45,21135.35,21184.5,21050.0,176.09469733,3717702.658546822,red,114.2514214349
2023-01-16 21:42:00,21143.35,21140.425,21161.6,21113.4,32.96011654,696645.819730701,green,114.2129889465
2023-01-16 22:03:00,21167.3,21174.85,21220.0,21144.8,61.98769544,1313327.146644381,green,114.3756074809
2023-01-16 22:24:00,21170.45,21173.45,21208.0,21144.9,38.0419139,805720.03884371,red,114.3922316203
2023-01-16 22:45:00,21159.85,21160.85,21197.7,21126.0,39.35784853,833013.857030231,red,114.1573964076
2023-01-16 23:06:00,21176.25,21162.375,21197.0,21100.0,49.07750419,1038371.034499066,green,114.1153376017
2023-01-16 23:27:00,21182.85,21188.8,21222.6,21166.9,39.43465261,835848.399006726,red,114.063129921
2023-01-16 23:48:00,21175.65,21154.15,21186.5,21078.8,89.59291001,1893847.760934816,green,114.5969500748
2023-01-17 00:09:00,21200.1,21218.85,21295.2,21180.0,140.10564659,2977048.484516787,green,115.4770282569
2023-01-17 00:30:00,21158.4,21152.100000000002,21220.9,21070.7,145.28221298,3071535.473850176,red,115.028262658
2023-01-17 00:51:00,21089.25,21097.125,21144.3,21065.7,71.80639264999999,1515368.144461715,red,114.9980345429
2023-01-17 01:12:00,21047.25,20997.775,21088.6,20808.0,225.29970589,4720839.177079582,red,116.7353456532
2023-01-17 01:33:00,21022.55,21020.4,21050.0,20986.5,27.58027233,579948.266295408,green,115.556649692
2023-01-17 01:54:00,21023.949999999997,21029.175,21060.1,21008.7,26.20346523,551211.290065239,red,114.4148685254
2023-01-17 02:15:00,21033.85,21028.475,21056.8,20989.4,21.48219246,451805.961729121,green,113.5156941487
2023-01-17 02:36:00,21063.95,21066.675,21095.0,21043.8,32.66670855,688295.321576156,green,110.8054502752
2023-01-17 02:57:00,21076.4,21081.75,21110.0,21064.2,31.87616151,672116.685819516,green,109.8575587442
2023-01-17 03:18:00,21095.199999999997,21097.774999999998,21124.0,21076.7,43.24086908,912406.686048405,green,109.5649984778
2023-01-17 03:39:00,21119.85,21130.025,21170.0,21110.4,49.34655641,1043087.905705127,green,109.5176336707
2023-01-17 04:00:00,21138.0,21132.85,21150.0,21105.4,22.23234024,469601.107803857,green,109.2998196032
2023-01-17 04:21:00,21159.7,21174.825,21230.0,21149.9,91.29272552,1934361.127352539,green,108.1067880148
2023-01-17 04:42:00,21168.95,21164.975,21176.8,21145.2,29.17600382,617415.055118201,red,107.4049011278
2023-01-17 05:03:00,21162.95,21162.85,21183.0,21142.5,30.89057012,653830.038208997,red,105.9729106985
2023-01-17 05:24:00,21160.0,21154.8,21166.2,21133.0,21.02657164,444704.629882892,green,105.7117681264
2023-01-17 05:45:00,21151.15,21150.775,21165.6,21135.2,23.64028748,499919.111795553,red,105.5687104544
2023-01-17 06:06:00,21135.4,21132.575,21143.5,21116.0,33.00291609,697394.61438797,red,105.2917154156
2023-01-17 06:27:00,21119.6,21117.65,21149.4,21082.0,71.97802038,1520100.488711272,red,105.5983611463
2023-01-17 06:48:00,21109.4,21100.025,21117.3,21064.0,51.98684788,1096320.203002399,red,105.8920985816
2023-01-17 07:09:00,21106.449999999997,21122.574999999997,21174.8,21102.6,77.27505939999999,1633789.958919492,red,106.4318302682
2023-01-17 07:30:00,21099.65,21095.275,21116.7,21065.1,56.62554492,1194025.928119429,red,106.5536416222
2023-01-17 07:51:00,21120.65,21122.475,21152.0,21096.6,61.7754113,1305367.485426794,green,106.6362818212
2023-01-17 08:12:00,21162.65,21169.7,21208.8,21144.7,108.26502277,2293727.890911173,green,107.248732507
2023-01-17 08:33:00,21188.949999999997,21188.274999999998,21207.6,21167.6,35.21236966,746023.733972638,green,107.0921821946
2023-01-17 08:54:00,21187.15,21199.725,21247.6,21177.0,110.52599177,2344584.246424372,red,107.349962566
2023-01-17 09:15:00,21169.4,21168.85,21191.6,21145.0,94.10850409,1991920.217088145,red,107.4169991108
2023-01-17 09:36:00,21162.3,21166.625,21191.8,21150.1,79.9578243,1692558.494190546,green,107.4086553526
2023-01-17 09:57:00,21151.2,21152.8,21179.0,21129.8,110.26586777,2332349.571754921,red,108.0398613004
2023-01-17 10:18:00,21117.4,21119.475,21158.1,21085.0,95.87380056,2024913.954161039,red,108.5111282149
2023-01-17 10:39:00,21112.55,21116.55,21149.9,21091.2,68.69174548,1450782.6689959,green,108.8292396118
2023-01-17 11:00:00,21145.5,21140.1,21164.4,21105.0,60.209829670000005,1272612.670268457,green,108.0399958974
2023-01-17 11:21:00,21164.4,21168.625,21187.9,21157.8,43.70298454,925338.730986141,green,107.2551875634
2023-01-17 11:42:00,21188.35,21194.275,21234.4,21166.0,78.32981288,1660878.710766874,green,105.9988181883
2023-01-17 12:03:00,21269.15,21266.4,21334.0,21193.3,164.18050656,3492752.831477413,green,101.9968283576
2023-01-17 12:24:00,21294.65,21295.875,21346.6,21247.6,120.30311807,2561404.248446498,red,101.8145266844
2023-01-17 12:45:00,21245.1,21242.0,21270.8,21207.0,58.82865142,1249159.831872391,red,101.4068060293
2023-01-17 13:06:00,21230.75,21220.875,21242.1,21179.9,54.62596842,1158844.1185600809,green,99.4608875477
2023-01-17 13:27:00,21234.8,21235.85,21262.4,21211.4,59.49146992,1262997.083937499,green,98.0734550204
2023-01-17 13:48:00,21278.65,21280.0,21343.9,21218.8,124.28091277,2645952.992555026,green,97.2775673725
2023-01-17 14:09:00,21298.699999999997,21360.774999999998,21584.7,21261.0,789.66752526,16892519.774508737,red,103.7380124677
2023-01-17 14:30:00,21216.2,21203.5,21318.0,21063.6,297.61106189000003,6299750.18043267,red,105.8219861169
2023-01-17 14:51:00,21226.699999999997,21245.8,21382.8,21147.0,269.21298208,5736818.347513776,green,108.1826610975
2023-01-17 15:12:00,21253.05,21266.675,21354.6,21206.0,166.5699583,3546799.803521306,red,109.1535084936
2023-01-17 15:33:00,21166.55,21156.15,21257.1,21034.4,179.25286043,3790070.022221365,red,110.5939147739
2023-01-17 15:54:00,21111.85,21126.075,21199.9,21080.7,96.09394714,2031150.401185978,red,111.2395835322
2023-01-17 16:15:00,21127.9,21134.325,21187.4,21094.1,84.77152812,1792012.288309177,green,111.7067702557
2023-01-17 16:36:00,21165.65,21178.350000000002,21240.9,21141.2,110.54669902,2344015.647207269,green,112.3169953816
2023-01-17 16:57:00,21145.3,21150.375,21199.9,21111.0,96.51383395,2042182.374452874,red,112.4734599268
2023-01-17 17:18:00,21146.55,21140.575,21182.0,21087.2,94.87018573,2004281.758836307,green,112.7313533061
2023-01-17 17:39:00,21200.45,21203.2,21244.7,21167.2,71.49072373,1515465.637545791,green,112.3352138416
2023-01-17 18:00:00,21237.95,21237.175,21282.8,21190.0,137.10563794,2911148.832682878,green,112.4190754063
2023-01-17 18:21:00,21306.1,21301.3,21365.3,21227.7,203.11487584,4328007.851404564,green,114.1836111062
2023-01-17 18:42:00,21344.95,21345.975000000002,21412.2,21281.8,209.30643096,4469366.615747093,red,115.9101265269
2023-01-17 19:03:00,21313.75,21316.825,21354.8,21285.0,137.17427997,2923208.219906335,red,112.5412212133
2023-01-17 19:24:00,21326.05,21331.2,21380.0,21292.7,161.08051018,3438785.1881211093,green,112.4773460442
2023-01-17 19:45:00,21355.6,21347.774999999998,21359.6,21320.3,77.00462527,1643378.830607927,red,112.3284247833
2023-01-17 20:06:00,21363.300000000003,21358.325,21391.0,21315.7,110.60603879,2362813.448417819,green,112.775688168
2023-01-17 20:27:00,21347.35,21347.775,21386.3,21310.1,75.0882089,1602824.861472086,red,113.0705554884
2023-01-17 20:48:00,21320.15,21326.4,21402.0,21263.3,150.46410844,3209377.616209267,red,114.2188947358
2023-01-17 21:09:00,21324.800000000003,21320.575,21339.7,21293.0,54.8412094,1169262.147680004,green,113.9202337008
2023-01-17 21:30:00,21321.95,21313.575,21331.4,21279.0,92.38879598,1968116.074491376,red,114.4391998536
2023-01-17 21:51:00,21306.75,21310.15,21333.1,21294.0,50.65138846,1079807.099292117,red,114.4836605384
2023-01-17 22:12:00,21300.3,21303.774999999998,21323.3,21291.2,45.91276969,978238.196056926,red,114.055822477
2023-01-17 22:33:00,21272.15,21268.525,21299.7,21230.1,90.73864411,1929462.679479423,red,114.6150406423
2023-01-17 22:54:00,21254.35,21246.475,21273.7,21203.5,111.48160033,2367037.844884304,green,115.3875015939
2023-01-17 23:15:00,21225.95,21224.15,21265.7,21179.0,107.47796476,2280397.628449633,red,116.02962823900002
2023-01-17 23:36:00,21160.6,21160.375,21190.0,21130.3,172.01638781,3639827.098528399,red,117.0778447768
2023-01-17 23:57:00,21148.2,21147.175,21183.3,21109.0,175.00008188,3700640.278904818,green,117.8865739004
2023-01-18 00:18:00,21197.8,21194.325,21233.5,21148.2,100.46345159,2128629.567014166,green,118.0740655396
2023-01-18 00:39:00,21218.1,21218.375,21239.0,21198.3,46.06424989,977380.264913058,red,117.1335390928
2023-01-18 01:00:00,21210.85,21221.574999999997,21262.0,21202.6,64.74279211,1375113.875789883,green,116.6833251445
2023-01-18 01:21:00,21218.5,21213.3,21236.6,21179.6,63.83195914,1353630.992414806,red,114.61117746189998
2023-01-18 01:42:00,21227.8,21224.45,21247.7,21194.5,51.15515095,1085579.685303786,green,114.3919185786
2023-01-18 02:03:00,21229.75,21226.525,21242.3,21204.3,41.29441073,876458.8314690681,red,111.33372964560002
2023-01-18 02:24:00,21259.550000000003,21254.100000000002,21345.0,21152.3,166.384629,3534620.467392802,green,110.0328008611
2023-01-18 02:45:00,21290.35,21299.1,21350.7,21265.0,134.32015986,2861408.001928148,red,109.8958730146
2023-01-18 03:06:00,21301.9,21312.85,21371.0,21276.6,140.49375418,2998302.381885924,green,109.91108574029998
2023-01-18 03:27:00,21316.550000000003,21309.825,21330.0,21276.2,106.28473668,2264549.438298615,red,110.24161055460002
2023-01-18 03:48:00,21275.9,21277.050000000003,21322.4,21234.0,65.85483891,1400957.166970334,red,109.6209366458
2023-01-18 04:09:00,21265.4,21265.4,21293.2,21237.6,36.20302348,770106.697931205,green,108.2919564563
2023-01-18 04:30:00,21289.050000000003,21283.15,21298.2,21256.3,41.84539541,890266.456075258,red,107.1838922733
2023-01-18 04:51:00,21284.95,21278.449999999997,21287.3,21256.6,44.40028562,944442.870365069,red,106.44127203349998
2023-01-18 05:12:00,21286.75,21292.45,21316.0,21280.3,49.5541354,1055383.3661058089,green,106.1082100754
2023-01-18 05:33:00,21294.15,21289.65,21300.0,21270.3,38.54207027,820253.180504627,green,103.9950214863
2023-01-18 05:54:00,21288.35,21291.574999999997,21313.0,21276.6,58.93318207,1255155.688648218,red,99.4710378837
2023-01-18 06:15:00,21271.25,21271.7,21282.5,21261.8,32.52829547,691956.990519882,red,98.4615525275
2023-01-18 06:36:00,21260.4,21267.625,21299.7,21250.0,67.74465773,1441108.1889079649,red,97.9306068001
2023-01-18 06:57:00,21267.2,21268.4,21288.2,21251.0,65.66416209,1396625.582504416,green,97.2688726853
2023-01-18 07:18:00,21279.1,21281.675,21301.7,21266.8,70.97479435,1510501.113935139,red,95.45433699000002
2023-01-18 07:39:00,21291.1,21289.25,21306.0,21268.8,84.6500895,1802267.033303254,green,95.3749676677
2023-01-18 08:00:00,21284.5,21283.575,21313.0,21252.3,123.8051607,2634489.540913082,red,94.92984451159998
2023-01-18 08:21:00,21255.45,21248.65,21271.4,21212.3,138.08983666,2932170.250286959,red,94.5497959049
2023-01-18 08:42:00,21243.45,21242.775,21263.6,21220.6,49.07706245,1042711.548064361,red,94.710965364
2023-01-18 09:03:00,21253.050000000003,21238.15,21282.4,21164.1,177.73747849,3771536.274939374,green,95.8684631945
2023-01-18 09:24:00,21227.35,21227.0,21267.2,21186.1,40.44071935,858358.473989189,red,95.892451249
2023-01-18 09:45:00,21209.0,21208.4,21234.0,21181.6,44.31592063,939989.057266566,green,95.94203197
2023-01-18 10:06:00,21237.15,21237.9,21256.0,21221.3,41.28267595,876706.279347962,green,95.8640836876
2023-01-18 10:27:00,21224.75,21220.45,21243.9,21188.4,62.13783162,1317809.078107821,red,96.0911154777
2023-01-18 10:48:00,21203.4,21195.4,21207.6,21167.2,48.7059437,1032015.873164595,red,95.6822458146
2023-01-18 11:09:00,21206.6,21205.75,21220.4,21189.4,37.27317659,790360.956900719,green,94.6539211146
2023-01-18 11:30:00,21208.55,21212.85,21234.8,21199.5,35.141223090000004,745509.537447362,red,93.5525112157
2023-01-18 11:51:00,21210.75,21211.675,21220.4,21204.8,36.75771025,779679.9561400099,green,93.2020243917
2023-01-18 12:12:00,21221.65,21225.925,21244.1,21216.3,37.09589219,787594.997760507,green,91.3199862547
2023-01-18 12:33:00,21248.949999999997,21255.449999999997,21298.1,21225.8,106.14881755,2257449.723761236,green,92.1056717069
2023-01-18 12:54:00,21277.800000000003,21278.7,21299.0,21260.2,67.08691575,1427532.738106051,green,92.5145062121
2023-01-18 13:15:00,21277.3,21287.125,21385.9,21208.0,639.79034257,13629144.93005535,red,98.6975877132
2023-01-18 13:36:00,21350.85,21353.1,21466.0,21244.7,403.1906552,8615508.019028103,green,102.4028271797
2023-01-18 13:57:00,21478.05,21472.3,21563.0,21370.1,347.22905976,7457445.150937663,green,105.5563561622
2023-01-18 14:18:00,21424.300000000003,21452.35,21639.2,21321.6,382.1286052,8205508.383484028,red,108.94523352339998
2023-01-18 14:39:00,21372.65,21376.050000000003,21444.9,21314.0,122.68721548,2624112.092263327,green,109.6786401141
2023-01-18 15:00:00,21433.300000000003,21459.525,21555.9,21415.6,156.89311011,3370658.793392637,green,111.0252478128
2023-01-18 15:21:00,21392.1,21384.274999999998,21454.6,21298.3,117.29630537,2507085.250324095,red,111.2852836113
2023-01-18 15:42:00,21126.75,21109.0,21343.5,20839.0,705.6344939,14843990.908514824,red,118.0498685121
2023-01-18 16:03:00,20798.75,20771.6,20969.8,20519.1,594.11575677,12331221.72994936,red,123.68212037860002
2023-01-18 16:24:00,20586.3,20590.825,20771.9,20418.8,368.22396323,7588423.905376919,red,127.1540942945
2023-01-18 16:45:00,20690.800000000003,20694.600000000002,20992.8,20404.0,669.90790643,13875316.782080228,green,133.616770484
2023-01-18 17:06:00,20885.75,20939.35,21129.9,20856.0,411.04059559,8625157.921296842,red,137.397147279
2023-01-18 17:27:00,20883.55,20909.3,21022.9,20847.2,252.95089614,5290815.438645137,green,139.2068760366
2023-01-18 17:48:00,20870.5,20881.35,20941.2,20843.2,146.84234434,3067074.571889414,red,140.1554310012
2023-01-18 18:09:00,20924.1,20936.525,21050.0,20847.9,131.68451777,2758896.5644556917,green,140.69952558490002
2023-01-18 18:30:00,20968.25,20958.85,21054.9,20844.0,192.92330621,4038496.215554088,red,142.06250319780003
2023-01-18 18:51:00,20943.1,20932.525,20960.9,20883.0,74.24182697,1553634.2361599249,green,142.1871673545
2023-01-18 19:12:00,20950.4,20946.825,20973.7,20912.8,77.92353079,1631852.474412415,green,141.8837524347
2023-01-18 19:33:00,20940.199999999997,20938.6,20974.0,20900.0,83.26599238,1743248.747027982,red,142.36428866190002
2023-01-18 19:54:00,20915.0,20905.949999999997,20934.7,20859.1,77.47279162,1619171.877075872,red,142.0337566604
2023-01-18 20:15:00,20844.5,20833.875,20913.5,20733.0,120.18441257,2502756.210497724,red,142.29451574520002
2023-01-18 20:36:00,20746.4,20737.525,20794.5,20662.8,187.17397358,3879130.22515066,red,143.366677238
2023-01-18 20:57:00,20770.4,20769.725000000002,20833.9,20704.2,75.65818282,1571113.164393392,green,143.0206003885
2023-01-18 21:18:00,20807.35,20794.8,20826.5,20738.0,60.75000789,1262071.961407338,red,142.6693624618
2023-01-18 21:39:00,20784.1,20786.05,20806.0,20770.0,38.12215482,792501.041275181,red,142.36366655519998
2023-01-18 22:00:00,20741.699999999997,20720.399999999998,20780.2,20618.0,119.64205885,2476598.757982852,red,142.957988847
2023-01-18 22:21:00,20723.15,20731.125,20776.9,20701.3,69.74023689,1446213.223246137,green,143.21836137050002
2023-01-18 22:42:00,20770.05,20773.8,20818.8,20736.3,57.45112771,1194496.601285341,green,143.0095745188
2023-01-18 23:03:00,20767.449999999997,20770.449999999997,20812.2,20734.7,39.40900607,818494.900173856,red,141.7618595139
2023-01-18 23:24:00,20722.45,20717.875,20755.8,20670.8,131.16489664,2717211.80478826,red,141.8704772996
2023-01-18 23:45:00,20704.45,20701.050000000003,20747.9,20647.4,177.27063381,3668110.698267856,red,143.05489712349998
2023-01-19 00:06:00,20693.4,20707.75,20760.9,20683.3,61.18991031,1267910.103146254,red,143.1205365424
2023-01-19 00:27:00,20705.9,20706.925000000003,20740.8,20675.1,50.30105405,1041848.024236586,green,143.0286323837
2023-01-19 00:48:00,20727.25,20718.525,20740.0,20679.6,72.6694726,1504265.144006948,green,142.512517982
2023-01-19 01:09:00,20747.699999999997,20744.6,20773.4,20709.6,53.66743041,1113382.785535168,green,135.15251703349998
2023-01-19 01:30:00,20740.6,20741.925,20773.2,20713.3,39.25690526,814507.245096759,red,132.5689754672
2023-01-19 01:51:00,20702.4,20706.225,20730.5,20689.6,73.17281627,1515446.618817773,red,130.6085738091
2023-01-19 02:12:00,20718.9,20711.35,20748.0,20659.6,76.11864603000001,1575681.139793998,green,129.7040606864
2023-01-19 02:33:00,20750.2,20754.1,20773.3,20742.7,34.85325804,723485.461413892,green,128.2600646625
2023-01-19 02:54:00,20766.949999999997,20768.3,20788.8,20750.5,64.29556,1335572.451029483,green,127.9420807911
2023-01-19 03:15:00,20773.1,20780.375,20813.3,20762.0,56.50705746,1174742.006401621,red,127.65943608450002
2023-01-19 03:36:00,20762.25,20765.45,20786.6,20750.7,34.08767241,707921.6085390591,red,126.8948458184
2023-01-19 03:57:00,20769.15,20769.85,20797.2,20743.9,53.49512482,1111143.225676755,green,126.4646587271
2023-01-19 04:18:00,20809.65,20816.15,20869.9,20775.4,69.74772082,1453023.135199865,green,126.213434078
2023-01-19 04:39:00,20825.050000000003,20824.375,20839.4,20808.0,44.53652377,927410.130270096,red,125.9438920784
2023-01-19 05:00:00,20822.05,20824.85,20849.6,20805.7,34.62486462,721293.99233725,green,124.9190843452
2023-01-19 05:21:00,20817.05,20817.574999999997,20835.8,20800.4,30.1296488,627140.017405992,red,123.1892320748
2023-01-19 05:42:00,20807.800000000003,20808.275,20821.3,20796.2,29.08678446,605222.973959216,green,121.38703560979998
2023-01-19 06:03:00,20811.55,20815.2,20836.5,20801.2,32.894578790000004,684685.171363588,red,120.344238598
2023-01-19 06:24:00,20829.0,20828.55,20851.1,20805.1,49.76514325,1036944.334150431,green,119.2310849287
2023-01-19 06:45:00,20841.6,20839.775,20850.9,20825.0,26.23588379,546696.914738383,red,118.7233975139
2023-01-19 07:06:00,20832.25,20830.25,20844.3,20812.2,30.832986740000003,642211.183057452,red,117.9256669934
2023-01-19 07:27:00,20828.800000000003,20825.45,20839.6,20804.6,50.74724987,1056623.377014538,red,117.6822574031
2023-01-19 07:48:00,20833.7,20829.975000000002,20841.2,20811.3,100.23227159,2087480.535659151,green,117.1799390346
2023-01-19 08:09:00,20821.75,20816.325,20844.6,20777.2,96.41213275,2006251.069770355,red,117.5956482681
2023-01-19 08:30:00,20794.5,20794.875,20813.6,20776.9,39.6379012,824408.5974371,red,117.0681393203
2023-01-19 08:51:00,20774.65,20774.625,20790.2,20759.0,70.49940817,1464499.1953554,red,117.26661951740002
2023-01-19 09:12:00,20757.699999999997,20764.0,20793.0,20747.6,86.41930912,1794871.164573469,red,117.6716849117
2023-01-19 09:33:00,20771.5,20770.35,20807.6,20730.8,70.96560374,1474194.202070985,green,117.473954508
2023-01-19 09:54:00,20796.050000000003,20793.050000000003,20801.0,20779.1,37.68253419,783462.327370791,green,116.7359638466
2023-01-19 10:15:00,20779.4,20778.7,20801.0,20755.0,37.47103066,778439.071312552,red,116.03589450559998
2023-01-19 10:36:00,20768.5,20769.875,20787.5,20755.0,60.97055929,1266321.971364087,green,114.9254362204
2023-01-19 10:57:00,20761.6,20765.925,20796.5,20744.0,63.34616813,1315993.25015477,red,113.8088970829
2023-01-19 11:18:00,20740.5,20734.45,20746.8,20710.0,80.17248397,1661810.2614333949,red,113.6059874067
2023-01-19 11:39:00,20738.550000000003,20737.925000000003,20748.8,20725.8,36.66997501,760480.418371741,green,113.5120446579
2023-01-19 12:00:00,20753.5,20748.9,20772.7,20715.9,74.38024494,1542969.387193851,green,113.6084191862
2023-01-19 12:21:00,20755.949999999997,20754.149999999998,20767.5,20737.2,46.95998972,974543.931195242,red,113.439699492
2023-01-19 12:42:00,20732.85,20722.0,20745.3,20677.0,98.12067493,2032467.31884144,red,113.9093547318
2023-01-19 13:03:00,20713.1,20701.925,20720.4,20661.1,119.60667932,2475274.530675088,red,114.6924774177
2023-01-19 13:24:00,20738.95,20739.575,20781.7,20698.7,244.40641689,5070182.041717251,green,115.4726952966
2023-01-19 13:45:00,20767.8,20774.45,20806.7,20755.5,80.24431802,1667687.283056967,red,114.9319368782
2023-01-19 14:06:00,20755.75,20749.025,20763.6,20721.0,98.293861,2038463.451336729,red,114.5099379464
2023-01-19 14:27:00,20768.9,20790.35,20875.7,20747.9,206.01726109,4287408.395736037,green,115.5072631905
2023-01-19 14:48:00,20844.4,20841.225,20923.1,20753.0,239.5700044,4988391.053099522,green,117.2444148454
2023-01-19 15:09:00,20897.2,20895.125,20958.2,20827.9,193.71638411,4047110.714300127,green,118.8195484517
2023-01-19 15:30:00,20888.45,20889.025,20919.1,20860.1,105.9888566,2214024.992120072,red,119.4609830636
2023-01-19 15:51:00,20885.9,20878.475000000002,20912.9,20829.2,111.55773026,2327754.277783938,green,120.13255751
2023-01-19 16:12:00,20884.35,20890.3,20922.1,20870.4,68.32493413,1428159.056122204,red,120.3202654973
2023-01-19 16:33:00,20870.75,20867.199999999997,20888.7,20838.6,84.51211667,1763348.447278211,red,120.77996596129998
2023-01-19 16:54:00,20891.3,20891.524999999998,20917.8,20865.7,77.54871255,1620357.539200201,green,120.9661212661
2023-01-19 17:15:00,20898.9,20903.575,20938.9,20877.6,95.11849807,1988240.871924151,red,121.5920232921
2023-01-19 17:36:00,20854.05,20848.525,20893.1,20792.9,182.34152025,3800963.295360327,red,122.7379919173
2023-01-19 17:57:00,20839.45,20847.25,20885.0,20825.1,200.85055018,4188835.945140321,green,124.0898557982
2023-01-19 18:18:00,20884.95,20886.0,20920.4,20853.7,125.90619875,2630480.240712888,green,124.6391698422
2023-01-19 18:39:00,20947.85,20957.0,21016.0,20916.3,214.55365252,4498790.612619222,green,125.9382054724
2023-01-19 19:00:00,21012.1,21007.275,21052.9,20952.0,201.54531026,4234561.587390763,green,126.71560696800002
2023-01-19 19:21:00,21048.85,21068.699999999997,21137.6,21039.5,251.71592814,5307233.771300549,green,127.8518678828
2023-01-19 19:42:00,21085.1,21089.875,21136.4,21052.9,133.09257752,2808546.541177466,green,128.6920230335
2023-01-19 20:03:00,21128.9,21132.7,21167.0,21106.0,144.59113152999998,3056558.926892923,green,128.3605595639
2023-01-19 20:24:00,21104.85,21112.725,21199.2,21042.0,209.04824972,4414934.316819871,red,130.0466348676
2023-01-19 20:45:00,21060.2,21070.1,21114.8,21045.2,86.08237034,1815100.208526465,red,130.4642993647
2023-01-19 21:06:00,21042.0,21039.375,21062.8,21010.7,68.12950543,1433061.85642193,red,130.7327676595
2023-01-19 21:27:00,21012.5,21010.8,21044.2,20974.0,94.99668214,1995652.6796819752,red,131.0613561647
2023-01-19 21:48:00,20993.65,20976.575,20995.1,20923.9,111.06991058,2328471.976458655,green,131.6849958335
2023-01-19 22:09:00,20992.75,20993.175,21016.0,20971.2,73.9590788,1552675.6503042309,red,132.0518548556
2023-01-19 22:30:00,21021.9,21023.800000000003,21060.9,20990.5,48.85478589,1027035.0087049608,green,132.18899048359998
2023-01-19 22:51:00,21039.85,21047.3,21081.0,21028.5,58.9966322,1242260.988811388,red,132.41137970309998
2023-01-19 23:12:00,21050.5,21048.4,21074.2,21018.4,51.41459751,1081828.123043541,green,132.5545667563
2023-01-19 23:33:00,21078.0,21074.1,21092.4,21048.0,55.50125064,1169713.79949838,green,132.0480910872
2023-01-19 23:54:00,21071.15,21079.2,21122.0,21052.5,88.05228156999999,1856443.318308557,red,132.2577447454
2023-01-20 00:15:00,21068.550000000003,21072.550000000003,21118.8,21034.3,83.5817367,1761705.67030803,green,126.6956586867
2023-01-20 00:36:00,21070.75,21063.975,21084.4,21030.0,52.5791402,1106842.661758776,red,123.1895435367
2023-01-20 00:57:00,21061.949999999997,21053.25,21070.8,21018.3,67.06511446,1411281.084789254,red,120.3879040837
2023-01-20 01:18:00,21082.550000000003,21091.325,21144.4,21055.8,84.00658444999999,1772996.40420031,green,117.4066838762
2023-01-20 01:39:00,21112.75,21112.85,21128.9,21097.0,29.34544361,619551.199688848,green,116.4732661575
2023-01-20 02:00:00,21131.1,21133.75,21171.5,21101.3,70.73259077,1494671.7951478478,green,115.6116609641
2023-01-20 02:21:00,21127.0,21145.35,21221.0,21106.4,141.7663716,3000270.126744202,red,115.8563616264
2023-01-20 02:42:00,21103.5,21101.475,21118.3,21080.6,56.11430437,1184155.140202593,red,109.3611597311
2023-01-20 03:03:00,21092.8,21089.675000000003,21111.2,21061.9,45.37847681,956841.357205943,red,103.8737869315
2023-01-20 03:24:00,21097.45,21094.325,21104.5,21077.9,37.40447267,788981.216113929,green,100.5655920259
2023-01-20 03:45:00,21098.8,21096.85,21113.7,21076.1,57.7686143,1218681.644530265,red,94.4441991046
2023-01-20 04:06:00,21099.35,21100.25,21116.9,21085.4,30.07968391,634718.1056845849,green,90.63458998779998
2023-01-20 04:27:00,21077.9,21076.925000000003,21123.3,21028.6,166.92936667,3517192.829846072,red,89.7743746931
2023-01-20 04:48:00,21026.5,21015.575,21053.0,20956.3,156.25991394,3280442.5939199333,red,89.8685503891
2023-01-20 05:09:00,20991.7,20995.65,21033.4,20965.8,70.85944457000001,1488078.559177066,red,89.2602996571
2023-01-20 05:30:00,20986.25,20981.125,20994.9,20957.1,60.88545337,1277169.227266982,green,87.93992112869999
2023-01-20 05:51:00,20988.5,20983.45,21006.8,20950.0,52.23933266,1095823.317888324,red,87.71989618559999
2023-01-20 06:12:00,20988.050000000003,20974.800000000003,20991.2,20931.9,52.81256868,1107105.259113848,green,87.46878656450001
2023-01-20 06:33:00,20975.1,20976.8,20997.7,20959.3,40.62597908,852152.013028949,red,87.0423864315
2023-01-20 06:54:00,20944.35,20943.25,20959.3,20925.0,50.96719254,1067396.297716191,red,86.77733044069998
2023-01-20 07:15:00,20953.0,20937.475,20977.9,20866.0,144.54707416,3024995.217307184,green,87.0209570566
2023-01-20 07:36:00,20966.75,20966.8,20983.9,20949.8,38.68309331,811213.021274126,red,85.5360482539
2023-01-20 07:57:00,20955.15,20958.825,20975.0,20950.0,91.99080282,1927863.579379015,red,85.6993744539
2023-01-20 08:18:00,20947.199999999997,20940.699999999997,20966.6,20901.8,62.48292655,1308064.260785962,red,85.71670364049999
2023-01-20 08:39:00,20941.15,20939.8,20953.2,20923.7,55.16481843,1155160.3280347302,green,85.8871302766
2023-01-20 09:00:00,20936.05,20931.675,20945.0,20909.6,40.98329339,857561.501200127,red,85.10054262199999
2023-01-20 09:21:00,20946.8,20952.8,20990.0,20927.6,88.76005302,1860060.336729723,green,85.2907407833
2023-01-20 09:42:00,20960.199999999997,20963.449999999997,20982.0,20951.4,34.92423479,732192.159794913,red,85.0654718541
2023-01-20 10:03:00,20939.15,20938.175000000003,20956.3,20918.1,70.15553659,1468875.919858591,red,85.3729371593
2023-01-20 10:24:00,20931.4,20933.875,20957.5,20915.2,44.55623974,932781.24780171,green,84.5068505903
2023-01-20 10:45:00,20960.15,20960.125,20979.6,20940.6,46.62585262,977068.026085914,green,83.2004027784
2023-01-20 11:06:00,20959.1,20959.1,20979.6,20938.6,39.19767333,821693.556692778,red,82.9804804086
2023-01-20 11:27:00,20955.25,20956.6,20977.3,20938.6,58.06760335,1217409.611000876,green,83.0581459016
2023-01-20 11:48:00,20973.5,20970.625,20980.7,20954.8,50.9860476,1069058.786450919,green,82.84131165160001
2023-01-20 12:09:00,21011.3,21011.4,21047.9,20975.1,86.52970481,1817657.195132105,green,83.16993439560001
2023-01-20 12:30:00,21077.4,21075.7,21109.9,21038.1,127.27111804,2682002.943218537,green,84.05007652340001
2023-01-20 12:51:00,21112.4,21110.975,21142.5,21076.6,113.15155663,2388790.823823585,green,84.44986392699998
2023-01-20 13:12:00,21087.35,21085.125,21117.4,21048.4,91.17825817,1922464.095356118,red,84.6004600484
2023-01-20 13:33:00,21056.75,21068.925000000003,21108.3,21053.9,75.67111346,1595112.822867547,red,85.0086386026
2023-01-20 13:54:00,21071.05,21070.9,21096.5,21045.0,60.83040496,1281669.532082593,green,84.97398705220002
2023-01-20 14:15:00,21063.7,21060.0,21094.3,21018.3,114.31212325,2407237.775338337,red,85.5520377101
2023-01-20 14:36:00,21094.8,21095.525,21154.9,21037.6,351.30159815,7417463.8258777,green,88.72417696749999
2023-01-20 14:57:00,21148.949999999997,21157.925,21200.0,21133.8,220.54375147,4669688.531471457,green,90.394663234
2023-01-20 15:18:00,21142.050000000003,21162.700000000004,21238.3,21128.4,340.29896999,7207625.504889857,red,93.1001757257
2023-01-20 15:39:00,21139.050000000003,21133.2,21148.5,21106.2,80.03432139,1690903.324573363,green,93.4551537019
2023-01-20 16:00:00,21168.2,21172.375,21210.0,21143.1,141.77909386,3001745.692116612,green,94.52669599429998
2023-01-20 16:21:00,21238.1,21240.3,21302.6,21182.4,266.06344296,5656095.559417871,green,96.88603393590002
2023-01-20 16:42:00,21313.85,21329.475,21408.2,21282.0,585.72046272,12497908.54707624,green,102.4523707185
2023-01-20 17:03:00,21355.2,21364.975,21404.8,21344.7,151.93617224,3248623.672176062,green,103.642786653
2023-01-20 17:24:00,21353.05,21340.1,21369.6,21284.7,122.86258624,2621536.971015046,red,104.3737610829
2023-01-20 17:45:00,21355.300000000003,21356.675000000003,21406.8,21309.3,166.97495141,3567733.037196399,green,105.7811517591
2023-01-20 18:06:00,21352.0,21356.275,21427.7,21293.4,195.60006515,4177795.400699606,red,107.42882254319998
2023-01-20 18:27:00,21355.65,21350.95,21387.7,21304.8,101.02716055,2157822.230717916,green,107.93162165
2023-01-20 18:48:00,21380.35,21379.625,21400.0,21357.8,90.75683335,1940345.82863844,green,107.83686726759998
2023-01-20 19:09:00,21382.65,21387.25,21423.7,21360.0,100.65755438,2152977.741771594,red,107.8793214839
2023-01-20 19:30:00,21402.75,21412.875,21481.3,21364.7,165.18731173,3537051.258284811,green,109.1348155892
2023-01-20 19:51:00,21658.550000000003,21682.350000000002,21993.4,21418.9,844.93123915,18358996.930515494,green,116.879133899
2023-01-20 20:12:00,21872.7,21870.824999999997,21936.0,21801.9,277.47468039,6066269.812570496,red,118.7896876117
2023-01-20 20:33:00,22039.5,22040.65,22231.0,21852.6,504.35626964,11150776.645288551,green,123.1235942707
2023-01-20 20:54:00,22215.75,22263.1,22434.0,22186.9,416.65392097,9292382.36839944,red,126.9133081385
2023-01-20 21:15:00,22269.2,22268.925000000003,22328.7,22208.6,204.83547909,4563157.869508848,green,128.5869526228
2023-01-20 21:36:00,22341.75,22328.3,22355.9,22273.8,142.48044059,3179143.64806259,green,129.4020514358
2023-01-20 21:57:00,22395.4,22387.025,22446.0,22311.3,286.44652489,6410775.701714376,green,131.63305500340002
2023-01-20 22:18:00,22560.050000000003,22566.025,22712.8,22431.2,590.71809503,13337642.665571716,green,136.738511114
2023-01-20 22:39:00,22634.9,22629.775,22688.2,22561.1,163.46953146,3696605.997773804,red,138.00650667850002
2023-01-20 23:00:00,22652.85,22653.199999999997,22748.2,22558.9,108.57180355,2457500.833320933,green,138.3484222646
2023-01-20 23:21:00,22678.75,22670.375,22732.3,22591.7,126.90012974,2872924.784827108,red,139.1478236648
2023-01-20 23:42:00,22638.1,22651.3,22698.7,22630.3,172.23565558,3904225.319524886,red,139.8889734713
2023-01-21 00:03:00,22590.5,22596.75,22789.0,22417.0,627.79141966,14177462.599476663,red,144.9708208747
2023-01-21 00:24:00,22580.65,22587.925000000003,22650.0,22540.4,118.94090263,2687757.448220354,green,143.7161657321
2023-01-21 00:45:00,22609.85,22603.949999999997,22630.7,22565.4,98.9507066,2236540.510228959,red,143.9032296179
2023-01-21 01:06:00,22602.65,22590.050000000003,22606.8,22548.1,92.84752387,2096641.648883825,green,143.8487662466
2023-01-21 01:27:00,22589.9,22589.2,22605.0,22572.0,68.5121654,1547821.518434357,red,142.47371528969998
2023-01-21 01:48:00,22594.25,22590.7,22612.3,22562.0,64.08409574,1447021.242173965,green,140.71885620310002
2023-01-21 02:09:00,22615.35,22613.125,22618.8,22603.0,63.23773932,1429891.509046779,green,139.4140697552
2023-01-21 02:30:00,22573.6,22568.949999999997,22618.5,22510.1,121.28571334,2737780.29232656,red,139.5670383226
2023-01-21 02:51:00,22527.25,22534.775,22560.1,22524.5,60.67839978,1367991.565383751,red,139.0582450178
2023-01-21 03:12:00,22537.75,22533.050000000003,22563.8,22492.9,89.97660129,2027105.25803739,green,139.2747616894
2023-01-21 03:33:00,22547.95,22548.45,22562.7,22535.2,43.92049034,990404.270271263,red,138.86884542610002
2023-01-21 03:54:00,22551.6,22546.05,22565.8,22515.2,59.92578214,1350839.38168961,green,138.692616122
2023-01-21 04:15:00,22582.1,22583.175000000003,22611.4,22557.1,64.57984631,1459152.383337467,green,138.3872296044
2023-01-21 04:36:00,22600.25,22606.525,22636.5,22589.1,77.00611144,1741195.334718786,red,137.3338755163
2023-01-21 04:57:00,22584.95,22585.050000000003,22601.7,22568.6,61.88092937,1397657.854304115,red,135.9441793082
2023-01-21 05:18:00,22581.4,22588.675000000003,22615.5,22576.4,42.16689595,952809.565366954,green,135.1067862802
2023-01-21 05:39:00,22577.15,22576.8,22593.7,22559.2,41.51886579,937481.207601142,red,133.3764384129
2023-01-21 06:00:00,22579.949999999997,22576.924999999996,22592.7,22555.1,43.88647688,990671.112448964,green,131.7998500791
2023-01-21 06:21:00,22595.8,22597.65,22614.6,22584.4,54.75248577,1237395.889263312,green,129.8302156554
2023-01-21 06:42:00,22604.35,22605.35,22617.0,22595.7,63.048016370000006,1425526.275031619,green,129.1297700439
2023-01-21 07:03:00,22626.35,22625.275,22644.0,22604.4,55.80986863,1262528.857446721,green,128.2419574149
2023-01-21 07:24:00,22645.0,22635.025,22647.0,22603.1,102.40464391,2317523.052451784,green,127.1755213568
2023-01-21 07:45:00,22657.0,22649.425,22668.2,22615.5,119.93310629,2715409.558728372,green,127.51402871630002
2023-01-21 08:06:00,22674.2,22691.65,22752.2,22666.0,213.2571481,4841926.742837749,green,128.965305143
2023-01-21 08:27:00,22704.85,22710.050000000003,22765.4,22665.1,69.10295767,1570053.125976802,green,128.70636789830002
2023-01-21 08:48:00,22731.65,22724.000000000004,22746.9,22685.8,104.21388664,2367282.60076733,green,128.6378076589
2023-01-21 09:09:00,22732.0,22736.325,22761.3,22720.0,81.8179612,1860489.958141566,red,128.7163964829
2023-01-21 09:30:00,22809.5,22834.0,22987.0,22730.0,398.77157041,9112207.582,green,132.21556432810002
2023-01-21 09:51:00,23076.45,23077.5,23289.0,22868.1,626.96216206,14480169.121878363,green,137.8952196267
2023-01-21 10:12:00,23045.800000000003,23004.450000000004,23330.6,22595.6,729.83202483,16768020.099959582,red,144.6793938999
2023-01-21 10:33:00,22774.35,22765.574999999997,22849.5,22664.1,299.13986196,6808759.283786868,red,147.11578001310002
2023-01-21 10:54:00,22699.25,22715.274999999998,22805.4,22657.2,97.7928943,2224264.890805511,red,147.21318614039998
2023-01-21 11:15:00,22795.3,22798.0,22923.8,22677.6,165.66401579,3778860.274796669,green,148.0340089313
2023-01-21 11:36:00,22901.199999999997,22899.175,22950.0,22844.3,186.74326302,4277322.841612404,red,149.3756501595
2023-01-21 11:57:00,22921.5,22941.15,23035.0,22886.6,251.84977667,5782802.38839736,green,151.2234967816
2023-01-21 12:18:00,22976.45,22973.725,23072.0,22870.0,232.05956861,5334153.403275015,green,152.7040266232
2023-01-21 12:39:00,23019.2,23016.300000000003,23068.9,22957.9,125.06148855,2878021.487579355,green,153.6611870726
2023-01-21 13:00:00,22992.2,22991.725000000002,23043.2,22939.3,129.76657084,2983410.206718761,red,154.2515268733
2023-01-21 13:21:00,22930.2,22925.1,22983.9,22856.1,163.41096288,3746560.791716754,red,154.4679727861
2023-01-21 13:42:00,22928.05,22922.425000000003,22955.5,22878.1,85.85331836,1968335.583395727,green,154.765362926
2023-01-21 14:03:00,22930.3,22926.25,22967.7,22876.7,91.93190655,2106455.178262545,red,155.23089722339998
2023-01-21 14:24:00,22953.85,22954.424999999996,22998.1,22911.9,96.51763692,2214975.332768857,green,155.8220288659
2023-01-21 14:45:00,22978.5,22970.55,23013.0,22912.2,110.76336965,2543851.161556367,red,156.3519764194
2023-01-21 15:06:00,23063.699999999997,23067.699999999997,23171.9,22971.5,270.63197663,6243709.514684748,green,158.7574993466
2023-01-21 15:27:00,23170.5,23191.074999999997,23276.4,23146.9,307.7147214,7143884.010432759,green,160.1653528939
2023-01-21 15:48:00,23133.5,23104.075,23214.5,22934.8,285.05798186,6576136.716538667,red,161.4533335731
2023-01-21 16:09:00,23096.9,23105.575000000004,23184.9,23043.6,146.30848125,3381651.772759339,green,162.20782393989998
2023-01-21 16:30:00,23162.35,23170.625,23241.9,23115.9,119.00106849,2759649.407740503,green,162.7889800911
2023-01-21 16:51:00,23245.95,23231.625,23299.4,23135.2,222.97223911,5179633.183479352,green,164.4963091556
2023-01-21 17:12:00,23230.9,23240.45,23326.2,23173.8,182.25566812,4235625.655288031,red,165.79074014999998
2023-01-21 17:33:00,23168.5,23209.725,23369.9,23132.0,219.34408364,5102905.350133095,red,167.5779211956
2023-01-21 17:54:00,23145.15,23162.024999999998,23248.1,23109.7,123.90379128,2873354.823569091,red,168.307287183
2023-01-21 18:15:00,23152.800000000003,23135.9,23175.0,23063.0,67.10552891,1552744.606221943,green,167.5328717305
2023-01-21 18:36:00,23214.5,23216.1,23264.2,23171.2,84.03741746,1950593.381739562,green,167.98641497200003
2023-01-21 18:57:00,23239.7,23242.375,23277.8,23212.3,89.14797194,2071989.141827574,red,167.9579866632
2023-01-21 19:18:00,23216.4,23214.825,23248.7,23177.8,85.68466006,1989480.897763931,red,168.19000399829997
2023-01-21 19:39:00,23242.0,23246.85,23302.0,23201.4,182.4245291,4244941.683634538,green,169.462601105
2023-01-21 20:00:00,23244.95,23249.850000000002,23299.7,23209.8,81.40530937999999,1892365.380678532,red,169.86682126489998
2023-01-21 20:21:00,23189.6,23182.025,23225.9,23123.0,211.71425162,4908339.416564757,red,171.0963632509
2023-01-21 20:42:00,23124.75,23109.574999999997,23170.9,23017.9,133.27131101,3079900.042680457,red,172.0798340131
2023-01-21 21:03:00,23106.35,23116.175,23165.8,23086.2,59.29416957,1371496.216482777,green,171.97122034289998
2023-01-21 21:24:00,23157.75,23160.825,23214.8,23113.0,78.98112848,1830546.5769802711,green,172.3154692303
2023-01-21 21:45:00,23185.65,23186.800000000003,23206.5,23169.4,35.65472682,826786.97313123,red,172.20575797229998
2023-01-21 22:06:00,23130.85,23126.375,23182.4,23061.4,87.8038641,2030064.860631811,red,172.69181988
2023-01-21 22:27:00,23063.0,23055.550000000003,23094.6,23001.6,104.29225341,2405156.130476252,red,173.15406638060003
2023-01-21 22:48:00,22985.5,22950.6,23081.4,22750.0,159.2908243,3648617.364265454,red,174.2371141476
2023-01-21 23:09:00,22863.5,22834.95,22932.8,22680.0,223.75052642,5101624.401846963,red,175.60932236370002
2023-01-21 23:30:00,22790.35,22798.425,22888.2,22724.8,129.66938533,2958407.038963147,red,175.6333050366
2023-01-21 23:51:00,22807.800000000003,22792.35,22838.7,22715.1,143.26574,3264002.085177218,green,175.9344468703
2023-01-22 00:12:00,22873.25,22883.6,22970.0,22817.9,144.61716788,3310425.171319548,green,176.46883596739997
2023-01-22 00:33:00,22887.65,22884.775,22937.3,22826.5,114.57992946,2622761.70432351,red,176.8579241274
2023-01-22 00:54:00,22845.85,22834.475,22881.8,22764.4,108.43773137,2475439.042211751,red,177.33399739150002
2023-01-22 01:15:00,22847.300000000003,22838.35,22874.2,22784.6,77.36475394,1766707.093996858,green,176.96452369839997
2023-01-22 01:36:00,22838.199999999997,22816.049999999996,22891.7,22696.1,147.80531476,3367419.3831713567,red,174.9295608645
2023-01-22 01:57:00,22772.6,22770.874999999996,22824.1,22714.2,53.54135441,1220024.035759798,red,173.2595368939
2023-01-22 02:18:00,22772.65,22779.050000000003,22832.0,22738.9,54.45734886,1240775.429738591,green,170.4011206826
2023-01-22 02:39:00,22753.8,22730.3,22803.8,22609.8,148.21394879,3363134.4536768547,red,171.08291695659997
2023-01-22 03:00:00,22701.9,22710.85,22751.5,22688.1,89.87553402,2042715.45321127,red,170.56388135819998
2023-01-22 03:21:00,22719.15,22720.875,22770.0,22675.2,94.50403584,2148582.583816573,green,168.84828728699998
2023-01-22 03:42:00,22744.65,22740.949999999997,22766.6,22707.9,91.16513163,2073123.333228542,green,163.9027339761
2023-01-22 04:03:00,22763.2,22757.5,22782.4,22721.2,46.48876261,1057412.578969924,green,162.8482598798
2023-01-22 04:24:00,22809.699999999997,22810.475,22854.7,22767.8,139.96102874,3192894.5678785862,green,163.01924430480005
2023-01-22 04:45:00,22850.75,22847.375,22867.2,22820.8,87.53650278,1999634.730662043,green,162.22485981850002
2023-01-22 05:06:00,22863.1,22863.8,22889.0,22840.0,106.96918287,2446261.273222861,green,161.33855099570002
2023-01-22 05:27:00,22866.550000000003,22861.425,22879.9,22832.7,56.86323426,1300081.433834871,red,160.8969117328
2023-01-22 05:48:00,22872.2,22874.35,22888.9,22864.1,56.29888689,1288031.957071274,green,160.55233226820002
2023-01-22 06:09:00,22900.95,22903.625,22943.6,22869.0,113.86882909,2607527.427121471,green,160.6844450153
2023-01-22 06:30:00,22935.449999999997,22937.975,22962.4,22918.6,103.76666103,2381033.3761543147,green,160.07023850829998
2023-01-22 06:51:00,22943.0,22928.4,22948.5,22879.1,102.24773619,2343286.380955419,red,152.6434034787
2023-01-22 07:12:00,22936.1,22927.624999999996,22954.1,22884.2,92.42510045,2118722.978240748,red,150.7929076793
2023-01-22 07:33:00,22918.45,22915.175000000003,22934.7,22889.1,58.2303828,1333605.533944945,red,146.3316488109
2023-01-22 07:54:00,22874.199999999997,22871.324999999997,22902.3,22834.6,133.2686689,3047872.5818616,red,143.4977962902
2023-01-22 08:15:00,22863.05,22855.375,22880.2,22815.2,67.24341915,1536995.705506908,green,142.1218756908
2023-01-22 08:36:00,22876.0,22884.024999999998,22915.9,22868.2,58.83625036,1347115.264356033,red,141.2854337885
2023-01-22 08:57:00,22902.15,22902.225,22932.6,22872.0,103.61248755,2373306.03930571,green,139.4570934151
2023-01-22 09:18:00,22907.85,22905.449999999997,22932.2,22873.9,92.15845441,2110973.748246565,red,134.4714970089
2023-01-22 09:39:00,22871.2,22866.925,22889.6,22835.7,145.02382315,3315920.27810925,red,134.28703992579997
2023-01-22 10:00:00,22862.75,22863.725,22877.9,22851.5,101.00395078,2309582.341214772,green,134.2113613981
2023-01-22 10:21:00,22881.05,22874.824999999997,22896.1,22841.1,96.32485198,2201982.609404323,green,133.9056086205
2023-01-22 10:42:00,22881.35,22881.574999999997,22900.0,22863.6,106.11237308,2428234.644749538,red,133.2443757955
2023-01-22 11:03:00,22833.0,22828.425000000003,22881.6,22766.1,143.41552721,3273675.72987833,red,128.400616871
2023-01-22 11:24:00,22800.45,22786.35,22809.5,22735.0,122.57925633,2791912.1644306,green,128.437000408
2023-01-22 11:45:00,22783.550000000003,22781.725000000002,22804.1,22755.7,73.13511895,1666104.535770801,red,128.1788445315
2023-01-22 12:06:00,22745.25,22743.55,22765.2,22718.5,76.36137384,1736839.6800410491,red,128.01398303119998
2023-01-22 12:27:00,22771.75,22765.425000000003,22816.8,22701.4,135.96775515000002,3096006.175231505,green,128.6885389287
2023-01-22 12:48:00,22843.35,22853.725000000002,22911.9,22816.3,183.59196956,4198027.547799901,green,129.88361766690002
2023-01-22 13:09:00,22883.7,22881.95,22897.9,22862.5,102.21595169,2338641.6861301973,green,130.2733997906
2023-01-22 13:30:00,22908.95,22904.225,22923.6,22875.4,103.32372871,2367019.017098845,green,130.0937799443
2023-01-22 13:51:00,22903.45,22899.3,22921.0,22869.3,122.13735495,2795927.167674678,red,130.708369496
2023-01-22 14:12:00,22900.6,22902.625,22937.8,22871.5,94.45160745,2163719.658744274,green,130.7531195576
2023-01-22 14:33:00,22935.55,22927.225000000002,22967.5,22870.3,134.13525001,3073271.4179885183,green,131.6552671543
2023-01-22 14:54:00,22996.0,23002.325,23071.8,22945.5,295.93572327,6810640.1060444,green,134.0153665656
2023-01-22 15:15:00,22922.75,22887.125,23061.0,22642.0,384.86637989,8786439.853579538,red,137.2182319014
2023-01-22 15:36:00,22800.7,22804.550000000003,22862.2,22754.6,150.59450346,3435855.037195658,red,137.9541158216
2023-01-22 15:57:00,22784.6,22769.675000000003,22809.4,22700.1,146.13973645,3325236.810267656,red,138.7967038924
2023-01-22 16:18:00,22790.05,22797.5,22833.8,22776.1,86.28843796,1968227.736404877,green,139.2379193125
2023-01-22 16:39:00,22809.35,22818.4,22854.9,22800.0,95.96905416,2190898.304244106,green,139.7824211962
2023-01-22 17:00:00,22837.2,22831.8,22871.8,22781.0,220.65882016,5041222.289498539,green,141.550144629
2023-01-22 17:21:00,22883.9,22887.525,22945.9,22836.4,298.51693935,6837397.444783685,green,143.9877891648
2023-01-22 17:42:00,22907.15,22913.025,22954.7,22883.1,129.71855536,2973483.546642677,red,144.6544945547
2023-01-22 18:03:00,22896.050000000003,22902.9,22934.2,22885.3,57.670276820000005,1321066.454264775,red,144.6730986366
2023-01-22 18:24:00,22869.300000000003,22863.75,22898.9,22817.5,114.6062052,2619312.1758390022,red,144.7951142495
2023-01-22 18:45:00,22848.4,22842.675000000003,22854.8,22819.1,43.47578708,992880.618474225,red,144.0305410574
2023-01-22 19:06:00,22826.65,22816.65,22844.0,22769.3,130.1041803,2966394.4326719157,red,143.1990113794
2023-01-22 19:27:00,22815.0,22818.375,22841.2,22802.3,50.16980412,1144887.085583786,green,143.0096798439
2023-01-22 19:48:00,22679.45,22657.1,22834.4,22435.1,392.81531493,8891074.44873258,red,145.89569412679998
2023-01-22 20:09:00,22550.3,22553.625,22620.0,22493.9,135.16233981,3050447.847551,green,146.42913791290002
2023-01-22 20:30:00,22538.4,22527.45,22597.3,22435.7,261.18357025,5882937.733584266,red,145.0532579113
2023-01-22 20:51:00,22467.65,22434.825,22509.0,22295.0,382.46189407,8570937.839640854,red,142.6082552314
2023-01-22 21:12:00,22467.199999999997,22442.949999999997,22517.0,22320.4,178.53293627,4002363.358212519,green,137.09526434580002
2023-01-22 21:33:00,22567.7,22562.074999999997,22631.0,22481.9,262.12630898,5907608.677909313,green,136.725128816
2023-01-22 21:54:00,22616.7,22607.875,22636.7,22561.4,131.75603044,2977354.810566271,red,137.0647601774
2023-01-22 22:15:00,22577.9,22574.175,22602.6,22538.3,53.08746609,1198554.504151252,red,135.9389946804
2023-01-22 22:36:00,22623.65,22622.9,22694.0,22550.3,51.31058749,1159496.682841696,green,134.5846679251
2023-01-22 22:57:00,22696.4,22696.0,22746.7,22644.5,123.2883251,2799854.9172171587,green,133.29905340940002
2023-01-22 23:18:00,22712.9,22708.074999999997,22729.1,22677.4,60.32969057,1369315.59783583,green,131.581754629
2023-01-22 23:39:00,22715.85,22723.75,22770.0,22693.3,88.05440645,2001940.495866472,red,131.211683808
2023-01-23 00:00:00,22704.800000000003,22702.950000000004,22742.3,22659.9,90.08228119,2044693.838684756,red,130.8148409115
2023-01-23 00:21:00,22738.6,22747.225,22810.0,22701.7,100.45016794,2286967.797580656,green,130.1852329621
2023-01-23 00:42:00,22768.949999999997,22761.574999999997,22777.9,22730.5,62.35851984,1418800.660685456,red,129.9502849769
2023-01-23 01:03:00,22770.75,22779.15,22823.0,22752.1,79.77015937,1817274.1252474769,green,129.8286675051
2023-01-23 01:24:00,22766.65,22766.675000000003,22788.0,22745.4,61.36985609,1397065.41293942,red,129.4771896968
2023-01-23 01:45:00,22735.1,22733.55,22772.0,22692.0,97.91551233,2225108.760543074,red,129.3487111236
2023-01-23 02:06:00,22726.4,22729.075,22754.0,22709.5,65.59547955000001,1490882.638968731,green,127.2983461528
2023-01-23 02:27:00,22724.699999999997,22727.675,22749.5,22711.8,62.21217389,1414000.792914976,red,124.8433206777
2023-01-23 02:48:00,22729.75,22735.449999999997,22769.7,22712.6,65.76761008999999,1496186.528821914,green,122.65041696
2023-01-23 03:09:00,22731.300000000003,22730.575000000004,22765.3,22694.4,71.35950507,1621926.701885585,red,121.9009271982
2023-01-23 03:30:00,22703.15,22693.65,22716.5,22651.8,146.37068842,3319498.018283453,red,122.1746233975
2023-01-23 03:51:00,22695.9,22687.850000000002,22697.4,22662.2,46.82827476,1061977.412558812,red,120.413183754
2023-01-23 04:12:00,22697.800000000003,22697.675000000003,22715.0,22680.1,48.43685974,1099401.978184025,green,119.07499567019998
2023-01-23 04:33:00,22718.15,22717.125,22743.0,22689.2,118.24277645,2686034.981431101,green,118.06398259830002
2023-01-23 04:54:00,22734.6,22739.649999999998,22759.1,22730.3,73.44870791,1670537.089306618,red,117.5594317646
2023-01-23 05:15:00,22723.5,22725.075,22740.6,22712.7,34.58392305,786015.487960173,red,117.234215706
2023-01-23 05:36:00,22716.65,22720.75,22742.5,22707.2,35.62909402,809845.424251599,green,116.7501324716
2023-01-23 05:57:00,22732.0,22725.55,22745.5,22692.7,66.56740019,1512203.807061372,green,116.5243267541
2023-01-23 06:18:00,22749.9,22744.850000000002,22756.3,22723.3,42.89546286,975430.5256806868,green,116.0964347821
2023-01-23 06:39:00,22765.35,22768.4,22789.5,22753.4,68.5725759,1561565.907391307,green,114.9579152501
2023-01-23 07:00:00,22765.5,22763.8,22782.4,22741.8,83.08289576,1891498.461954724,red,114.9746911139
2023-01-23 07:21:00,22728.45,22706.775,22756.6,22613.6,316.59385437000003,7180786.013464064,red,116.0234871414
2023-01-23 07:42:00,22693.15,22691.325,22714.3,22664.7,59.13602163,1341899.81280036,red,115.28213424759998
2023-01-23 08:03:00,22704.05,22715.0,22768.9,22683.0,73.23349148,1665135.924706053,green,115.4215274667
2023-01-23 08:24:00,22736.0,22725.4,22746.8,22682.8,73.84357247,1677223.991176203,green,115.3701519066
2023-01-23 08:45:00,22738.1,22734.199999999997,22754.2,22706.4,91.81015262,2087120.435183292,red,115.9317061646
2023-01-23 09:06:00,22746.449999999997,22744.35,22766.0,22718.5,56.61244187,1287514.168829197,green,115.6197919423
2023-01-23 09:27:00,22760.1,22764.1,22785.5,22750.7,104.49643088,2379358.908194269,red,115.621833717
2023-01-23 09:48:00,22764.85,22767.375,22792.0,22747.8,73.53750757,1674955.13704148,green,114.76430054969998
2023-01-23 10:09:00,22835.05,22843.350000000002,22935.0,22768.3,413.88759818,9467649.794643365,green,116.6656712673
2023-01-23 10:30:00,22904.300000000003,22903.75,22923.4,22883.0,142.58711216,3265658.733923275,green,116.7948485356
2023-01-23 10:51:00,22885.9,22891.775,22957.8,22837.5,186.25686209,4266586.720291037,red,117.2247597565
2023-01-23 11:12:00,22861.65,22861.9,22893.0,22831.3,112.5501156,2573724.960317467,green,116.90408923370002
2023-01-23 11:33:00,22858.9,22867.975000000002,22907.3,22846.8,93.34918907,2135303.667602442,red,116.6917818298
2023-01-23 11:54:00,22863.45,22865.45,22918.9,22816.0,244.53551833,5592337.756189567,green,118.0527596994
2023-01-23 12:15:00,22875.65,22876.0,22900.7,22852.0,119.13244291,2725160.08195345,green,118.4704365891
2023-01-23 12:36:00,22914.95,22918.45,22969.7,22874.2,202.56678545,4645200.348939192,green,119.018051296
2023-01-23 12:57:00,22933.4,22913.925000000003,22950.9,22838.0,265.36812579,6075062.527836465,red,121.1363190098
2023-01-23 13:18:00,22896.45,22891.525,22921.7,22851.5,166.42583783,3808043.222693064,red,122.2560038995
2023-01-23 13:39:00,22835.15,22806.025,22873.3,22680.5,235.27015006,5359273.201402429,red,123.12656591219998
2023-01-23 14:00:00,22775.35,22763.0,22824.0,22677.3,166.67996671,3790560.598043274,red,123.8946102391
2023-01-23 14:21:00,22765.1,22767.324999999997,22800.5,22738.6,163.05626395,3711909.29465708,green,124.5801325202
2023-01-23 14:42:00,22754.1,22784.675000000003,23126.4,22504.1,565.73217002,12933782.030428652,red,129.3258029041
2023-01-23 15:03:00,22780.1,22765.15,22837.0,22663.4,129.55994879,2946796.777879931,green,130.1565147659
2023-01-23 15:24:00,22843.449999999997,22847.575,22896.6,22806.8,100.3792383,2293699.607322032,green,129.7606968615
2023-01-23 15:45:00,22882.0,22881.625,22929.0,22833.5,107.02581906,2449149.90755149,green,129.9555900243
2023-01-23 16:06:00,22869.1,22874.65,22927.9,22832.5,85.09394006,1947812.748939415,red,129.7368375962
2023-01-23 16:27:00,22863.95,22847.725,22891.0,22772.0,78.37677726,1790155.674192129,green,129.95197302620002
2023-01-23 16:48:00,22883.9,22889.075,22925.2,22863.3,73.48333264,1682858.619720768,red,130.12381748369998
2023-01-23 17:09:00,22890.75,22889.15,22918.3,22856.8,62.1774351,1423112.093073032,green,129.6069035438
2023-01-23 17:30:00,22888.25,22886.975,22905.4,22866.0,52.87432137,1209943.480266574,red,129.0979801472
2023-01-23 17:51:00,22975.5,22980.5,23116.0,22855.0,404.42623251,9314467.57115574,green,132.1197651104
2023-01-23 18:12:00,23093.6,23109.65,23175.0,23076.4,141.73219649,3276026.538355731,green,132.6128360708
2023-01-23 18:33:00,23084.55,23093.2,23148.2,23055.5,100.44752275,2320914.983944452,red,133.0350074703
2023-01-23 18:54:00,22996.65,22971.1,23085.1,22806.0,219.8296404,5041943.199744324,red,133.9006171853
2023-01-23 19:15:00,22881.15,22874.75,22929.7,22807.0,103.26480726,2360820.045542131,red,134.2608310664
2023-01-23 19:36:00,22804.949999999997,22776.25,22836.2,22658.9,172.19147088,3915079.371760672,red,135.3943832716
2023-01-23 19:57:00,22807.2,22808.274999999998,22857.0,22761.7,75.603028,1724342.927599646,green,135.11428867610002
2023-01-23 20:18:00,22856.4,22853.250000000004,22881.9,22818.3,70.64586925,1614057.388394051,green,134.8991628245
2023-01-23 20:39:00,22948.300000000003,22946.15,23024.0,22864.0,124.22456525,2848533.181806686,green,134.69117024550002
2023-01-23 21:00:00,22988.35,22988.175,23037.7,22938.3,85.50230676,1963931.370064406,red,134.5361538053
2023-01-23 21:21:00,22969.1,22971.175,22988.5,22958.0,35.53837892,816436.318205646,green,133.92828907470002
2023-01-23 21:42:00,22982.199999999997,22982.125,23016.6,22947.5,56.53549339,1299350.560916527,green,133.43252027780002
2023-01-23 22:03:00,22979.7,22987.0,23025.4,22963.2,63.77790064,1466412.116028877,red,132.6361440121
2023-01-23 22:24:00,22961.0,22964.15,23000.0,22934.6,58.56228225,1345361.696511479,red,131.9959742713
2023-01-23 22:45:00,22938.3,22926.949999999997,22970.1,22861.1,77.11434147,1767485.185335681,red,132.0357664965
2023-01-23 23:06:00,22919.05,22910.2,22933.2,22869.5,69.04592629999999,1581203.38901215,red,131.9626120211
2023-01-23 23:27:00,22929.1,22925.95,22955.3,22890.3,79.05629987,1812376.330285571,green,131.39349746829998
2023-01-23 23:48:00,22927.9,22918.15,22949.0,22867.8,58.70346854,1345196.841381164,red,130.1446124581
2023-01-24 00:09:00,22941.25,22940.5,22982.7,22896.8,88.8638467,2038747.765457809,green,130.0110914082
2023-01-24 00:30:00,22973.35,22974.699999999997,23002.7,22949.4,126.28842249,2902078.270151143,red,130.240738346
2023-01-24 00:51:00,22981.75,22982.075,23024.0,22940.8,108.72466597,2499619.679274169,green,130.1066114562
2023-01-24 01:12:00,22966.800000000003,22967.4,23001.0,22935.0,69.6866179,1600263.737980811,red,129.85896156069998
2023-01-24 01:33:00,23006.9,23008.825,23081.2,22940.3,68.24934060999999,1570522.589500881,green,129.2001024667
2023-01-24 01:54:00,23085.1,23082.699999999997,23114.5,23046.1,169.94884677,3924167.172054244,green,127.9402337017
2023-01-24 02:15:00,23096.75,23103.75,23136.8,23084.7,110.11117636,2545326.240545432,red,125.1926816664
2023-01-24 02:36:00,23080.0,23074.75,23096.7,23042.3,85.74839745,1978071.694520191,red,124.5442206063
2023-01-24 02:57:00,23056.05,23050.025,23069.2,23018.8,53.51998812,1232941.236077978,red,123.618023123
2023-01-24 03:18:00,23052.699999999997,23042.299999999996,23058.7,23005.1,53.83953987,1239940.98689075,green,123.2935341421
2023-01-24 03:39:00,23065.25,23062.325,23079.3,23039.5,38.64364888,891116.441770927,green,122.7202800893
2023-01-24 04:00:00,23075.4,23076.800000000003,23088.8,23067.6,35.06211187,809235.439984889,green,120.8643130064
2023-01-24 04:21:00,23076.25,23084.199999999997,23116.7,23067.6,34.19204713,789529.885434767,red,118.2210640842
2023-01-24 04:42:00,23071.5,23075.225000000002,23092.6,23065.3,27.67302943,638631.195453261,red,117.2006088249
2023-01-24 05:03:00,23057.9,23052.725000000002,23067.3,23027.8,68.63336589,1581598.433860368,red,117.3102397156
2023-01-24 05:24:00,23096.75,23098.699999999997,23152.9,23048.4,137.48502513,3177834.180650447,green,117.5390279149
2023-01-24 05:45:00,23140.3,23131.6,23151.6,23094.2,93.9640463,2172183.487121459,red,118.0439105071
2023-01-24 06:06:00,23129.6,23131.774999999998,23147.7,23120.2,55.44643794,1282557.856497621,red,117.2973330835
2023-01-24 06:27:00,23115.9,23112.575,23127.7,23090.8,53.05152652,1226193.606737825,red,117.3261503075
2023-01-24 06:48:00,23099.1,23092.949999999997,23108.2,23065.4,72.04565081,1663523.502108009,red,114.1184536663
2023-01-24 07:09:00,23090.65,23098.625,23123.2,23090.0,54.54705034,1260310.330413683,green,113.3123007716
2023-01-24 07:30:00,23068.85,23062.975,23094.1,23020.1,77.9531764,1797106.800983833,red,111.47999683310002
2023-01-24 07:51:00,23045.5,23047.65,23065.1,23034.5,45.81250805,1055906.110286971,red,108.1135029729
2023-01-24 08:12:00,23045.3,23053.375,23080.5,23042.4,39.32776994,907005.509095832,green,106.7214513096
2023-01-24 08:33:00,23054.15,23058.824999999997,23083.6,23043.4,48.88722373,1127412.61309907,green,104.5890604571
2023-01-24 08:54:00,22990.25,22972.1,23062.5,22845.4,290.41275689,6662084.2796754,red,106.1756277216
2023-01-24 09:15:00,22900.6,22906.425000000003,22953.4,22871.1,85.80332871,1965793.695492069,red,106.5027863478
2023-01-24 09:36:00,22862.4,22846.65,22885.8,22776.0,127.40451039,2910116.466599242,red,107.2637255768
2023-01-24 09:57:00,22855.699999999997,22864.324999999997,22902.3,22843.6,75.63484481,1730608.111649252,green,106.7871907739
2023-01-24 10:18:00,22898.949999999997,22897.6,22932.7,22859.8,44.36892325,1016099.046697428,green,106.6275831007
2023-01-24 10:39:00,22916.85,22918.949999999997,22938.6,22903.5,52.20725384,1196783.894782787,red,106.2691115746
2023-01-24 11:00:00,22896.15,22896.375,22917.1,22876.1,56.79928634,1300588.048765752,red,105.9362816261
2023-01-24 11:21:00,22902.55,22905.850000000002,22929.5,22888.8,50.0652416,1147337.735595789,green,105.4324323627
2023-01-24 11:42:00,22917.9,22905.725000000002,22920.9,22866.2,73.84212402,1690802.014066522,green,105.54726840450002
2023-01-24 12:03:00,22907.55,22906.199999999997,22927.8,22881.9,48.42848733,1109115.190323304,red,105.2338516841
2023-01-24 12:24:00,22939.199999999997,22949.274999999998,23023.0,22895.7,175.22548391,4026476.469957982,green,106.3724079623
2023-01-24 12:45:00,22978.199999999997,22973.75,22982.6,22956.0,52.66819591,1209692.876431446,red,105.9199347981
2023-01-24 13:06:00,22974.45,22982.699999999997,23011.0,22970.9,63.32163969,1455992.657567705,green,105.8971963995
2023-01-24 13:27:00,22913.35,22897.25,22975.2,22787.1,231.10211491,5287368.604844037,red,107.5860958097
2023-01-24 13:48:00,22884.7,22876.025,22928.2,22806.5,134.88025344,3083728.328293243,green,108.2772222432
2023-01-24 14:09:00,22884.65,22877.6,22939.0,22802.1,131.98372598,3019058.625353232,red,108.8834644523
2023-01-24 14:30:00,22858.9,22827.9,22893.9,22699.9,190.33826191,4339735.195818797,green,109.3231401872
2023-01-24 14:51:00,22859.300000000003,22858.125,22956.8,22757.1,147.95089029,3381674.373462601,red,110.3343663425
2023-01-24 15:12:00,22874.5,22876.0,22917.0,22838.0,125.48316836,2870504.634640333,green,111.1048294287
2023-01-24 15:33:00,22907.05,22903.925,22946.9,22854.7,79.90996337,1830302.095120462,green,110.7215012979
2023-01-24 15:54:00,22904.6,22909.85,22952.5,22877.7,97.04593098,2224461.807580249,red,110.9574735286
2023-01-24 16:15:00,22897.199999999997,22902.299999999996,22944.7,22870.1,64.85763960999999,1485738.76562955,green,111.2602106942
2023-01-24 16:36:00,22880.1,22878.775,22911.9,22843.0,83.30769199,1906103.805863743,red,111.7369966739
2023-01-24 16:57:00,22877.35,22859.8,22899.0,22785.5,110.25296503,2517829.089194308,green,112.1738523223
2023-01-24 17:18:00,22906.9,22903.850000000002,22931.3,22870.3,79.87326243,1829321.128963039,green,112.543630318
2023-01-24 17:39:00,22911.55,22907.35,22916.9,22889.4,66.09137581,1513774.914647521,red,112.5188183171
2023-01-24 18:00:00,22958.449999999997,22960.15,23042.1,22881.6,173.60473596,3987954.912505755,green,113.4240367191
2023-01-24 18:21:00,23014.15,23004.1,23037.2,22950.9,133.39419985,3068268.423319286,green,111.5920401739
2023-01-24 18:42:00,22993.9,22995.4,23026.3,22967.5,92.09583469,2118174.530961784,red,111.9216383045
2023-01-24 19:03:00,22985.85,22985.0,23005.2,22963.1,82.52273918,1897005.053184228,green,112.0145307815
2023-01-24 19:24:00,23016.4,23021.95,23067.0,22988.0,115.41404083,2656734.452300468,green,112.4302354651
2023-01-24 19:45:00,23019.199999999997,23022.25,23059.8,22990.8,89.83157431000001,2067926.8890201936,red,112.410449682
2023-01-24 20:06:00,22984.25,22978.725,23014.2,22932.2,128.17380525,2943561.573942494,red,113.12606331579998
2023-01-24 20:27:00,22941.8,22942.324999999997,23004.6,22881.1,138.03564084,3166977.100789529,red,113.4614554154
2023-01-24 20:48:00,22986.7,22993.449999999997,23077.0,22923.4,201.7438466,4643028.110882383,green,114.7435188057
2023-01-24 21:09:00,23024.9,23018.5,23055.7,22968.5,74.87127221,1722809.027047199,red,111.353355546
2023-01-24 21:30:00,22982.1,22978.85,23017.2,22934.0,71.20741769,1636502.810193258,red,110.6395586013
2023-01-24 21:51:00,22914.949999999997,22904.3,22966.1,22821.2,159.21718352,3642449.889238896,red,110.3691618156
2023-01-24 22:12:00,22834.25,22811.675,22910.2,22668.0,370.93481773,8446099.995585935,red,112.95300883689998
2023-01-24 22:33:00,22790.4,22789.275,22854.8,22721.5,123.58623981,2817062.194830492,red,113.2553793443
2023-01-24 22:54:00,22733.6,22720.225,22781.7,22632.0,114.40160743,2598866.846313952,red,111.9540402353
2023-01-24 23:15:00,22648.2,22604.774999999998,22688.5,22434.2,357.19409112,8062460.347223332,red,114.3346567174
2023-01-24 23:36:00,22622.25,22606.050000000003,22637.1,22542.6,96.60948786,2182487.702676056,green,113.2750837415
2023-01-24 23:57:00,22626.5,22624.725000000002,22663.6,22582.3,87.21207454,1973189.855864623,red,111.493523229
2023-01-25 00:18:00,22647.25,22616.875,22672.9,22500.1,145.1020693,3274716.564268603,green,111.28028554370002
2023-01-25 00:39:00,22662.55,22670.925,22708.3,22650.3,101.34437962,2298731.431142136,red,109.9410278393
2023-01-25 01:00:00,22594.05,22592.775,22664.1,22518.9,88.33913542,1994758.863513945,red,109.1576195264
2023-01-25 01:21:00,22497.4,22463.95,22536.0,22325.0,259.93759968,5826952.32664572,red,110.1264328837
2023-01-25 01:42:00,22477.25,22474.1,22500.0,22441.9,58.499866100000006,1314727.234759656,green,105.0541098445
2023-01-25 02:03:00,22524.35,22524.824999999997,22555.0,22495.6,59.31658995,1336629.822330738,green,104.3516762561
2023-01-25 02:24:00,22567.75,22566.975,22589.9,22542.5,61.22847836,1381764.686485654,green,103.9601686567
2023-01-25 02:45:00,22569.95,22563.274999999998,22582.5,22530.7,74.67240213,1684296.20406647,red,103.6366344874
2023-01-25 03:06:00,22590.5,22596.550000000003,22647.8,22557.4,82.16150503,1857272.349512401,green,103.6073101371
2023-01-25 03:27:00,22618.0,22622.825,22645.3,22610.0,69.1198376,1563956.622723852,red,103.5147407405
2023-01-25 03:48:00,22628.6,22626.875,22645.9,22604.4,44.09811752,997974.553320874,green,103.22088858930002
2023-01-25 04:09:00,22644.8,22641.975,22651.3,22627.0,63.27335959,1432545.567347835,green,103.2318478342
2023-01-25 04:30:00,22648.6,22646.275,22655.8,22632.1,51.03798008,1155695.509273657,green,103.2134844213
2023-01-25 04:51:00,22631.2,22631.2,22652.2,22610.2,67.48631194,1527150.835414619,red,99.8440852156
2023-01-25 05:12:00,22648.3,22658.775,22730.5,22608.0,143.64238898000002,3256037.098221809,green,99.8631871405
2023-01-25 05:33:00,22680.7,22677.675,22688.3,22661.0,61.33563887,1390736.537306537,red,99.4720683017
2023-01-25 05:54:00,22661.3,22661.2,22683.2,22639.0,68.85352948,1560117.024332095,red,97.9623071925
2023-01-25 06:15:00,22672.25,22674.550000000003,22706.1,22647.6,99.52854452,2257125.209096539,green,97.92494456510002
2023-01-25 06:36:00,22708.7,22713.949999999997,22741.5,22696.9,86.07904116,1955516.515975595,green,97.06382026789998
2023-01-25 06:57:00,22725.95,22722.85,22739.3,22700.2,83.59939269,1899443.062349952,green,97.1437839148
2023-01-25 07:18:00,22728.95,22734.95,22770.6,22711.3,93.5550922,2126847.216162798,red,97.3728761443
2023-01-25 07:39:00,22718.6,22722.375,22744.0,22708.3,78.44180098,1782759.408451227,red,96.9150485016
2023-01-25 08:00:00,22693.050000000003,22696.7,22735.0,22665.7,94.28683067,2141056.581122274,red,97.0028937407
2023-01-25 08:21:00,22685.3,22683.274999999998,22700.3,22662.2,84.5352115,1917539.6053256136,green,97.49286206649998
2023-01-25 08:42:00,22677.95,22680.8,22707.6,22659.7,73.45460398,1665864.666966465,red,97.6620531724
2023-01-25 09:03:00,22634.05,22625.475,22660.8,22573.0,141.6807661,3204709.971727807,red,98.441081827
2023-01-25 09:24:00,22650.35,22653.350000000002,22704.9,22607.8,106.00490271,2403208.4339412283,green,98.9155080316
2023-01-25 09:45:00,22658.199999999997,22648.375,22692.8,22584.3,90.07520818,2038821.510252894,red,99.0451166987
2023-01-25 10:06:00,22606.1,22579.299999999996,22623.6,22481.4,195.10245713,4398912.133089496,red,100.305682007
2023-01-25 10:27:00,22571.9,22565.525,22595.3,22523.0,92.92186539,2097423.055768728,red,100.4443376622
2023-01-25 10:48:00,22583.3,22584.525,22623.0,22548.5,51.00791453,1152896.310331454,green,100.36738212209998
2023-01-25 11:09:00,22616.55,22613.65,22623.9,22597.6,34.626511019999995,783089.738866747,green,99.82500876529998
2023-01-25 11:30:00,22614.35,22603.324999999997,22621.6,22563.0,50.55430513,1141910.652760497,red,99.06766759170002
2023-01-25 11:51:00,22649.9,22644.45,22699.7,22578.3,111.79372885,2532451.915293864,green,99.09835822050002
2023-01-25 12:12:00,22685.85,22692.55,22740.3,22658.2,151.7427118,3444575.607505833,red,99.9189191595
2023-01-25 12:33:00,22685.1,22694.175,22737.3,22669.2,140.5978376,3193262.146159349,green,100.6424041294
2023-01-25 12:54:00,22684.5,22692.325,22725.1,22675.2,101.25924341,2298560.63006234,red,99.9555080958
2023-01-25 13:15:00,22664.25,22668.4,22695.3,22649.8,64.35748559,1459422.284397164,red,99.4979711881
2023-01-25 13:36:00,22623.4,22618.175000000003,22650.8,22575.1,165.41368528,3740738.557046753,red,100.2946240664
2023-01-25 13:57:00,22602.8,22591.925,22620.8,22541.3,162.64662571,3672945.988349922,green,101.3858904423
2023-01-25 14:18:00,22559.25,22542.375,22609.7,22441.3,168.6945883,3799579.787703246,red,102.5344409266
2023-01-25 14:39:00,22471.75,22482.300000000003,22567.8,22417.9,239.88150921,5398534.604912957,red,104.5468195299
2023-01-25 15:00:00,22459.25,22447.825,22530.0,22342.8,334.93181437,7518678.467502725,green,107.5455165549
2023-01-25 15:21:00,22503.949999999997,22513.199999999997,22574.9,22470.0,136.13344514,3065779.266457632,green,108.564930535
2023-01-25 15:42:00,22551.4,22555.725,22607.6,22512.5,100.83949034,2276046.57828427,green,109.2965951441
2023-01-25 16:03:00,22623.85,22614.1,22688.6,22520.1,159.42785364,3604054.327645575,green,110.2045400216
2023-01-25 16:24:00,22639.15,22636.025,22667.2,22598.6,87.61907403000001,1982817.172440703,red,109.7058805106
2023-01-25 16:45:00,22614.949999999997,22617.15,22658.6,22580.1,68.62740321,1551955.445718897,green,109.4525140797
2023-01-25 17:06:00,22587.9,22595.7,22650.0,22557.0,43.04293291,973015.526703966,red,109.3284790294
2023-01-25 17:27:00,22561.85,22553.949999999997,22573.7,22518.4,101.50981959,2288328.701980648,green,109.8130619601
2023-01-25 17:48:00,22589.0,22589.95,22632.0,22549.8,82.66719046,1867287.461287162,green,109.91927735660002
2023-01-25 18:09:00,22621.85,22627.075,22653.8,22610.8,64.86766241,1468023.6116614789,green,110.0224834773
2023-01-25 18:30:00,22654.85,22646.0,22677.3,22597.0,64.11102917,1451217.965274806,green,109.884062005
2023-01-25 18:51:00,22691.8,22697.5,22729.2,22677.2,156.70642895,3557373.247811138,green,110.993001214
2023-01-25 19:12:00,22696.95,22701.875,22747.0,22666.6,166.33810445,3777910.202664008,red,112.2631045591
2023-01-25 19:33:00,22711.75,22703.9,22749.5,22642.6,73.51758174,1668839.279562434,green,112.5094081392
2023-01-25 19:54:00,22826.35,22831.824999999997,22940.6,22734.0,301.8695917,6903827.774209561,green,112.6239764873
2023-01-25 20:15:00,22886.8,22874.65,22929.0,22796.0,178.8321243,4088502.931449696,red,113.5542644432
2023-01-25 20:36:00,22877.6,22880.625,22933.0,22834.3,108.27356692,2478440.483469096,green,113.3629550085
2023-01-25 20:57:00,22889.300000000003,22914.125,23045.9,22832.0,372.3867268,8540450.440118628,red,116.3304738284
2023-01-25 21:18:00,23055.3,23075.65,23311.9,22880.1,413.57917336,9572395.602744063,green,120.02257632949998
2023-01-25 21:39:00,23412.35,23436.925000000003,23699.9,23223.1,492.50730003,11545090.241660057,green,124.4255767914
2023-01-25 22:00:00,23489.3,23501.574999999997,23819.8,23207.9,639.71529758,15067156.858971866,red,130.2547369038
2023-01-25 22:21:00,23402.5,23409.725,23483.8,23350.1,174.89280304,4094775.711435957,green,131.5030125182
2023-01-25 22:42:00,23216.65,23168.925000000003,23417.3,22825.1,439.85500816,10111505.785917511,red,135.1631413596
2023-01-25 23:03:00,23038.1,23015.175,23079.8,22904.7,326.76876823,7517112.588018236,green,137.94654416859998
2023-01-25 23:24:00,23132.75,23134.45,23212.3,23060.0,345.13395194,7984512.340680486,green,139.6456288489
2023-01-25 23:45:00,23167.300000000003,23143.700000000004,23209.1,23031.1,164.46797743,3801334.660865553,red,140.7636266641
2023-01-26 00:06:00,23104.800000000003,23108.075000000004,23146.8,23075.9,122.89238444,2839881.358572107,red,141.3593341116
2023-01-26 00:27:00,23125.300000000003,23122.0,23192.5,23044.9,167.60531727,3875088.013581165,green,140.7243661352
2023-01-26 00:48:00,23184.7,23204.375,23283.0,23165.1,163.28077713,3791083.888273436,green,141.0083713721
2023-01-26 01:09:00,23187.550000000003,23190.6,23236.7,23150.6,119.80928252,2778655.689425196,red,140.8866269375
2023-01-26 01:30:00,23180.7,23189.25,23233.0,23162.6,87.81620869,2037413.477452038,green,139.8614064053
2023-01-26 01:51:00,23198.7,23185.9,23208.2,23138.0,86.93539197,2014672.029345436,green,139.25125142209998
2023-01-26 02:12:00,23209.95,23219.175,23257.0,23199.8,61.59940082,1431000.3753535668,green,138.6124137467
2023-01-26 02:33:00,23202.0,23187.824999999997,23211.7,23135.6,60.04115659,1391316.9429918411,red,138.41372567890002
2023-01-26 02:54:00,23200.75,23201.125,23226.2,23176.8,41.36526843,959668.325993044,green,137.8569190534
2023-01-26 03:15:00,23184.25,23182.574999999997,23215.9,23145.9,77.40826312,1794390.286227975,red,137.9824252885
2023-01-26 03:36:00,23145.949999999997,23139.9,23160.6,23107.1,108.95863406,2520762.698416842,red,138.2389347092
2023-01-26 03:57:00,23146.25,23139.5,23160.0,23105.5,87.89034047,2033487.677300712,green,138.0153084636
2023-01-26 04:18:00,23145.75,23141.175,23166.4,23106.8,86.88808025,2010528.677079296,red,138.08545664180002
2023-01-26 04:39:00,23153.4,23157.65,23192.3,23131.5,73.2336481,1697445.835919772,green,138.1568793647
2023-01-26 05:00:00,23176.75,23174.225,23186.9,23156.5,76.85932966,1781080.552390108,green,137.1894253017
2023-01-26 05:21:00,23158.050000000003,23158.050000000003,23178.3,23137.8,50.00357063,1158138.732912912,red,136.3555190095
2023-01-26 05:42:00,23130.65,23138.15,23167.9,23123.4,105.017543,2431188.434956167,red,136.4847360926
2023-01-26 06:03:00,23067.75,23050.9,23160.0,22908.1,323.70285857,7457115.256200924,red,138.89653728649998
2023-01-26 06:24:00,23028.699999999997,23010.35,23055.0,22929.0,189.2055565,4353353.534180545,green,139.63445244320002
2023-01-26 06:45:00,23050.95,23060.175,23093.6,23045.2,86.96421624999999,2005990.005981395,green,139.6057788626
2023-01-26 07:06:00,23042.550000000003,23038.100000000002,23061.0,23006.3,67.94304401,1564903.260896584,red,139.0034712502
2023-01-26 07:27:00,23012.050000000003,23003.625,23040.9,22949.5,136.05918904,3128811.0026310617,red,138.9837067322
2023-01-26 07:48:00,22999.3,22993.075,23014.5,22959.2,73.2846687,1684911.516255266,green,137.6991149532
2023-01-26 08:09:00,22991.4,22989.774999999998,23028.6,22947.7,53.08128059,1220542.696206846,red,137.48121503699997
2023-01-26 08:30:00,23003.2,22990.425000000003,23030.9,22924.4,71.51061322,1643903.334625008,green,137.4842469923
2023-01-26 08:51:00,23026.1,23023.55,23042.0,23000.0,61.20060532,1409132.572188835,red,136.5040812103
2023-01-26 09:12:00,22988.05,22984.05,23032.1,22928.0,87.87092906000001,2018399.276635606,red,133.6734423236
2023-01-26 09:33:00,22975.0,22965.0,23000.0,22910.0,77.68029783,1782902.059278418,green,133.2143829038
2023-01-26 09:54:00,22961.1,22959.824999999997,23000.0,22917.1,52.50952041,1205764.005580019,red,132.5954620336
2023-01-26 10:15:00,22948.0,22944.175,22993.9,22886.8,76.04841653,1744901.806241398,green,129.7840052877
2023-01-26 10:36:00,22941.95,22927.45,22970.9,22855.0,122.76782513,2811136.2052295627,red,130.0455886604
2023-01-26 10:57:00,22926.45,22923.025,22942.1,22897.1,51.53701937,1181474.799080231,green,129.6888381087
2023-01-26 11:18:00,22954.95,22952.324999999997,22973.5,22925.9,57.38289404,1317077.425388321,green,128.8116463561
2023-01-26 11:39:00,22978.95,22974.324999999997,22988.0,22951.4,71.32407933,1638736.232209081,green,128.51144335319998
2023-01-26 12:00:00,22986.8,22987.75,23010.8,22966.6,85.25792754,1959788.897004708,red,128.4806312744
2023-01-26 12:21:00,23031.65,23044.425000000003,23128.9,22985.5,159.21683999,3672594.773626472,green,127.4734236775
2023-01-26 12:42:00,23112.85,23111.975,23148.0,23074.2,132.93830788,3073490.990276399,green,128.2178080953
2023-01-26 13:03:00,23106.5,23097.875,23148.0,23030.5,181.05848294,4178762.608673627,red,129.4352270252
2023-01-26 13:24:00,23055.800000000003,23033.65,23140.0,22883.0,369.5376795,8502630.477781877,red,132.51831903660002
2023-01-26 13:45:00,23111.3,23108.175000000003,23177.0,23033.1,114.91714428,2656344.154937064,green,132.92076645810002
2023-01-26 14:06:00,23163.05,23167.85,23211.6,23133.7,202.74975461,4698603.415565673,red,134.1266489539
2023-01-26 14:27:00,23101.25,23110.55,23246.0,22993.7,299.84745825,6935657.41693401,red,136.4339251604
2023-01-26 14:48:00,23067.449999999997,23042.225,23103.9,22930.1,273.62020063,6293774.527196313,green,138.7291459915
2023-01-26 15:09:00,23105.35,23109.15,23172.9,23053.0,89.01087052,2057998.049493098,green,138.9865211008
2023-01-26 15:30:00,23065.3,23065.85,23141.3,22991.5,87.47261037999999,2016997.458516309,red,139.3508674038
2023-01-26 15:51:00,22950.85,22952.9,23025.8,22884.1,175.83423067,4033888.648432001,red,140.4343465911
2023-01-26 16:12:00,22957.55,22950.45,23029.0,22857.7,94.81282483,2176702.444289912,green,139.9460509496
2023-01-26 16:33:00,23000.05,22997.15,23026.7,22961.8,54.42294196,1251465.785680172,red,139.8769239805
2023-01-26 16:54:00,23003.9,23009.275,23059.5,22969.8,48.22008323,1110114.617482007,green,139.670589518
2023-01-26 17:15:00,23033.3,23025.2,23043.9,22990.3,41.56778813,956840.407877518,green,139.0909819541
2023-01-26 17:36:00,23022.2,23011.55,23042.5,22959.3,41.88028734,963181.792694333,red,138.6489944159
2023-01-26 17:57:00,23007.7,22998.0,23013.7,22962.9,50.97463232,1171713.19701989,green,138.3227468122
2023-01-26 18:18:00,23050.4,23048.8,23102.2,22992.2,161.01859309,3714199.154298311,green,138.99738182110002
2023-01-26 18:39:00,23061.85,23058.325,23094.4,23015.2,78.29207436,1804724.360203332,red,138.99588455490002
2023-01-26 19:00:00,23037.3,23028.074999999997,23052.8,22984.9,113.7047912,2617437.062453142,green,139.1900641602
2023-01-26 19:21:00,23059.199999999997,23057.0,23083.3,23026.3,121.85163725,2808605.331202815,green,139.5632284177
2023-01-26 19:42:00,23068.6,23067.350000000002,23089.9,23042.3,91.73529711,2116016.97224408,red,139.74603534899998
2023-01-26 20:03:00,23061.4,23063.025,23091.8,23037.5,119.01068223,2745800.32276771,green,139.51933451029998
2023-01-26 20:24:00,23079.4,23095.55,23157.6,23065.8,236.42139589,5463800.246469816,green,140.8234994421
2023-01-26 20:45:00,23071.550000000003,23080.75,23129.8,23050.1,87.5103675,2021527.728130815,red,140.7978510353
2023-01-26 21:06:00,23047.1,23032.65,23068.8,22967.6,219.67286245,5056792.442153781,red,141.0435550885
2023-01-26 21:27:00,23056.95,23051.649999999998,23075.0,23017.7,96.35218088,2221440.856670854,green,141.0778582434
2023-01-26 21:48:00,23093.550000000003,23095.850000000002,23137.0,23059.3,94.59077236,2184507.785523458,green,141.51368682170002
2023-01-26 22:09:00,23083.3,23083.5,23129.6,23037.8,87.15360628,2011371.065151506,red,142.0389577743
2023-01-26 22:30:00,23039.0,23034.85,23049.4,23012.0,54.68469947,1259726.568513535,red,142.08026171769998
2023-01-26 22:51:00,23009.8,23011.725000000002,23042.5,22984.8,44.51600784,1024236.49348084,red,141.4074845076
2023-01-26 23:12:00,22994.75,22994.725,23019.2,22970.2,88.24440417,2029489.920714054,green,140.7725014313
2023-01-26 23:33:00,23007.25,23006.875,23030.0,22983.0,71.14052043,1636606.743645568,green,140.0779282596
2023-01-26 23:54:00,23028.050000000003,23033.125,23072.8,23003.6,105.36945997,2427087.705849083,green,140.1190304252
2023-01-27 00:15:00,23009.65,23000.875,23045.7,22938.5,159.50511834,3664891.57617969,red,141.0705067527
2023-01-27 00:36:00,22951.35,22948.9,22992.3,22900.6,125.43456126,2877528.558212701,red,140.67071551249998
2023-01-27 00:57:00,22942.55,22938.175,22964.6,22903.0,118.66648469,2721670.432466808,green,140.2309141023
2023-01-27 01:18:00,22802.75,22774.75,22961.6,22531.9,642.56993933,14635861.953768194,red,144.96966761259998
2023-01-27 01:39:00,22648.35,22650.524999999998,22705.2,22600.2,138.17729076,3130892.487734142,red,143.9526254281
2023-01-27 02:00:00,22702.25,22692.074999999997,22756.9,22606.9,67.10013828000001,1522572.218764324,green,141.2743086672
2023-01-27 02:21:00,22778.15,22777.950000000004,22807.4,22748.1,81.04639596,1845692.72668904,green,140.7234381754
2023-01-27 02:42:00,22797.699999999997,22793.5,22812.8,22765.8,52.75408342,1201859.912210324,red,140.24258410619998
2023-01-27 03:03:00,22805.0,22809.15,22833.5,22793.1,58.14629053,1326578.296811099,green,139.2297684751
2023-01-27 03:24:00,22804.35,22809.775,22837.9,22792.5,22.92198732,523023.48691990896,red,138.582797608
2023-01-27 03:45:00,22793.800000000003,22789.2,22807.9,22761.3,49.10085173,1118771.268287037,red,138.38753209319998
2023-01-27 04:06:00,22815.0,22810.975000000002,22851.6,22762.3,83.32839581,1901289.136885216,green,138.79038672219997
2023-01-27 04:27:00,22825.35,22827.975,22848.0,22813.2,76.87818105,1755341.15054085,red,138.5440703368
2023-01-27 04:48:00,22821.0,22818.824999999997,22836.9,22796.4,58.98007155,1345488.807704866,green,138.3071991477
2023-01-27 05:09:00,22831.65,22827.175,22837.2,22808.2,34.57263516,788996.875695653,green,138.0042488752
2023-01-27 05:30:00,22885.65,22887.75,22945.0,22834.7,113.54098894,2600476.233900572,green,138.4985484729
2023-01-27 05:51:00,22963.95,22990.074999999997,23100.0,22932.4,139.09615325,3200725.368432459,green,138.3224457159
2023-01-27 06:12:00,23004.15,23010.25,23050.0,22982.7,58.1867545,1338705.611174115,green,137.24093221639998
2023-01-27 06:33:00,23010.35,23006.925,23015.7,22991.3,29.95692279,689208.70178753,red,136.8053256269
2023-01-27 06:54:00,22987.800000000003,22985.925000000003,23006.3,22961.8,35.29614926,811409.253974187,red,134.1395912025
2023-01-27 07:15:00,22974.45,22968.175,22986.6,22937.2,42.14742721,967805.17189698,green,132.7727442316
2023-01-27 07:36:00,23024.2,23025.775,23075.2,22979.5,82.81371357,1907327.28362364,green,132.5181456981
2023-01-27 07:57:00,23016.699999999997,23012.05,23083.0,22931.8,108.19949805,2489644.547168722,red,129.8762734106
2023-01-27 08:18:00,22981.550000000003,22980.300000000003,22998.5,22959.6,36.39055497,836222.088340319,green,126.1043872267
2023-01-27 08:39:00,22979.7,22981.275,23020.4,22945.3,47.3351716,1088194.166871764,red,121.6526659424
2023-01-27 09:00:00,22967.0,22964.225,22980.8,22942.1,61.16475614,1404431.1354460611,green,115.867160528
2023-01-27 09:21:00,22961.3,22950.525,22973.1,22906.4,60.2086319,1381160.860371857,red,114.7203188166
2023-01-27 09:42:00,22948.15,22945.625,22961.7,22924.5,39.76063865,912238.153667279,red,110.7193751215
2023-01-27 10:03:00,22947.8,22948.525,22961.7,22936.8,24.71916787,567245.843235392,green,107.6988791179
2023-01-27 10:24:00,22950.800000000003,22959.15,22986.1,22948.9,26.17253334,601165.182882289,green,104.50926493190002
2023-01-27 10:45:00,22952.85,22940.5,22954.2,22902.1,35.34837905,810697.994973037,green,103.2180689481
2023-01-27 11:06:00,22951.45,22943.875,22955.0,22917.6,22.91753694,525548.346025463,red,102.2183204731
2023-01-27 11:27:00,22956.15,22952.225000000002,22962.4,22934.2,36.8628767,846004.699655435,green,100.9108960674
2023-01-27 11:48:00,22968.6,22964.325,22979.3,22940.8,30.59707499,702545.6675825911,green,99.584059046
2023-01-27 12:09:00,22954.4,22955.850000000002,22982.4,22932.2,39.10554344,897949.573306711,red,98.7770216552
2023-01-27 12:30:00,22950.4,22933.95,22967.0,22868.0,76.49443027000001,1752836.763843545,green,98.663803871
2023-01-27 12:51:00,22960.7,22952.475,22970.0,22918.5,49.86438063,1143945.166679785,red,98.2930937576
2023-01-27 13:12:00,22967.3,22951.475,23016.3,22855.0,190.83649925,4374356.153958511,green,99.5854647419
2023-01-27 13:33:00,22935.05,22938.675000000003,23018.5,22866.1,123.09607976,2823305.504231942,red,100.21601397359998
2023-01-27 13:54:00,22893.050000000003,22897.175000000003,22925.1,22877.5,59.53557632,1363054.149921607,green,100.3977170525
2023-01-27 14:15:00,22909.050000000003,22894.675000000003,22919.5,22841.1,86.78227417,1985356.678453678,green,100.491457163
2023-01-27 14:36:00,22952.800000000003,22960.125,23048.8,22886.1,166.57796203,3828334.31500619,green,101.0676504427
2023-01-27 14:57:00,23028.9,23029.800000000003,23124.0,22937.4,169.36786373,3902604.445168775,green,101.8824256753
2023-01-27 15:18:00,23075.2,23065.775,23087.6,23025.1,91.4295839,2108450.152997701,green,101.9278407118
2023-01-27 15:39:00,23010.8,23023.975000000002,23142.0,22932.3,264.01597713,6080179.586429482,red,103.8356640021
2023-01-27 16:00:00,23006.35,23004.8,23080.0,22926.5,126.88533486,2918513.576556435,green,104.3359240541
2023-01-27 16:21:00,23092.050000000003,23093.5,23131.9,23058.0,144.32305519,3333299.752512816,green,105.2791188997
2023-01-27 16:42:00,23115.95,23117.625,23144.3,23094.3,193.72853005,4479354.066238204,green,106.1662287702
2023-01-27 17:03:00,23141.55,23142.425000000003,23197.0,23089.6,234.07811866,5417878.709960042,green,105.2699813711
2023-01-27 17:24:00,23148.699999999997,23143.024999999998,23181.5,23093.2,90.46104762,2093002.266579365,red,104.2825362823
2023-01-27 17:45:00,23157.65,23173.475,23246.5,23132.1,177.39926496,4115955.708364331,green,105.1868867694
2023-01-27 18:06:00,23161.75,23163.0,23191.5,23137.0,61.66726562,1428098.469532398,red,105.1241289855
2023-01-27 18:27:00,23165.050000000003,23165.850000000002,23201.0,23132.3,64.75581558,1499928.716549702,green,104.4110952509
2023-01-27 18:48:00,23178.050000000003,23178.825000000004,23199.1,23160.1,60.79317534,1409082.739830666,red,104.2861803173
2023-01-27 19:09:00,23170.300000000003,23176.050000000003,23198.5,23165.1,63.77390431,1478176.267720057,red,104.3931065545
2023-01-27 19:30:00,23196.15,23198.025,23229.9,23169.9,94.07188574,2182215.111722582,green,104.6187192797
2023-01-27 19:51:00,23282.45,23321.125,23500.0,23219.6,655.1676954100001,15312889.006134568,green,110.5583901806
2023-01-27 20:12:00,23326.0,23308.175,23350.9,23229.8,223.53497839,5209470.13241711,red,111.9150306739
2023-01-27 20:33:00,23205.05,23198.574999999997,23322.6,23061.6,183.71764961,4255691.055257473,red,112.9754041917
2023-01-27 20:54:00,23117.15,23100.500000000004,23154.9,23012.8,107.24887498,2476096.893454065,green,113.5227977374
2023-01-27 21:15:00,23154.85,23156.75,23189.8,23127.5,75.32351159,1744175.293492317,green,113.515548688
2023-01-27 21:36:00,23124.050000000003,23123.275,23190.0,23055.0,142.42251744,3297010.582176024,red,113.7120956111
2023-01-27 21:57:00,23052.65,23037.7,23093.7,22951.8,99.18658117,2284041.862614762,red,114.1885912291
2023-01-27 22:18:00,23043.050000000003,23050.800000000003,23083.0,23034.1,38.33739104,884143.81967311,green,113.9981361991
2023-01-27 22:39:00,23027.25,23021.35,23061.3,22969.6,77.82586566,1790442.897368029,red,114.0631540624
2023-01-27 23:00:00,23031.1,23032.275,23063.8,23003.1,71.10408241,1638335.537912323,green,113.9216156111
2023-01-27 23:21:00,23061.1,23063.275,23079.0,23051.9,42.09810472,971081.4286831,green,112.7504282584
2023-01-27 23:42:00,23071.25,23066.775,23079.3,23045.3,51.24895192,1181904.479685108,green,111.93353469880002
2023-01-28 00:03:00,23084.449999999997,23077.0,23095.2,23043.9,78.81358485,1817992.323092485,green,110.9110857179
2023-01-28 00:24:00,23132.9,23132.725,23182.6,23082.5,141.97490719,3283704.920527178,green,108.6354579948
2023-01-28 00:45:00,23161.7,23160.475,23176.8,23141.7,85.66359322,1983606.104648914,red,108.3429224842
2023-01-28 01:06:00,23113.449999999997,23113.449999999997,23146.7,23080.2,87.01574686000001,2011718.991294981,red,107.1855824067
2023-01-28 01:27:00,23100.9,23102.15,23130.5,23076.3,53.12803495,1227376.988706771,green,104.7183881737
2023-01-28 01:48:00,23100.95,23100.774999999998,23121.5,23079.7,33.62620924,776613.089772223,red,102.3184482598
2023-01-28 02:09:00,23080.7,23081.95,23096.4,23070.0,45.9088674,1059676.3287030829,green,101.8874282286
2023-01-28 02:30:00,23093.4,23097.425000000003,23122.8,23080.1,56.7559293,1311514.368003332,green,101.5802614178
2023-01-28 02:51:00,23098.4,23098.125,23113.2,23082.5,45.33340418,1047039.775802022,red,100.2752531529
2023-01-28 03:12:00,23090.4,23089.4,23096.2,23080.6,47.76159326,1102833.387970858,red,99.8047408372
2023-01-28 03:33:00,23110.35,23109.775,23132.5,23085.9,50.06133565,1156982.423092762,green,99.7611247741
2023-01-28 03:54:00,23129.35,23124.9,23135.9,23105.0,96.15383354,2223360.451692242,red,100.2404622772
2023-01-28 04:15:00,23113.9,23113.275,23128.0,23097.3,40.04848686,925463.528046062,red,100.2252692645
2023-01-28 04:36:00,23091.4,23092.65,23105.0,23082.8,34.70802202,801624.928360465,red,100.1535466113
2023-01-28 04:57:00,23057.2,23063.125,23106.6,23031.5,97.35819602,2246348.127275955,red,100.6173822483
2023-01-28 05:18:00,23040.05,23044.075,23064.7,23031.5,51.09117788,1177677.019823338,green,99.5181080962
2023-01-28 05:39:00,23058.0,23058.6,23070.0,23048.4,59.49287871,1371867.67229478,green,99.33011613969998
2023-01-28 06:00:00,23052.3,23054.825,23077.7,23037.0,56.58110341,1304980.159340155,red,98.7588792618
2023-01-28 06:21:00,23036.1,23032.625,23044.2,23014.1,76.80500355,1768673.70850778,red,98.3084129248
2023-01-28 06:42:00,23036.55,23035.0,23048.8,23018.1,79.81714234,1838409.82955223,green,98.1892313771
2023-01-28 07:03:00,23015.9,23010.225,23038.1,22971.0,113.11977416,2601287.245631604,red,98.1303222964
2023-01-28 07:24:00,22994.75,22988.074999999997,23006.7,22956.1,114.64866609,2634801.483180209,green,96.9125949984
2023-01-28 07:45:00,22997.0,22993.274999999998,22998.4,22980.7,34.66456767,796941.2674561259,green,96.3841370001
2023-01-28 08:06:00,22982.5,22980.825,23001.8,22956.5,94.71886825,2176311.859790523,red,95.1345970581
2023-01-28 08:27:00,22989.5,22988.800000000003,23012.3,22963.9,62.41635458,1435004.357258019,green,94.79523879510002
2023-01-28 08:48:00,23000.699999999997,22994.975,23012.3,22966.2,80.01472862,1839435.282100833,red,94.6494783577
2023-01-28 09:09:00,22985.6,22967.55,22999.0,22900.0,178.3022277,4094478.816682792,red,95.5609645719
2023-01-28 09:30:00,22996.4,22996.4,23012.0,22980.8,65.90882743,1515603.60498537,green,95.6732058515
2023-01-28 09:51:00,23007.0,23002.5,23010.7,22985.3,57.7476816,1327996.763350649,red,95.8055225891
2023-01-28 10:12:00,23004.050000000003,22989.0,23005.0,22942.9,107.41237299,2468047.066250465,green,95.9972022773
2023-01-28 10:33:00,22992.5,22993.5,23009.0,22980.0,53.86811904,1238740.665109369,red,95.8244782634
2023-01-28 10:54:00,22962.45,22965.15,22990.8,22944.9,130.34843874,2994013.175396667,red,96.0742680511
2023-01-28 11:15:00,22958.4,22959.850000000002,22983.3,22939.3,77.05381763,1769578.779031099,green,95.249755044
2023-01-28 11:36:00,22977.75,22981.300000000003,22997.8,22971.9,38.31068766,880703.936563687,green,94.37851630800002
2023-01-28 11:57:00,22971.75,22971.525,22983.6,22959.0,43.34739431,995531.147466336,red,93.6253254042
2023-01-28 12:18:00,22955.1,22950.425,22973.3,22918.2,136.39723606,3129551.058894587,red,88.5635983715
2023-01-28 12:39:00,22951.5,22953.325,22966.5,22943.8,43.97701811,1009432.1253765188,green,87.621595645
2023-01-28 13:00:00,22924.5,22922.899999999998,22953.4,22889.2,231.88115355,5313869.041469343,red,89.2694057977
2023-01-28 13:21:00,22924.75,22922.45,22960.3,22880.0,91.37457337,2094795.430264151,green,89.37268757180001
2023-01-28 13:42:00,22962.55,22960.775,22973.0,22945.0,55.8471194,1282270.144130046,green,89.4036179316
2023-01-28 14:03:00,22969.6,22966.049999999996,22972.1,22952.9,43.08213047,989295.030849476,red,89.25297633100001
2023-01-28 14:24:00,22967.0,22970.050000000003,22979.3,22966.9,36.95973322,849076.113465064,grey,89.39335379
2023-01-28 14:45:00,22962.45,22960.3,22980.8,22935.5,95.82585699,2199940.572239289,red,89.86060384260001
2023-01-28 15:06:00,22980.949999999997,22989.774999999998,23039.4,22957.8,119.06581555,2740068.359499581,green,90.21797804000002
2023-01-28 15:27:00,23014.65,23014.725,23036.6,22993.0,70.98345778999999,1633682.118651502,green,90.1590308074
2023-01-28 15:48:00,23023.3,23020.850000000002,23027.0,23009.8,53.30855578,1227100.184391411,red,90.1023156497
2023-01-28 16:09:00,23026.35,23030.675000000003,23049.9,23020.1,45.69222255,1052450.287459967,green,90.2135115236
2023-01-28 16:30:00,23023.6,23025.125,23037.4,23015.9,56.69978885,1305679.09577003,red,89.64509952270001
2023-01-28 16:51:00,23009.5,23012.375,23027.5,23003.0,58.73952696,1351928.331620692,red,88.84153325980002
2023-01-28 17:12:00,23003.55,23001.425,23015.6,22983.0,115.61019149,2659141.5369898668,green,89.4157676297
2023-01-28 17:33:00,23009.2,23002.774999999998,23014.5,22978.2,46.39236854,1066781.457408702,green,89.5801220872
2023-01-28 17:54:00,23009.15,23012.85,23029.1,23004.0,43.00466055,989813.166159044,red,89.6572072001
2023-01-28 18:15:00,23001.949999999997,23004.275,23014.8,22998.4,56.17301054,1292447.034905427,red,89.79746303339999
2023-01-28 18:36:00,22996.7,22993.5,22999.7,22980.9,56.29627153,1294389.709343835,red,89.532288613
2023-01-28 18:57:00,23013.25,23013.075,23034.0,22991.8,32.21735013,741416.786947216,green,88.7724671338
2023-01-28 19:18:00,23032.800000000003,23032.550000000003,23039.5,23025.1,50.38002942,1160438.316859083,green,88.9123618783
2023-01-28 19:39:00,23035.1,23035.775,23040.4,23032.5,21.14198887,487015.289781801,green,88.650430051
2023-01-28 20:00:00,23032.699999999997,23032.65,23038.1,23027.1,28.84187004,664313.627481629,red,88.32720119
2023-01-28 20:21:00,23006.6,23002.674999999996,23028.1,22969.4,68.67106197,1578892.671523351,red,88.4118254907
2023-01-28 20:42:00,22976.4,22973.175000000003,22997.8,22942.1,106.17621578,2439133.155064412,red,89.075981262
2023-01-28 21:03:00,22983.65,22980.875,23006.5,22949.7,60.68145449,1394697.21693349,green,89.4356041282
2023-01-28 21:24:00,23001.65,22999.975,23008.2,22988.4,67.42939774,1551159.878797299,green,89.8481727722
2023-01-28 21:45:00,22994.949999999997,22995.075,23008.1,22982.3,55.2123972,1269667.618374249,red,90.0468129537
2023-01-28 22:06:00,22984.699999999997,22990.475,23011.8,22980.7,37.83246471,870062.843163176,red,90.1959622314
2023-01-28 22:27:00,22991.85,22991.324999999997,23004.2,22977.4,38.72567964,890322.3805331261,green,90.2145902608
2023-01-28 22:48:00,22992.35,22989.1,23006.5,22965.2,47.4817501,1091366.388832157,red,90.3834370119
2023-01-28 23:09:00,22992.55,22988.65,23000.9,22968.6,31.76484971,730140.497827768,green,90.3100300746
2023-01-28 23:30:00,23000.3,22997.125,23000.8,22987.1,28.66391058,659127.2032816419,red,89.83172487770001
2023-01-28 23:51:00,23009.85,23012.075,23028.8,22999.8,39.57546153,911141.536608354,green,89.72883568670001
2023-01-29 00:12:00,23022.199999999997,23010.125,23024.6,22971.5,86.28652773,1983681.224114735,green,88.6833359715
2023-01-29 00:33:00,23078.8,23080.85,23141.3,23024.5,330.81967856,7644031.001100134,green,90.7605719595
2023-01-29 00:54:00,23165.65,23167.9,23228.9,23111.4,316.12958103,7327121.773206718,green,93.3265120066
2023-01-29 01:15:00,23294.25,23315.25,23490.0,23182.5,621.8307854,14529851.32856668,green,98.6769971189
2023-01-29 01:36:00,23307.800000000003,23310.95,23413.4,23214.8,145.91464492,3401868.846911298,red,98.4703639478
2023-01-29 01:57:00,23189.15,23177.225000000002,23274.4,23056.2,128.91480823,2985523.588516634,red,98.0658333928
2023-01-29 02:18:00,23139.8,23140.35,23174.9,23106.9,60.11694474,1391157.889184721,red,97.7527070012
2023-01-29 02:39:00,23137.25,23127.7,23176.1,23060.2,69.92223448,1617694.426892717,green,95.8117695747
2023-01-29 03:00:00,23139.9,23135.15,23153.3,23107.5,37.628172,870262.819887622,red,94.9191979461
2023-01-29 03:21:00,23147.199999999997,23146.425,23164.0,23127.3,23.34627308,540360.875448349,green,93.709430125
2023-01-29 03:42:00,23176.4,23175.100000000002,23199.9,23147.7,34.49957444,799703.128350164,green,92.1171405689
2023-01-29 04:03:00,23186.3,23188.1,23210.9,23168.9,37.4519294,868405.414836413,red,90.1508786763
2023-01-29 04:24:00,23192.05,23185.95,23210.4,23149.3,44.65706599,1035037.232767362,green,89.69283886000001
2023-01-29 04:45:00,23214.6,23218.1,23236.8,23206.4,49.85434625,1157833.507009727,green,88.41738967290001
2023-01-29 05:06:00,23208.15,23207.175,23220.7,23191.7,32.41928824,752318.354350167,red,88.1249098991
2023-01-29 05:27:00,23211.0,23212.649999999998,23233.9,23194.7,36.42475702,845680.5252018559,green,87.8415993135
2023-01-29 05:48:00,23231.550000000003,23235.075,23261.4,23215.8,63.34609218,1472157.863201602,green,87.8671284819
2023-01-29 06:09:00,23227.449999999997,23226.875,23237.6,23215.0,46.17920111,1072497.388447477,red,87.6911814499
2023-01-29 06:30:00,23205.800000000003,23207.0,23229.5,23186.9,55.35091691,1284927.124549438,red,87.30397176159998
2023-01-29 06:51:00,23200.7,23199.725,23214.9,23182.6,65.26679143,1514159.266178909,green,81.4049627218
2023-01-29 07:12:00,23192.5,23190.949999999997,23207.4,23171.4,62.02941086,1438458.345251704,red,79.7899070465
2023-01-29 07:33:00,23188.85,23189.8,23203.8,23177.7,38.47624409,892462.238803243,green,78.3374929913
2023-01-29 07:54:00,23203.8,23205.699999999997,23219.1,23196.1,43.29570398,1004810.4753625168,green,77.69796128130001
2023-01-29 08:15:00,23193.5,23190.475,23209.9,23165.0,43.63863354,1011759.675288008,red,77.3811125008
2023-01-29 08:36:00,23170.25,23171.175000000003,23183.1,23161.1,55.75515858,1292031.41433079,red,76.5144389122
2023-01-29 08:57:00,23183.0,23181.8,23207.0,23154.2,38.99172443,903512.638994442,green,75.9124903448
2023-01-29 09:18:00,23283.9,23283.9,23367.9,23199.9,260.86375174,6073591.861601777,green,78.13775395180001
2023-01-29 09:39:00,23326.5,23318.35,23362.9,23257.5,242.52834794,5652824.164515476,red,79.7847787746
2023-01-29 10:00:00,23389.05,23390.050000000003,23492.0,23290.1,315.18342894,7377186.486754703,green,82.22557223989999
2023-01-29 10:21:00,23460.0,23441.3,23492.9,23352.3,130.8167368,3063884.005979901,red,83.1127585607
2023-01-29 10:42:00,23430.300000000003,23424.675,23448.4,23389.7,63.91941182,1497066.460385968,red,83.2394631597
2023-01-29 11:03:00,23414.65,23430.274999999998,23617.6,23274.2,370.17026853,8663227.554407487,red,86.15302999650001
2023-01-29 11:24:00,23392.5,23394.074999999997,23419.9,23371.4,70.20507738,1642277.850042951,red,85.4353316984
2023-01-29 11:45:00,23406.4,23408.575,23444.0,23377.5,97.48380567,2282698.507447148,green,85.5535338229
2023-01-29 12:06:00,23414.6,23403.0,23430.8,23352.0,139.05361627,3253089.712981082,red,86.07391251700001
2023-01-29 12:27:00,23433.55,23431.375,23483.8,23374.6,111.01493639,2600267.929695212,green,86.65278153140001
2023-01-29 12:48:00,23498.75,23498.025,23535.3,23459.3,226.49771789,5322093.058550514,green,88.58149661789999
2023-01-29 13:09:00,23561.5,23573.3,23650.0,23520.2,285.52484712,6733331.472901859,green,90.9776564151
2023-01-29 13:30:00,23578.6,23573.524999999998,23602.2,23534.7,168.24672902999998,3964801.104385977,red,92.0925644124
2023-01-29 13:51:00,23553.7,23550.449999999997,23589.0,23505.4,105.85993018,2492542.11415757,red,92.6978296724
2023-01-29 14:12:00,23511.65,23498.25,23549.7,23420.0,132.01354735,3100397.276489682,red,93.5403492133
2023-01-29 14:33:00,23505.75,23500.95,23533.0,23459.3,103.09505618,2421825.577019314,green,94.0706864186
2023-01-29 14:54:00,23516.85,23518.6,23545.5,23495.2,67.32807028,1583786.261515814,red,93.782428786
2023-01-29 15:15:00,23511.6,23506.275,23526.4,23475.5,96.95650459,2278213.122324872,green,94.3515089633
2023-01-29 15:36:00,23523.9,23525.85,23546.0,23509.6,72.55802656,1706938.303204704,green,94.7300090087
2023-01-29 15:57:00,23536.35,23527.424999999996,23562.6,23474.4,169.60401297,3987983.619548346,green,95.4524671782
2023-01-29 16:18:00,23526.4,23524.600000000002,23570.4,23475.2,134.18846211,3157912.845302214,red,96.2834400205
2023-01-29 16:39:00,23544.35,23555.449999999997,23637.0,23496.1,132.71329035,3129929.641541095,green,97.0156441369
2023-01-29 17:00:00,23602.2,23598.050000000003,23638.7,23549.1,104.87896254,2474445.39169884,green,97.4986227282
2023-01-29 17:21:00,23607.1,23608.375,23641.0,23578.3,78.12777961,1844353.518435365,red,97.5118504888
2023-01-29 17:42:00,23582.95,23589.5,23622.6,23569.5,75.40205024,1779043.567600248,red,97.4676995678
2023-01-29 18:03:00,23575.4,23569.075,23585.3,23540.2,74.0987108,1746093.4262178289,green,97.0774889342
2023-01-29 18:24:00,23642.449999999997,23652.725,23756.9,23569.1,351.1212649,8304907.39392886,green,99.4422149223
2023-01-29 18:45:00,23708.35,23703.174999999996,23733.6,23662.4,110.99672794,2630078.309832749,green,100.205536525
2023-01-29 19:06:00,23753.95,23765.6,23850.0,23704.5,321.87476571,7650483.265052263,green,102.4770954996
2023-01-29 19:27:00,23866.199999999997,23865.5,23940.0,23789.6,312.20945048,7458215.749309313,green,104.97502645859998
2023-01-29 19:48:00,23880.75,23856.875,23954.9,23711.1,249.04411024,5936335.61207921,red,106.6653202748
2023-01-29 20:09:00,23813.85,23802.949999999997,23845.5,23738.6,122.2735828,2909505.4710571137,red,106.1050338258
2023-01-29 20:30:00,23765.550000000003,23767.825000000004,23819.8,23720.4,102.83048345,2444715.739327145,red,106.47425038599998
2023-01-29 20:51:00,23709.550000000003,23694.75,23744.4,23615.5,190.58305074,4514433.584130734,red,107.8026040774
2023-01-29 21:12:00,23728.2,23731.15,23780.8,23687.4,118.15033458,2803485.8686372098,green,107.9099836933
2023-01-29 21:33:00,23786.05,23791.8,23826.9,23768.2,166.05101484,3951387.000772208,green,109.0318126513
2023-01-29 21:54:00,23802.25,23796.7,23816.3,23766.0,76.66207078000001,1824077.525732404,red,108.4949489717
2023-01-29 22:15:00,23785.949999999997,23785.975,23801.4,23770.6,47.95660122,1140905.832049636,red,108.2039768076
2023-01-29 22:36:00,23756.6,23754.975000000002,23782.4,23724.3,72.97668489,1733859.096263374,red,108.5506367799
2023-01-29 22:57:00,23801.45,23805.149999999998,23875.0,23742.7,172.50689683,4110314.497690801,green,109.8422318051
2023-01-29 23:18:00,23822.25,23808.45,23860.3,23729.0,169.5182963,4032784.257570512,red,110.1734424075
2023-01-29 23:39:00,23763.1,23763.075,23784.4,23741.7,66.16235059,1572006.883466826,red,110.3952957323
2023-01-30 00:00:00,23734.8,23742.0,23796.4,23702.0,164.69918853,3911241.497951607,red,109.7234760821
2023-01-30 00:21:00,23731.1,23723.725,23746.7,23686.0,104.0471374,2467217.641417497,green,109.8502017224
2023-01-30 00:42:00,23747.5,23747.625,23771.9,23723.6,101.24465065,2404995.693328533,green,110.3041770349
2023-01-30 01:03:00,23704.3,23700.75,23763.4,23631.0,202.44280124,4793426.711378118,red,111.8977837426
2023-01-30 01:24:00,23660.9,23660.625,23681.6,23639.1,103.98521114,2460507.429081804,green,112.5680385218
2023-01-30 01:45:00,23650.449999999997,23650.375,23673.8,23626.8,79.36232657,1877677.926481641,red,112.4034032176
2023-01-30 02:06:00,23631.15,23619.575,23641.0,23575.0,154.9103413,3657494.205130204,green,112.7618484751
2023-01-30 02:27:00,23622.7,23622.675,23641.5,23603.8,57.35965855,1354918.424885396,red,112.6256104827
2023-01-30 02:48:00,23620.0,23623.475,23649.8,23604.1,56.70294648,1340155.632780528,green,112.6595543897
2023-01-30 03:09:00,23638.45,23644.074999999997,23671.5,23627.9,65.27985962,1544267.86566143,green,112.8554307604
2023-01-30 03:30:00,23663.05,23662.475000000002,23680.0,23643.8,42.8297276,1013585.506791803,green,112.7167301479
2023-01-30 03:51:00,23713.9,23712.300000000003,23749.0,23672.4,53.74855858,1274076.388876129,green,112.66682046409998
2023-01-30 04:12:00,23747.0,23747.075,23760.0,23734.3,39.60628686,940551.344309359,red,111.9067814178
2023-01-30 04:33:00,23725.1,23726.75,23751.8,23705.0,30.67488078,728016.378545257,red,111.7496065402
2023-01-30 04:54:00,23697.3,23699.65,23716.6,23687.4,45.24930827,1072588.230495534,red,111.7720530174
2023-01-30 05:15:00,23679.65,23680.625,23694.1,23669.1,44.32966836,1049887.525648627,red,111.6536195956
2023-01-30 05:36:00,23695.9,23694.6,23722.2,23664.4,46.5971012,1104108.522305929,green,111.5566278923
2023-01-30 05:57:00,23726.5,23727.775,23739.7,23718.4,38.65535202,917379.516798688,green,111.6210079112
2023-01-30 06:18:00,23708.65,23708.824999999997,23731.6,23686.4,58.75017158,1393225.369023766,red,111.7047093328
2023-01-30 06:39:00,23691.4,23686.500000000004,23699.9,23663.3,84.14863181,1992863.538603834,green,112.3347757622
2023-01-30 07:00:00,23675.55,23675.1,23704.6,23644.7,69.49403816,1644975.481457293,red,112.7412974434
2023-01-30 07:21:00,23647.35,23637.9,23654.9,23602.0,103.30411963,2441067.949542438,red,113.08762802
2023-01-30 07:42:00,23641.5,23638.550000000003,23651.1,23620.1,50.22489845,1187255.2211008589,green,112.5281148467
2023-01-30 08:03:00,23627.25,23633.875,23670.0,23611.0,53.96563382,1276047.15037808,red,112.46095664
2023-01-30 08:24:00,23590.8,23576.1,23613.2,23509.6,196.90502981,4641196.242845961,red,113.7557129607
2023-01-30 08:45:00,23501.35,23488.975000000002,23584.4,23368.8,232.20203375,5451008.990332779,red,115.5256093262
2023-01-30 09:06:00,23345.3,23336.7,23445.4,23210.8,289.51843828,6755518.220367105,red,118.0424690619
2023-01-30 09:27:00,23232.55,23226.875,23334.1,23108.3,181.33896882,4209538.632890347,red,119.4686019537
2023-01-30 09:48:00,23217.45,23193.8,23235.1,23105.2,107.37279934,2489247.898964241,green,120.0675124461
2023-01-30 10:09:00,23253.85,23255.125,23292.0,23220.8,66.99012262,1557884.421060674,green,120.41976517519998
2023-01-30 10:30:00,23250.85,23255.949999999997,23299.5,23222.6,74.77779947,1739922.96624598,red,120.8809040641
2023-01-30 10:51:00,23239.5,23235.4,23270.0,23192.6,57.16478789,1328175.142203235,green,121.0567973277
2023-01-30 11:12:00,23247.75,23244.425,23262.2,23220.0,48.47504097,1126627.871231561,red,120.6786824601
2023-01-30 11:33:00,23166.050000000003,23142.825,23239.2,23000.0,313.99345682,7263702.544618443,red,120.5104202427
2023-01-30 11:54:00,23106.45,23085.025,23152.4,22974.8,166.77635469999998,3848055.1372748553,green,119.0168879794
2023-01-30 12:15:00,23101.9,23102.325000000004,23137.4,23068.1,67.14556598,1551531.000788127,red,113.4700357852
2023-01-30 12:36:00,23076.2,23045.850000000002,23086.2,22944.8,146.35181948000002,3369158.900969618,red,113.4744075308
2023-01-30 12:57:00,23090.6,23087.275,23116.8,23051.1,49.11485959,1134114.168490363,green,112.67640804440002
2023-01-30 13:18:00,23104.75,23104.800000000003,23127.8,23081.9,48.34098913,1116817.141595715,red,112.5586484883
2023-01-30 13:39:00,23076.55,23078.4,23108.1,23052.4,56.3080798,1300060.732986051,red,112.4225069415
2023-01-30 14:00:00,23105.35,23105.275,23178.9,23031.5,81.91819897,1894385.942035953,green,112.8654072112
2023-01-30 14:21:00,23159.9,23165.300000000003,23214.8,23126.6,73.49232186,1702690.363564918,green,113.366867699
2023-01-30 14:42:00,23232.95,23230.3,23298.0,23157.3,136.4551945,3172411.1383372983,green,114.38642389960002
2023-01-30 15:03:00,23246.55,23246.4,23298.0,23194.5,85.00220381,1975931.364259471,red,114.8619266437
2023-01-30 15:24:00,23151.6,23139.175,23201.5,23052.0,83.42163186,1930097.242664443,red,115.2495723024
2023-01-30 15:45:00,23135.95,23128.325,23179.7,23061.7,74.99897643,1735565.54938342,green,115.5010186042
2023-01-30 16:06:00,23155.9,23174.6,23243.0,23143.6,89.98441099,2086453.571408415,red,116.0766698317
2023-01-30 16:27:00,23156.55,23167.2,23219.5,23136.2,59.96302885,1389995.518659096,green,116.31205255
2023-01-30 16:48:00,23179.1,23166.1,23193.7,23112.5,71.7828624,1662334.548083697,green,116.3964202522
2023-01-30 17:09:00,23182.05,23185.050000000003,23235.7,23140.4,85.24357909,1976731.126604902,red,116.787064032
2023-01-30 17:30:00,23148.300000000003,23151.425000000003,23183.0,23126.1,36.31503485,840932.368230905,red,116.5967052114
2023-01-30 17:51:00,23123.800000000003,23114.975,23142.2,23070.1,70.31053711,1624313.288778934,red,116.64714266820002
2023-01-30 18:12:00,23110.7,23124.525,23176.7,23100.0,46.44562553,1074800.19538363,red,116.4913048149
2023-01-30 18:33:00,23109.5,23113.175,23152.4,23081.3,34.5132657,797968.730003838,green,116.451675031
2023-01-30 18:54:00,22954.0,22915.025,23139.0,22613.1,399.53229202,9108706.04188917,red,120.0140409114
2023-01-30 19:15:00,22756.9,22768.625,22840.7,22720.0,353.37656056000003,8056856.96223342,red,123.1114201816
2023-01-30 19:36:00,22732.8,22723.325,22767.9,22659.8,186.12976915,4227547.434706481,green,124.4151662873
2023-01-30 19:57:00,22738.95,22755.125,22810.1,22732.5,155.54380221,3542838.413566006,red,125.5806870651
2023-01-30 20:18:00,22728.300000000003,22691.100000000002,22745.6,22562.2,328.24770164,7433958.171900626,red,126.25452656410002
2023-01-30 20:39:00,22707.65,22702.375,22724.2,22670.0,81.35851056999999,1846671.297532027,red,124.6428281904
2023-01-30 21:00:00,22738.9,22738.85,22782.0,22695.6,70.38690084,1601460.135360768,green,122.19486290940002
2023-01-30 21:21:00,22770.4,22771.325,22790.8,22753.7,86.20756985,1963224.796991628,red,121.7487712399
2023-01-30 21:42:00,22746.7,22734.0,22758.8,22683.8,67.84638115,1541921.884740649,red,121.7880409332
2023-01-30 22:03:00,22724.35,22730.624999999996,22766.1,22707.7,51.90078628,1179621.011779265,red,118.6053461107
2023-01-30 22:24:00,22712.15,22663.525,22729.8,22500.0,177.78571581,4025206.819241691,red,119.681152495
2023-01-30 22:45:00,22726.25,22717.725,22749.2,22669.2,120.75983352,2743065.025281908,green,119.9139127735
2023-01-30 23:06:00,22760.949999999997,22759.475,22799.0,22717.0,88.99184594,2024929.9047056336,green,119.4132950702
2023-01-30 23:27:00,22782.199999999997,22783.874999999996,22808.4,22762.7,99.71930069,2272439.324386363,green,119.3003387132
2023-01-30 23:48:00,22805.949999999997,22806.874999999996,22840.9,22774.7,106.60589579,2432801.695640783,green,118.1014204922
2023-01-31 00:09:00,22805.8,22811.5,22858.9,22775.5,107.90582432,2460577.850642558,red,116.3252302642
2023-01-31 00:30:00,22816.15,22805.95,22872.2,22719.3,87.98383945,2003869.794341347,green,115.5226013684
2023-01-31 00:51:00,22834.2,22836.45,22872.4,22805.0,64.77031001,1478907.735119211,red,115.1117051667
2023-01-31 01:12:00,22797.45,22798.175,22826.8,22771.0,33.9839204,774944.648755217,red,114.1314088972
2023-01-31 01:33:00,22811.15,22810.475000000002,22859.4,22760.2,63.53218717,1450717.9173643,green,113.7357802071
2023-01-31 01:54:00,22866.1,22859.874999999996,22889.6,22817.7,51.04209109,1166136.552557798,green,113.5729204152
2023-01-31 02:15:00,22883.65,22880.75,22893.0,22862.7,35.15576953,804170.737650962,red,112.9549130646
2023-01-31 02:36:00,22876.2,22884.725,22916.9,22869.6,44.25583514,1012995.520049747,red,112.6718911504
2023-01-31 02:57:00,22856.449999999997,22856.425,22871.1,22841.7,24.43990835,558655.536223848,red,111.2202501042
2023-01-31 03:18:00,22832.4,22834.125,22852.8,22818.9,22.01591435,502828.57128345,red,110.0985246266
2023-01-31 03:39:00,22828.0,22831.95,22848.8,22823.0,28.78050426,657321.735707788,green,109.0591967657
2023-01-31 04:00:00,22827.45,22824.6,22842.9,22800.6,19.90058044,454090.41969704,red,108.2094129447
2023-01-31 04:21:00,22830.4,22835.925,22861.1,22821.8,25.17584007,575067.531301575,green,107.6798935493
2023-01-31 04:42:00,22847.4,22849.275,22868.4,22833.9,22.79077791,520830.36760607903,green,107.153780826
2023-01-31 05:03:00,22856.65,22857.275,22873.8,22842.0,33.5071554,766012.126746174,green,106.747865272
2023-01-31 05:24:00,22845.85,22846.15,22858.4,22834.5,26.32839198,601498.197280428,red,103.4999365428
2023-01-31 05:45:00,22798.55,22794.975,22836.8,22746.0,84.75229789000001,1930648.041588532,red,103.2374922423
2023-01-31 06:06:00,22777.65,22778.45,22802.2,22756.3,33.68401221,767270.954647302,green,100.35558470729998
2023-01-31 06:27:00,22821.949999999997,22820.324999999997,22866.8,22770.6,55.41648486,1265004.023521751,green,97.7876550511
2023-01-31 06:48:00,22861.15,22851.45,22872.0,22811.5,32.29688923,737656.274681668,green,95.620182841
2023-01-31 07:09:00,22867.35,22863.35,22876.7,22842.0,23.41032155,535206.427981752,red,94.6315502285
2023-01-31 07:30:00,22921.65,22922.475,22982.1,22864.5,62.43993905,1431883.432459641,green,94.2276447845
2023-01-31 07:51:00,22956.3,22960.15,22995.0,22933.0,80.52591828,1849481.661455653,red,93.1270734599
2023-01-31 08:12:00,22923.4,22929.4,22962.8,22908.0,76.86441359,1763167.112915413,red,92.71421425
2023-01-31 08:33:00,22879.65,22879.575,22922.0,22837.0,75.10709258,1718358.763207296,red,91.8047750274
2023-01-31 08:54:00,22889.800000000003,22891.875,22936.0,22851.9,48.02567415,1100270.18523976,green,91.5184110611
2023-01-31 09:15:00,22909.7,22910.300000000003,22931.7,22890.1,30.98180684,709677.932993172,red,91.3486631173
2023-01-31 09:36:00,22896.050000000003,22895.65,22906.7,22883.8,30.50488403,698350.242127107,green,90.9239451087
2023-01-31 09:57:00,22888.95,22882.25,22900.4,22850.7,49.77460429,1138413.369624574,red,89.6966221833
2023-01-31 10:18:00,22874.45,22882.175,22908.3,22871.5,44.90536757,1028059.558518616,red,88.45049289600001
2023-01-31 10:39:00,22850.4,22848.45,22876.0,22817.0,79.23717392,1810181.228959512,red,88.5812411293
2023-01-31 11:00:00,22842.8,22841.225,22864.3,22815.0,34.20787232,781328.72923168,green,87.27632796720002
2023-01-31 11:21:00,22862.65,22852.675000000003,22872.4,22813.0,49.74406684,1136136.113593138,green,86.7332972616
2023-01-31 11:42:00,22880.15,22877.425,22895.2,22854.2,53.72618963,1228751.507462435,green,86.25811265139998
2023-01-31 12:03:00,22890.85,22882.425,22898.0,22850.0,49.7508737,1138117.276229264,red,84.731193376
2023-01-31 12:24:00,22882.0,22884.9,22909.1,22866.5,47.15447673,1079441.696725992,red,84.1628860319
2023-01-31 12:45:00,22892.65,22892.95,22918.7,22867.8,72.24106595,1654225.882667857,green,84.09167342570001
2023-01-31 13:06:00,22908.6,22916.275,22949.3,22898.6,66.81894194,1531732.909277217,red,83.2107594321
2023-01-31 13:27:00,22975.199999999997,22979.55,23082.8,22885.0,237.66720801,5464883.653914227,green,85.0138349267
2023-01-31 13:48:00,23066.85,23090.449999999997,23190.0,23038.1,124.51269569,2877046.395692754,green,85.69193241880001
2023-01-31 14:09:00,23089.75,23093.275,23132.7,23060.9,83.35661575,1924536.665485267,red,85.87269998010001
2023-01-31 14:30:00,23128.15,23123.450000000004,23178.4,23059.1,129.74396461,2999927.069655507,green,86.7418423502
2023-01-31 14:51:00,23139.9,23136.6,23188.6,23078.0,128.37146534,2970058.983990772,red,87.4880714178
2023-01-31 15:12:00,23127.05,23128.625,23154.8,23105.6,61.2151048,1416202.4560442271,green,87.70415959720002
2023-01-31 15:33:00,23132.75,23148.1,23206.0,23120.9,82.43661914,1909709.089488452,red,88.22177698079999
2023-01-31 15:54:00,23114.25,23117.425,23139.2,23102.0,48.19021703,1114014.400889498,red,88.25118606839999
2023-01-31 16:15:00,23128.85,23129.574999999997,23153.1,23107.5,41.09477887,950347.408569301,green,88.21883717350002
2023-01-31 16:36:00,23132.15,23140.75,23215.8,23082.9,130.60962962,3022674.090812285,red,89.0589624577
2023-01-31 16:57:00,23107.85,23105.55,23119.0,23087.5,81.59472881,1885255.710955177,red,89.4883562256
2023-01-31 17:18:00,23130.449999999997,23130.574999999997,23159.8,23101.6,44.79828952,1036290.807602234,green,89.348837405
2023-01-31 17:39:00,23153.199999999997,23155.774999999998,23181.5,23135.2,45.51835983,1054048.358219706,red,88.96253468520001
2023-01-31 18:00:00,23143.25,23142.125,23155.1,23126.9,51.6677405,1195766.742877497,red,88.7842717086
2023-01-31 18:21:00,23143.25,23139.1,23151.7,23118.2,43.29997225,1001540.326538523,green,88.18423023480001
2023-01-31 18:42:00,23165.0,23164.449999999997,23191.4,23136.4,79.81902636999999,1849221.956428029,green,88.480171514
2023-01-31 19:03:00,23150.05,23143.800000000003,23183.0,23092.1,75.92687804,1756552.983476,red,88.69978395620001
2023-01-31 19:24:00,23143.25,23140.275,23169.5,23105.1,46.37421592,1073045.82140353,green,87.19447581729999
2023-01-31 19:45:00,23164.7,23164.225,23176.5,23151.0,46.86602376,1085566.977372128,red,85.34111571739999
2023-01-31 20:06:00,23138.6,23134.925,23160.2,23102.3,29.58874099,684294.692741702,red,82.7418187445
2023-01-31 20:27:00,23120.1,23103.55,23123.0,23051.0,82.51889441,1904722.502197891,green,81.7536180004
2023-01-31 20:48:00,23111.800000000003,23112.675000000003,23141.7,23085.4,64.74611609,1496552.320216827,red,81.3273511679
2023-01-31 21:09:00,23044.449999999997,23015.199999999997,23106.4,22865.5,380.68819985,8741847.747154225,red,84.46433194020001
2023-01-31 21:30:00,22943.449999999997,22926.199999999997,23007.8,22810.1,257.22678847000003,5888272.966636593,red,86.28882183019999
2023-01-31 21:51:00,22912.3,22922.6,22965.9,22899.9,69.23587275,1587626.062042318,green,86.40953267879999
2023-01-31 22:12:00,22912.0,22903.825,22924.6,22866.7,58.253131960000005,1333947.808734058,red,86.5073135887
2023-01-31 22:33:00,23067.45,23090.300000000003,23326.9,22899.4,188.01785413,4351307.653893457,green,85.24755756180001
2023-01-31 22:54:00,23170.65,23169.125,23250.1,23085.1,159.49356214,3696705.568945113,red,85.17472963620001
2023-01-31 23:15:00,23103.65,23105.274999999998,23133.6,23080.2,55.84941119,1290974.796360474,red,85.06176808830001
2023-01-31 23:36:00,23117.5,23123.600000000002,23158.1,23101.3,59.74593094,1382100.627635639,green,84.19570920290002
2023-01-31 23:57:00,23106.3,23105.5,23164.4,23045.0,73.32176408000001,1693651.881878181,red,84.4377782478
2023-02-01 00:18:00,23074.699999999997,23058.699999999997,23089.3,22996.1,72.69423099,1675814.975240237,red,84.68131066640001
2023-02-01 00:39:00,23075.550000000003,23082.125,23111.3,23066.1,54.05440761,1248084.088801339,green,84.65877394450001
2023-02-01 01:00:00,23088.85,23093.574999999997,23118.0,23078.6,35.91755062,829698.512304919,green,84.19876746099999
2023-02-01 01:21:00,23115.05,23105.725000000002,23136.0,23056.8,72.07330018,1663691.431699279,green,84.18457724419999
2023-02-01 01:42:00,23123.3,23134.050000000003,23179.0,23110.6,59.52634361,1377563.177063922,red,83.4152887353
2023-02-01 02:03:00,23098.25,23097.6,23112.7,23081.2,36.01572704,831852.074900039,red,82.9254239676
2023-02-01 02:24:00,23088.699999999997,23091.8,23109.8,23080.0,36.90228719,852376.815906035,green,82.4602305209
2023-02-01 02:45:00,23095.35,23095.9,23108.0,23084.9,28.13956613,649976.613417967,green,81.99163641790001
2023-02-01 03:06:00,23084.1,23085.55,23106.7,23067.3,28.86475223,666330.996594292,red,81.3804398303
2023-02-01 03:27:00,23086.949999999997,23080.425,23105.8,23042.0,42.75186901,986540.270838408,green,81.2083282319
2023-02-01 03:48:00,23121.300000000003,23121.3,23137.9,23104.7,18.53356342,428582.398922049,green,80.6758352421
2023-02-01 04:09:00,23138.65,23135.175000000003,23154.0,23109.4,48.18308802,1114865.024397002,green,80.3052303314
2023-02-01 04:30:00,23132.2,23131.4,23150.1,23111.1,46.52380836,1076375.081578843,red,80.4073180665
2023-02-01 04:51:00,23136.0,23136.875,23150.7,23124.8,35.2077475,814552.282551173,green,80.0562901704
2023-02-01 05:12:00,23150.9,23150.375,23160.7,23139.0,39.51995024,914972.011686077,green,79.9870334175
2023-02-01 05:33:00,23139.0,23136.575,23154.5,23113.8,23.65225374,547127.429728973,red,79.8784232979
2023-02-01 05:54:00,23119.95,23118.8,23129.3,23106.0,31.55102138,729445.676928736,red,76.1986105915
2023-02-01 06:15:00,23119.25,23108.575,23125.1,23070.7,54.54232914,1259942.486666013,green,73.2102682773
2023-02-01 06:36:00,23094.75,23092.75,23122.2,23059.3,30.78936374,710922.3375143519,red,71.6568642232
2023-02-01 06:57:00,23078.1,23066.574999999997,23089.0,23021.1,74.40240211,1714753.161222189,green,70.8454502222
2023-02-01 07:18:00,23089.1,23090.5,23110.3,23073.5,57.29807295,1323293.825168147,green,68.13595393530001
2023-02-01 07:39:00,23081.2,23079.5,23089.4,23066.2,19.91720163,459659.859895771,red,67.5215408459
2023-02-01 08:00:00,23050.45,23048.050000000003,23082.9,23008.4,43.52110679,1003245.831718228,red,67.2528829054
2023-02-01 08:21:00,23012.75,22999.125,23030.8,22940.2,104.60747907,2404088.345458344,red,67.4368819976
2023-02-01 08:42:00,22987.1,22985.350000000002,23006.4,22960.8,50.32603147,1156633.415576407,red,67.2616785008
2023-02-01 09:03:00,22992.9,22980.325,23014.2,22921.3,52.32962298,1202103.361345155,green,67.2659668678
2023-02-01 09:24:00,22997.0,22996.075,23017.3,22973.0,39.34251933,904782.267056638,red,65.881534903
2023-02-01 09:45:00,22987.65,22987.699999999997,23003.6,22971.9,32.34512197,743620.946280265,green,64.9973877875
2023-02-01 10:06:00,22988.7,22992.100000000002,23009.2,22981.8,39.61982078,911082.736993453,red,64.50366753590001
2023-02-01 10:27:00,22988.05,22979.125,22993.5,22946.9,66.67844529,1531641.788084832,green,64.1732589819
2023-02-01 10:48:00,23009.0,23008.15,23024.7,22989.9,34.63476993,796626.897728488,green,63.4535477233
2023-02-01 11:09:00,23057.15,23056.825,23096.3,23016.7,74.77063722999999,1723868.400559193,green,63.1221958524
2023-02-01 11:30:00,23079.35,23078.775,23093.8,23062.6,59.34626612,1369651.153445612,red,62.8358201191
2023-02-01 11:51:00,23081.55,23078.925,23094.9,23057.7,42.09120182,971258.453529722,green,62.60902903720001
2023-02-01 12:12:00,23090.050000000003,23090.800000000003,23104.6,23078.5,50.6907847,1170446.049735178,red,62.7760976802
2023-02-01 12:33:00,23073.6,23074.824999999997,23092.7,23059.4,26.29956768,607037.738231087,red,62.403771485300005
2023-02-01 12:54:00,23063.0,23052.825,23068.5,23016.8,48.8539309,1125816.916189443,green,62.3818898834
2023-02-01 13:15:00,23088.55,23095.45,23139.9,23064.8,130.83109299,3023311.4548010468,green,63.338643118
2023-02-01 13:36:00,23105.449999999997,23098.25,23112.6,23069.5,40.09340582,925829.97102773,red,63.2970188248
2023-02-01 13:57:00,23103.35,23099.95,23110.4,23082.7,25.64976412,592311.591577217,green,63.3091173825
2023-02-01 14:18:00,23087.9,23086.275,23134.4,23034.9,71.86230645,1659297.335319645,red,63.8075813035
2023-02-01 14:39:00,23082.050000000003,23090.325,23140.0,23057.2,105.31375576,2433893.166434558,green,64.5729138185
2023-02-01 15:00:00,23074.05,23072.574999999997,23109.6,23032.6,150.99186893,3482822.408662033,red,65.8838267034
2023-02-01 15:21:00,23049.45,23043.8,23058.6,23017.7,68.30547102,1573430.910334224,green,66.31512301289999
2023-02-01 15:42:00,23015.15,23006.600000000002,23050.8,22945.3,170.66079019,3923069.553726428,red,67.79382313570001
2023-02-01 16:03:00,23002.55,23004.325,23032.7,22979.5,47.63370069,1095883.846227552,green,67.9350885886
2023-02-01 16:24:00,23015.85,23013.524999999998,23038.2,22984.2,78.67409853,1810277.560781364,red,68.45854565409999
2023-02-01 16:45:00,22992.5,22977.9,23006.2,22920.4,105.80505941,2430832.993303755,red,68.6690732693
2023-02-01 17:06:00,22998.75,23001.149999999998,23039.9,22967.2,58.39073215,1342286.1581215789,green,68.9161404687
2023-02-01 17:27:00,22985.550000000003,22985.025,23021.4,22947.6,62.89028944,1445784.361124464,red,68.9908785145
2023-02-01 17:48:00,22961.199999999997,22965.6,23010.9,22929.1,85.82960421,1972412.171436735,green,69.52620566430001
2023-02-01 18:09:00,23036.05,23033.699999999997,23114.8,22947.9,87.29886577,2009585.525585646,green,70.1650911065
2023-02-01 18:30:00,23070.300000000003,23072.15,23121.0,23027.0,98.74618282,2277848.9244957687,red,70.52815354420001
2023-02-01 18:51:00,23064.550000000003,23069.625,23216.7,22932.7,491.88577928,11349061.044548975,green,74.6417521542
2023-02-01 19:12:00,22956.3,22937.8,23108.6,22730.0,299.70909359,6867774.074979172,red,76.8701989542
2023-02-01 19:33:00,23155.65,23142.9,23489.9,22770.4,591.01516929,13702569.22649474,green,82.02927972130001
2023-02-01 19:54:00,23434.75,23421.875,23490.0,23328.0,352.01564593,8240739.406798942,red,85.06917943910001
2023-02-01 20:15:00,23508.9,23493.475,23635.1,23321.0,473.74508755,11140688.254262071,green,89.49681224620001
2023-02-01 20:36:00,23576.65,23572.699999999997,23660.1,23477.4,355.70912076,8382568.282255585,red,92.7488546135
2023-02-01 20:57:00,23637.6,23640.725,23771.6,23516.1,392.37571697,9285850.000576893,green,96.1748657403
2023-02-01 21:18:00,23755.85,23753.075,23799.9,23700.7,204.03089965,4845346.3868128285,red,97.7661210611
2023-02-01 21:39:00,23718.45,23705.875,23764.6,23622.0,132.88308845,3147277.595938864,red,98.3025802064
2023-02-01 22:00:00,23718.550000000003,23719.975,23759.9,23682.9,125.21956144,2971855.3593847197,green,99.2126970976
2023-02-01 22:21:00,23728.5,23743.8,23818.0,23700.2,177.59300455,4219407.849791677,red,100.4911864747
2023-02-01 22:42:00,23726.65,23715.25,23757.7,23650.0,88.2890182,2092622.769600885,green,100.8368147604
2023-02-01 23:03:00,23756.4,23749.175,23782.6,23701.3,85.2600943,2024669.594952826,green,101.1919069664
2023-02-01 23:24:00,23733.800000000003,23732.725000000002,23768.3,23695.0,52.90770285,1255774.403495567,red,101.24943922760002
2023-02-01 23:45:00,23719.9,23719.025,23757.8,23678.5,90.80698423,2153843.589012851,green,101.4350984104
2023-02-02 00:06:00,23731.199999999997,23735.625,23790.0,23690.1,101.88413724,2418096.422919673,red,101.7857503634
2023-02-02 00:27:00,23907.0,23929.625,24182.1,23722.4,973.12469036,23330723.428636894,green,109.1403251869
2023-02-02 00:48:00,24085.5,24123.5,24264.0,24059.0,292.9206097,7076242.185505385,green,110.824404327
2023-02-02 01:09:00,24068.3,24076.899999999998,24125.8,24045.2,110.07233115,2650971.138977641,red,111.091561481
2023-02-02 01:30:00,24016.9,24009.0,24056.2,23946.0,118.71266639,2848154.080219774,red,110.9812484988
2023-02-02 01:51:00,23967.15,23966.175000000003,23992.5,23937.9,117.60896431,2818769.537771624,red,110.8736234885
2023-02-02 02:12:00,23925.55,23913.6,23953.3,23850.0,107.32630437,2565448.503608107,red,111.3347354842
2023-02-02 02:33:00,23904.699999999997,23887.174999999996,23909.7,23829.6,98.00283128,2340166.063727074,green,111.4903976056
2023-02-02 02:54:00,23897.9,23894.325,23911.7,23869.8,53.07664332,1268015.149966102,red,111.5392618685
2023-02-02 03:15:00,23896.65,23890.225,23914.6,23853.0,69.51871416,1660017.398515395,green,111.8235012214
2023-02-02 03:36:00,23884.45,23890.975,23931.0,23864.0,44.5261656,1064373.3395319171,red,110.9626665812
2023-02-02 03:57:00,23862.95,23860.175000000003,23874.4,23840.4,82.18761624,1960768.899002252,red,110.9685954555
2023-02-02 04:18:00,23876.75,23879.2,23901.5,23861.8,62.15206303,1484360.152517381,green,111.1421331906
2023-02-02 04:39:00,23885.0,23888.45,23905.6,23878.2,57.72853158,1379507.173575066,red,111.2642349081
2023-02-02 05:00:00,23875.4,23884.8,23918.2,23870.2,43.08229988,1029350.622833701,red,111.1783805019
2023-02-02 05:21:00,23863.3,23862.425000000003,23873.2,23849.9,52.00411639,1240916.367869549,red,111.2654219433
2023-02-02 05:42:00,23833.65,23836.024999999998,23874.6,23802.2,72.21242727,1721152.42123071,red,111.1893559523
2023-02-02 06:03:00,23767.1,23769.1,23825.1,23717.1,106.2974671,2526320.128097124,red,111.4930618429
2023-02-02 06:24:00,23755.300000000003,23741.75,23792.0,23664.4,115.89548763,2751216.496689824,green,112.18827456
2023-02-02 06:45:00,23806.8,23800.125,23827.8,23759.1,61.34636361,1459336.4910598749,green,112.3330779585
2023-02-02 07:06:00,23822.05,23818.125,23827.7,23800.7,46.10919311,1097958.173313334,red,112.4982824797
2023-02-02 07:27:00,23788.4,23788.375,23820.0,23756.7,45.35246858,1078728.157588554,red,112.1266182214
2023-02-02 07:48:00,23782.75,23778.925,23809.0,23741.2,52.46196753,1247056.820754626,green,112.0037767358
2023-02-02 08:09:00,23823.75,23821.45,23842.1,23796.2,55.25608753,1315982.630012281,green,108.74945561260002
2023-02-02 08:30:00,23817.1,23814.25,23838.5,23784.3,93.9051961,2234979.050245925,red,107.11623968889998
2023-02-02 08:51:00,23784.4,23788.375,23811.5,23773.2,52.61145979,1251810.865978751,red,106.9499955593
2023-02-02 09:12:00,23774.050000000003,23770.425,23779.9,23753.7,33.5754836,797856.049395707,green,106.7032190757
2023-02-02 09:33:00,23791.95,23791.975,23809.1,23774.9,37.04095556,881350.2547805139,green,105.19345009
2023-02-02 09:54:00,23803.25,23808.15,23831.1,23795.0,52.67152328,1254453.036092545,red,104.1252297014
2023-02-02 10:15:00,23788.75,23791.4,23808.2,23779.9,32.3407602,769749.475067226,red,103.89014319150002
2023-02-02 10:36:00,23780.65,23782.3,23798.6,23769.3,29.03202652,690479.847012897,green,103.5830041473
2023-02-02 10:57:00,23793.7,23794.1,23814.0,23775.0,27.2669071,648974.446485228,green,103.1224555775
2023-02-02 11:18:00,23813.050000000003,23815.575000000004,23834.3,23801.9,31.08333279,740509.51253425,green,102.7063465955
2023-02-02 11:39:00,23820.6,23821.975,23846.0,23800.7,75.26495183,1793420.483338835,green,102.9184520377
2023-02-02 12:00:00,23815.0,23812.925,23828.7,23793.0,38.93069616,927032.164159084,red,102.9485834931
2023-02-02 12:21:00,23792.8,23794.524999999998,23815.8,23776.7,44.12285548,1050177.764319766,red,102.6690790461
2023-02-02 12:42:00,23787.4,23785.45,23802.7,23764.3,32.55109043,774258.904887709,green,102.3993265143
2023-02-02 13:03:00,23798.45,23787.75,23804.0,23750.1,75.91905455999999,1805321.311329894,green,102.7983597895
2023-02-02 13:24:00,23787.25,23781.6,23810.9,23741.0,106.93987853,2542296.446743349,red,103.4987357029
2023-02-02 13:45:00,23775.55,23762.0,23775.7,23721.2,80.99973662000001,1924053.350759917,red,104.0273374078
2023-02-02 14:06:00,23843.35,23850.05,23938.0,23775.5,148.9634632,3554827.389172367,green,105.2283245175
2023-02-02 14:27:00,23849.800000000003,23830.0,23935.4,23685.0,213.70965909,5090087.525799761,red,106.9379024183
2023-02-02 14:48:00,23711.0,23699.225,23841.9,23533.0,315.73381514,7468786.896610458,red,109.9099049355
2023-02-02 15:09:00,23655.7,23639.6,23686.9,23560.1,106.31434505,2512174.518534774,green,110.4912175058
2023-02-02 15:30:00,23740.9,23746.925000000003,23828.8,23677.1,134.74247896,3201619.170691545,green,111.3734042118
2023-02-02 15:51:00,23824.949999999997,23842.925,23923.0,23798.8,146.17746072,3487642.104588374,green,112.483101344
2023-02-02 16:12:00,23854.949999999997,23838.475,23875.9,23768.1,111.90808547,2665992.118516296,green,113.2069826963
2023-02-02 16:33:00,23833.800000000003,23835.85,23894.9,23780.9,85.41567945999999,2035824.832116305,red,113.82461695349998
2023-02-02 16:54:00,23809.5,23809.275,23836.5,23781.6,68.66264779,1634604.773853898,green,114.1957332176
2023-02-02 17:15:00,23851.35,23853.949999999997,23898.0,23815.1,83.69033645,1996311.058725831,green,114.4872132907
2023-02-02 17:36:00,23897.85,23897.050000000003,23929.9,23862.6,69.65122699,1664006.293913296,green,114.8758319232
2023-02-02 17:57:00,24015.4,24016.575,24149.8,23885.7,256.64773446,6160857.645115865,green,116.6982852467
2023-02-02 18:18:00,24098.75,24079.25,24137.5,23982.0,244.68996271,5887168.454131306,red,118.5722041443
2023-02-02 18:39:00,24065.15,24073.575,24114.0,24050.0,129.573773,3119647.845808183,red,119.668769858
2023-02-02 19:00:00,23929.449999999997,23932.674999999996,24065.9,23805.9,260.57710229,6235744.244930426,red,121.839329813
2023-02-02 19:21:00,23782.4,23790.125,23848.7,23747.0,259.60832637,6176545.604709829,red,123.389338286
2023-02-02 19:42:00,23776.2,23775.75,23822.6,23728.0,125.82274742,2992084.831859102,green,124.1443054455
2023-02-02 20:03:00,23801.15,23791.175000000003,23815.4,23747.0,86.7170706,2062424.57488981,green,124.4881799217
2023-02-02 20:24:00,23796.4,23796.975000000002,23826.4,23768.7,73.25066697,1743108.937851969,red,124.8272613981
2023-02-02 20:45:00,23811.8,23828.8,23915.8,23775.8,122.88534627,2930540.301953373,green,125.7326636411
2023-02-02 21:06:00,23802.2,23789.85,23839.9,23715.1,117.26631624,2786592.22949675,red,126.5091285957
2023-02-02 21:27:00,23712.15,23700.025,23776.0,23599.8,143.1951445,3391015.449118002,red,127.2742955878
2023-02-02 21:48:00,23569.0,23545.0,23675.8,23366.2,303.93713878,7142550.917288778,red,129.9673192763
2023-02-02 22:09:00,23502.95,23515.225,23580.0,23475.0,69.29967027000001,1630906.414023327,green,129.91260960670002
2023-02-02 22:30:00,23548.9,23550.275,23579.2,23524.1,57.32320345,1350063.023014144,green,129.89237898
2023-02-02 22:51:00,23573.449999999997,23575.1,23611.8,23541.7,52.09444946,1228507.329966339,red,129.9924114564
2023-02-02 23:12:00,23551.65,23540.225,23573.6,23484.0,61.02361264,1435905.139614745,red,130.0957397358
2023-02-02 23:33:00,23502.8,23500.1,23538.7,23456.1,55.13929133,1295265.969073699,red,130.3841369723
2023-02-02 23:54:00,23525.25,23514.125,23579.0,23427.0,167.52525702,3938089.5222798833,green,131.5708502335
2023-02-03 00:15:00,23526.7,23528.45,23580.4,23480.0,82.23299811,1936658.937301771,red,131.0848692847
2023-02-03 00:36:00,23516.2,23508.375,23561.0,23440.1,83.11245371,1954104.898729036,green,131.5150597636
2023-02-03 00:57:00,23545.3,23552.1,23581.6,23536.2,45.35785368,1068542.481467759,red,131.7121406592
2023-02-03 01:18:00,23549.55,23556.3,23588.9,23537.2,50.83313889,1198244.755925714,green,131.50184898359998
2023-02-03 01:39:00,23557.25,23551.5,23568.7,23522.8,39.87521007,938950.72814249,red,130.84746352669998
2023-02-03 02:00:00,23547.45,23551.975,23579.0,23534.0,42.33949243,997587.630603935,red,129.7609397617
2023-02-03 02:21:00,23494.050000000003,23493.925000000003,23539.5,23448.1,77.19079253000001,1813170.912721808,red,129.8497929768
2023-02-03 02:42:00,23458.35,23450.25,23481.0,23403.3,77.96384993,1827475.573594188,green,128.92282357419998
2023-02-03 03:03:00,23484.449999999997,23472.524999999998,23507.9,23413.3,60.57584885,1421026.01360714,green,129.0522450558
2023-02-03 03:24:00,23511.85,23507.575,23533.9,23472.7,44.734864210000005,1051406.613543152,green,128.7128527126
2023-02-03 03:45:00,23521.3,23522.575,23535.0,23512.7,32.44213171,763059.073997601,red,127.9792234356
2023-02-03 04:06:00,23530.4,23531.075,23551.5,23512.0,35.8128181,842759.950296365,green,127.7534442951
2023-02-03 04:27:00,23542.05,23545.199999999997,23562.8,23533.9,38.38278316,903868.986311747,green,127.5083692323
2023-02-03 04:48:00,23529.6,23527.074999999997,23543.1,23506.0,24.13951187,567774.196361107,red,126.8914683089
2023-02-03 05:09:00,23516.25,23523.325,23544.6,23516.2,13.44110788,316357.222204469,red,126.15289073000002
2023-02-03 05:30:00,23519.0,23524.05,23542.0,23516.2,17.4128421,409766.971905953,green,125.3395573228
2023-02-03 05:51:00,23530.949999999997,23531.749999999996,23543.4,23521.7,13.94142626,328038.947148341,green,120.5601137926
2023-02-03 06:12:00,23532.55,23531.975,23553.4,23509.4,29.75783657,700161.355127339,red,117.86060122240002
2023-02-03 06:33:00,23519.6,23522.475,23536.8,23513.9,18.87658855,444113.4837981941,red,112.139215415
2023-02-03 06:54:00,23519.35,23510.425,23527.7,23475.3,41.11768053,966302.924181259,green,109.030235761
2023-02-03 07:15:00,23504.8,23504.475000000002,23541.0,23467.3,35.37421439,831584.767213405,red,104.6465270294
2023-02-03 07:36:00,23470.35,23469.574999999997,23485.0,23452.6,32.76270503,768861.510801726,red,101.4170628721
2023-02-03 07:57:00,23432.199999999997,23415.699999999997,23470.4,23328.0,149.12063051,3488716.45900658,red,98.98451200750002
2023-02-03 08:18:00,23395.45,23390.25,23416.9,23353.2,51.57687077,1206174.375801688,red,97.4599717187
2023-02-03 08:39:00,23401.6,23400.4,23424.9,23373.5,40.83719128,955247.981138271,green,96.539512747
2023-02-03 09:00:00,23426.6,23425.05,23443.7,23403.3,34.76089721,814148.696849282,green,95.6349261047
2023-02-03 09:21:00,23437.2,23432.0,23444.2,23409.4,37.84962249,886746.54157235,green,94.2374922841
2023-02-03 09:42:00,23427.25,23426.65,23441.8,23410.3,18.91746665,443128.605206064,red,93.5437767686
2023-02-03 10:03:00,23398.2,23399.075,23419.9,23380.0,30.61212814,716475.92751897,red,92.997297107
2023-02-03 10:24:00,23407.45,23400.925,23432.8,23356.0,41.20464533,963900.262598091,green,92.8802665318
2023-02-03 10:45:00,23431.050000000003,23429.950000000004,23439.8,23417.9,37.38534543,875922.464028189,red,92.3460501438
2023-02-03 11:06:00,23455.15,23452.625,23480.0,23420.2,63.78636611,1495723.223341109,green,91.9650724325
2023-02-03 11:27:00,23494.800000000003,23492.425,23515.9,23464.2,53.41259943,1254974.414299401,green,82.7679515232
2023-02-03 11:48:00,23518.75,23524.574999999997,23551.2,23509.6,46.26809065,1088669.886123044,green,80.3014263327
2023-02-03 12:09:00,23525.85,23518.75,23535.7,23487.6,44.9379643,1056337.797779377,green,79.6500826642
2023-02-03 12:30:00,23542.3,23541.274999999998,23565.3,23515.2,47.98257618,1129220.903834462,green,78.9427817621
2023-02-03 12:51:00,23547.25,23538.625,23558.5,23501.5,41.35374321,972771.924580677,red,78.1802295511
2023-02-03 13:12:00,23464.45,23423.375,23540.9,23223.7,327.27955734,7656506.406601652,red,80.3797620808
2023-02-03 13:33:00,23362.15,23353.575,23419.0,23271.0,132.97798658,3104479.803184983,red,80.7295136338
2023-02-03 13:54:00,23332.8,23333.925,23373.9,23296.2,100.71942513,2350555.853971168,green,81.2059414519
2023-02-03 14:15:00,23355.25,23332.175,23384.0,23234.2,94.66888118,2207927.118109378,green,81.4574431221
2023-02-03 14:36:00,23450.1,23466.674999999996,23596.6,23369.9,218.9216926,5144556.611564916,green,83.2013983921
2023-02-03 14:57:00,23594.1,23567.55,23668.0,23414.0,169.38925117,3980520.6647592857,green,84.07341474139999
2023-02-03 15:18:00,23674.75,23655.675,23704.4,23568.8,245.85376567,5815832.935850245,green,85.9104317678
2023-02-03 15:39:00,23645.85,23643.4,23698.8,23583.1,121.2624342,2866535.073212932,red,86.545770794
2023-02-03 16:00:00,23618.7,23619.825,23652.1,23589.8,66.70527543,1576057.028592393,green,86.78200054950001
2023-02-03 16:21:00,23627.55,23639.0,23714.2,23586.7,116.74066739,2760319.317539052,red,87.42936605949998
2023-02-03 16:42:00,23578.1,23574.6,23634.0,23508.2,114.82806072,2705933.915594895,red,87.855522394
2023-02-03 17:03:00,23553.15,23545.7,23575.3,23501.2,62.10440853,1461665.440446976,green,87.41359180830001
2023-02-03 17:24:00,23602.45,23603.95,23655.9,23555.0,60.18149222,1420813.556317149,green,86.8564518542
2023-02-03 17:45:00,23565.45,23561.425,23646.8,23468.0,101.90197025,2398414.468230117,red,87.26200792060001
2023-02-03 18:06:00,23467.15,23461.725,23496.6,23416.0,129.19754797,3029390.636141432,red,88.0928914692
2023-02-03 18:27:00,23416.9,23414.575,23453.7,23370.8,99.9859561,2340678.208334457,red,88.6392263444
2023-02-03 18:48:00,23398.65,23407.175000000003,23443.9,23387.5,99.74347521,2335577.735007936,green,89.11204142119999
2023-02-03 19:09:00,23396.300000000003,23391.300000000003,23431.2,23341.4,72.86250646,1704095.870587769,red,89.28810561049998
2023-02-03 19:30:00,23385.45,23390.475,23436.0,23355.0,80.02466149,1872598.985489504,red,89.14930026440001
2023-02-03 19:51:00,23350.300000000003,23324.95,23389.0,23210.2,172.18237577,4009234.040820028,red,90.3450094242
2023-02-03 20:12:00,23351.199999999997,23350.475,23384.0,23315.5,62.52680056,1460153.517406626,green,90.6345225938
2023-02-03 20:33:00,23360.15,23358.9,23397.9,23317.4,51.1400599,1194143.7844387249,red,90.7755136372
2023-02-03 20:54:00,23350.65,23348.9,23367.9,23326.4,50.14180507,1170792.050984943,green,90.7502164551
2023-02-03 21:15:00,23362.05,23367.375,23390.4,23355.0,42.04766785,982700.608243886,green,90.8472855316
2023-02-03 21:36:00,23364.3,23350.425,23366.1,23307.0,31.02303114,724148.709481882,green,90.86719557780002
2023-02-03 21:57:00,23377.0,23379.199999999997,23396.7,23366.1,25.22779464,590000.757072132,green,90.8468044532
2023-02-03 22:18:00,23398.65,23402.55,23431.6,23381.3,58.91112316,1378780.252659715,green,91.1250823569
2023-02-03 22:39:00,23416.15,23418.825,23437.7,23405.3,46.37749432,1086312.561293591,green,90.8362077818
2023-02-03 23:00:00,23424.65,23426.500000000004,23452.4,23404.3,76.43262169,1791039.741637714,green,91.2112270371
2023-02-03 23:21:00,23438.15,23439.4,23454.9,23426.4,34.89597035,818129.162498585,green,91.1189581858
2023-02-03 23:42:00,23440.550000000003,23439.65,23466.4,23411.1,71.0529537,1665205.99972534,red,91.5039768185
2023-02-04 00:03:00,23422.199999999997,23416.5,23435.6,23386.0,44.50054994,1041789.442168826,red,91.1897917723
2023-02-04 00:24:00,23437.050000000003,23437.025,23460.9,23413.1,31.19624121,731407.539753344,green,90.4323553991
2023-02-04 00:45:00,23441.25,23436.3,23460.9,23401.8,46.49143823,1089379.242873623,red,90.0872724152
2023-02-04 01:06:00,23412.8,23417.0,23438.9,23403.5,30.26023406,708793.028404428,red,88.90024012379999
2023-02-04 01:27:00,23403.15,23409.65,23436.3,23396.0,25.32948608,593095.346150404,red,87.01643839369999
2023-02-04 01:48:00,23390.6,23389.325,23407.8,23368.3,40.41536676,945044.663305914,red,84.2632539099
2023-02-04 02:09:00,23368.0,23367.35,23383.4,23350.0,52.47388833,1226262.304934415,red,83.7248493427
2023-02-04 02:30:00,23369.5,23370.425000000003,23385.6,23357.1,28.37388497,663242.3182996761,green,82.6611634028
2023-02-04 02:51:00,23373.550000000003,23377.15,23396.9,23364.6,21.06267685,492420.52274846,red,81.41001556410001
2023-02-04 03:12:00,23361.65,23367.574999999997,23390.1,23356.9,33.43634225,781496.879660811,red,80.6252981319
2023-02-04 03:33:00,23356.5,23351.875,23358.0,23336.5,38.93505099,909041.89475923,red,80.1604918472
2023-02-04 03:54:00,23354.3,23349.65,23354.6,23335.4,27.88912051,651017.261676841,green,79.7527565744
2023-02-04 04:15:00,23341.3,23342.275,23358.5,23328.0,34.6049666,807775.061883274,red,79.26190287589999
2023-02-04 04:36:00,23333.35,23330.6,23338.7,23317.0,25.24733506,588885.450375712,green,78.8178639566
2023-02-04 04:57:00,23327.699999999997,23322.1,23338.7,23294.3,35.34656779,824017.049607838,red,76.6048522899
2023-02-04 05:18:00,23309.95,23301.699999999997,23319.5,23267.4,34.15442495,795430.439592701,red,74.49949691229999
2023-02-04 05:39:00,23306.85,23306.65,23313.5,23299.4,18.79646091,438064.723385765,green,73.39172379140001
2023-02-04 06:00:00,23305.9,23294.399999999998,23312.6,23253.2,59.60682092,1388282.98397987,red,71.3820209777
2023-02-04 06:21:00,23312.95,23315.05,23335.1,23299.2,34.90032672,813883.481139475,green,69.1349409812
2023-02-04 06:42:00,23332.85,23331.575,23344.9,23315.7,50.52257797,1178843.549539526,green,68.3819392867
2023-02-04 07:03:00,23331.75,23330.350000000002,23353.1,23304.8,47.75988886,1114032.933705446,red,67.9923674693
2023-02-04 07:24:00,23314.0,23312.2,23325.6,23295.2,17.03047032,397051.243112806,red,67.4301655028
2023-02-04 07:45:00,23318.949999999997,23323.449999999997,23352.4,23303.5,86.82000314,2025629.85671355,green,67.0695120715
2023-02-04 08:06:00,23318.800000000003,23321.800000000003,23346.5,23303.1,21.72411936,506836.446815248,red,66.11409010269999
2023-02-04 08:27:00,23305.3,23308.225,23322.4,23299.9,35.51708046,827881.33199339,green,65.0373094623
2023-02-04 08:48:00,23303.4,23302.275,23307.5,23294.8,14.51753587,338280.336738047,red,62.1431134332
2023-02-04 09:09:00,23314.05,23315.6,23334.9,23299.4,30.45895639,710251.268453928,green,61.7547062944
2023-02-04 09:30:00,23333.4,23333.875,23347.8,23320.9,22.21403605,518248.153158047,green,61.403614620400006
2023-02-04 09:51:00,23344.95,23345.875,23358.4,23335.2,23.66690314,552463.340937579,green,61.1193391572
2023-02-04 10:12:00,23343.449999999997,23346.0,23365.0,23332.1,43.55121697,1016965.374715616,red,60.9446152005
2023-02-04 10:33:00,23336.5,23341.6,23358.3,23335.1,21.40119285,499664.411511191,green,60.6072342157
2023-02-04 10:54:00,23346.4,23346.0,23355.0,23336.2,20.11828382,469598.826715951,green,59.1331644837
2023-02-04 11:15:00,23355.55,23357.775,23374.6,23345.4,34.92071773,815709.221353526,green,58.6600416799
2023-02-04 11:36:00,23357.0,23356.375,23360.0,23351.5,16.04148638,374680.775651977,green,57.98933200660001
2023-02-04 11:57:00,23363.25,23365.275,23378.5,23356.1,20.07614877,469056.271285196,green,57.73651495749999
2023-02-04 12:18:00,23371.3,23365.025,23375.0,23342.5,31.77231744,742022.904234896,green,57.545906743
2023-02-04 12:39:00,23392.75,23390.625,23414.9,23362.1,47.13339618,1102361.529220067,green,57.6184886041
2023-02-04 13:00:00,23479.4,23489.075000000004,23585.9,23411.6,235.19085185,5530593.457942338,green,59.5470021983
2023-02-04 13:21:00,23544.65,23541.65,23572.9,23504.4,124.69929151,2935640.443418652,red,60.0220871881
2023-02-04 13:42:00,23519.2,23514.475,23539.8,23479.7,58.66577755,1378990.277093121,red,59.8291064643
2023-02-04 14:03:00,23462.4,23458.675,23498.7,23411.2,127.64892942,2994492.136230635,red,60.49983727
2023-02-04 14:24:00,23440.2,23435.9,23465.9,23397.3,55.85072625,1309494.70900046,green,60.6109958904
2023-02-04 14:45:00,23460.45,23456.75,23470.5,23435.6,28.89409349,677687.94031521,green,60.5755155082
2023-02-04 15:06:00,23449.300000000003,23446.95,23469.7,23419.5,45.38430772,1063964.102181983,red,60.67123040439999
2023-02-04 15:27:00,23414.35,23412.875,23431.8,23391.0,30.53660518,714809.969616236,red,60.59276862459999
2023-02-04 15:48:00,23405.25,23408.325,23426.0,23396.8,19.58148572,458534.942683801,green,60.547188363100005
2023-02-04 16:09:00,23419.300000000003,23406.075,23425.7,23360.0,80.34486444,1879859.890198948,green,61.2162259287
2023-02-04 16:30:00,23412.199999999997,23416.199999999997,23450.0,23390.4,46.98356467,1100414.610680296,red,61.511933154400005
2023-02-04 16:51:00,23413.4,23411.050000000003,23427.4,23390.0,24.31819863,569156.407357228,green,61.6157008781
2023-02-04 17:12:00,23424.1,23418.725,23431.7,23395.0,40.10866797,939095.093480726,red,61.7192091921
2023-02-04 17:33:00,23435.050000000003,23431.2,23460.0,23394.7,43.75859255,1025221.113736478,green,61.96802923210001
2023-02-04 17:54:00,23448.2,23449.600000000002,23467.7,23434.3,36.72229138,861202.035439855,red,61.924075340600005
2023-02-04 18:15:00,23432.050000000003,23433.250000000004,23455.6,23413.3,109.77864255,2572753.16560638,red,62.6681196222
2023-02-04 18:36:00,23433.35,23431.425000000003,23452.9,23406.1,35.61468356,834569.177865439,green,62.6966394075
2023-02-04 18:57:00,23445.75,23446.300000000003,23452.1,23441.6,24.04966284,563936.286600881,red,61.4459297308
2023-02-04 19:18:00,23437.0,23433.25,23441.6,23417.4,30.16002531,706647.897596209,red,61.2317612762
2023-02-04 19:39:00,23429.25,23430.625,23437.9,23426.1,20.94978409,490880.28147362097,red,61.0328872043
2023-02-04 20:00:00,23427.1,23425.149999999998,23438.1,23408.3,44.37223445,1039509.267322982,green,61.1290005767
2023-02-04 20:21:00,23414.55,23412.824999999997,23428.1,23394.1,26.85311178,628637.938393883,red,61.019035469600006
2023-02-04 20:42:00,23401.75,23402.25,23414.0,23391.5,29.63437328,693560.901182505,green,61.1262045359
2023-02-04 21:03:00,23405.85,23406.1,23414.3,23398.4,18.33240979,429123.33790898096,green,61.0034073524
2023-02-04 21:24:00,23405.550000000003,23398.425000000003,23414.3,23368.3,54.49693575,1274959.246586183,red,61.1363302566
2023-02-04 21:45:00,23407.2,23407.8,23416.3,23400.5,28.12903789,658571.757265988,green,61.0437671812
2023-02-04 22:06:00,23412.1,23412.725,23416.5,23410.2,23.5680065,551759.972084826,red,60.6415835851
2023-02-04 22:27:00,23404.25,23412.050000000003,23449.6,23390.1,62.88083739,1472869.492199553,red,60.7362659647
2023-02-04 22:48:00,23405.85,23409.725,23430.3,23396.9,41.2008192,964645.516357824,green,60.6855932502
2023-02-04 23:09:00,23415.65,23412.575,23420.2,23398.8,21.85435111,511623.444060412,green,60.4547571183
2023-02-04 23:30:00,23358.05,23344.65,23416.5,23246.0,193.63409921,4515706.266383715,red,61.91127234860001
2023-02-04 23:51:00,23324.45,23329.6,23369.9,23299.6,65.28176679,1522978.828320413,green,62.1505525844
2023-02-05 00:12:00,23322.0,23320.525,23353.7,23284.4,88.28478231,2057966.912746254,red,59.76060483410001
2023-02-05 00:33:00,23290.7,23296.625,23352.0,23253.1,92.69123804,2160410.525668321,red,59.3577373487
2023-02-05 00:54:00,23295.199999999997,23281.049999999996,23311.4,23222.4,84.81077112999999,1973594.310635114,green,59.1986508087
2023-02-05 01:15:00,23310.85,23312.4,23329.9,23298.0,25.59618924,596614.14039556,green,58.5079238893
2023-02-05 01:36:00,23318.4,23312.375,23321.6,23291.1,24.51917679,571459.009297376,green,56.5638987312
2023-02-05 01:57:00,23329.949999999997,23329.5,23341.7,23316.4,18.04081055,420907.379847315,green,55.05041432499999
2023-02-05 02:18:00,23337.4,23335.7,23343.0,23325.0,16.38376916,382304.155517785,red,52.7557143599
2023-02-05 02:39:00,23313.4,23313.399999999998,23333.6,23293.2,15.72245048,366540.739727373,red,51.70031452269999
2023-02-05 03:00:00,23308.65,23310.925000000003,23336.4,23290.0,25.32820666,590526.728914892,green,51.286543835
2023-02-05 03:21:00,23322.5,23318.600000000002,23324.1,23305.3,15.97119929,372346.597395925,red,50.278849154
2023-02-05 03:42:00,23329.0,23328.325,23343.5,23311.8,29.03703351,677530.697565197,green,49.4209388819
2023-02-05 04:03:00,23334.3,23334.725000000002,23341.0,23329.3,14.80319479,345455.260669576,red,48.9479267445
2023-02-05 04:24:00,23344.15,23344.45,23358.0,23331.5,17.42440596,406857.658964211,green,48.5203558819
2023-02-05 04:45:00,23361.1,23362.225000000002,23371.4,23355.3,23.26368947,543544.969324376,green,47.73397307410001
2023-02-05 05:06:00,23374.65,23375.15,23386.9,23364.4,16.55094004,386841.561207283,green,46.6075069948
2023-02-05 05:27:00,23381.550000000003,23378.050000000003,23384.0,23365.1,28.42585619,664398.49349572,red,45.89190599570001
2023-02-05 05:48:00,23376.55,23378.949999999997,23391.1,23371.6,30.39295289,710588.939581315,red,45.1984007725
2023-02-05 06:09:00,23364.95,23362.5,23373.9,23346.2,29.77873666,695627.751995581,red,44.7675630745
2023-02-05 06:30:00,23374.6,23383.875,23433.5,23352.8,49.7141194,1163179.173837768,green,44.4644576536
2023-02-05 06:51:00,23394.55,23394.425,23400.9,23387.7,17.36629288,406288.922366344,green,42.91629682469999
2023-02-05 07:12:00,23386.85,23383.8,23396.7,23364.8,17.91848636,418893.56563943,red,42.470213682700006
2023-02-05 07:33:00,23376.550000000003,23379.200000000004,23388.8,23374.9,9.59939716,224436.496687274,red,42.0548070553
2023-02-05 07:54:00,23375.300000000003,23377.575000000004,23390.6,23369.1,32.11707065,750882.607908266,red,41.8745597111
2023-02-05 08:15:00,23378.449999999997,23377.074999999997,23385.0,23366.4,19.72122958,460949.035460738,green,41.6512953284
2023-02-05 08:36:00,23388.8,23394.425,23417.9,23382.2,35.26798443,825151.673346093,green,41.6937448613
2023-02-05 08:57:00,23394.0,23393.25,23395.8,23389.2,23.67501936,553805.88359516,red,41.6782171085
2023-02-05 09:18:00,23380.0,23377.475,23392.8,23357.1,41.54378844,970994.310611467,red,41.5045437613
2023-02-05 09:39:00,23364.0,23365.9,23376.3,23359.3,21.26369792,496891.400566851,red,41.25340579729999
2023-02-05 10:00:00,23375.25,23375.324999999997,23390.2,23360.6,17.21563508,402350.835411397,green,40.6612359312
2023-02-05 10:21:00,23392.05,23387.0,23396.5,23367.4,34.400731050000005,804365.323174576,green,40.6562835382
2023-02-05 10:42:00,23394.8,23395.074999999997,23403.3,23387.4,22.42100263,524536.157499857,green,40.1699640275
2023-02-05 11:03:00,23392.7,23393.0,23400.6,23386.0,19.89117892,465312.834274039,red,39.9238703173
2023-02-05 11:24:00,23378.85,23376.174999999996,23390.1,23356.9,31.01798608,724860.10541577,red,39.922087766
2023-02-05 11:45:00,23364.35,23360.8,23367.7,23346.8,27.47810526,641852.9601213139,red,39.7319544363
2023-02-05 12:06:00,23352.75,23353.125,23371.6,23335.4,41.22753291,962707.650347142,red,39.8416274248
2023-02-05 12:27:00,23330.699999999997,23334.749999999996,23362.4,23315.2,62.86476496,1466859.511661836,red,40.2169802136
2023-02-05 12:48:00,23219.9,23189.4,23316.8,23001.0,349.91463312,8100756.271810268,red,43.3119728772
2023-02-05 13:09:00,23137.15,23126.2,23160.0,23070.5,77.03346758,1781489.377323914,green,43.5575686697
2023-02-05 13:30:00,23163.05,23167.625,23214.6,23129.8,84.57072128,1960271.744540635,green,44.1195370328
2023-02-05 13:51:00,23172.9,23177.675000000003,23212.4,23152.5,74.26872414,1721734.2374229769,red,44.6515975057
2023-02-05 14:12:00,23183.95,23177.875,23198.9,23144.7,63.3483907,1467539.234613685,green,44.9507179902
2023-02-05 14:33:00,23188.85,23186.875,23209.9,23159.9,56.54896122,1310801.680377629,red,45.1268570925
2023-02-05 14:54:00,23181.800000000003,23180.050000000003,23201.6,23155.0,57.54406306,1333799.570548392,green,45.423406518
2023-02-05 15:15:00,23151.25,23153.625,23201.0,23111.0,77.92595072,1804509.956544439,red,45.8566163592
2023-02-05 15:36:00,23110.699999999997,23105.449999999997,23138.9,23061.5,107.47463167,2482941.050905489,red,46.6788893253
2023-02-05 15:57:00,23079.0,23079.6,23119.7,23040.7,100.78581954,2326056.442522144,red,47.333281842800005
2023-02-05 16:18:00,23072.6,23075.1,23155.0,23000.2,136.46785734,3151526.828701859,green,48.3564161667
2023-02-05 16:39:00,23080.949999999997,23087.725,23123.9,23065.1,40.58733793,937370.472605324,red,48.574324936900005
2023-02-05 17:00:00,23066.55,23030.625,23087.4,22902.0,183.68254433,4225516.739426828,red,49.81508217099999
2023-02-05 17:21:00,23005.6,22999.6,23099.2,22888.0,138.84040043,3192262.718497449,red,50.8544829081
2023-02-05 17:42:00,22915.05,22907.675,22988.6,22812.0,205.81555675,4710619.282802632,red,52.4074126959
2023-02-05 18:03:00,22893.05,22888.425,22932.6,22835.0,87.32612278,1999498.636915012,green,52.8030750351
2023-02-05 18:24:00,22890.8,22884.35,22917.8,22838.0,50.37623663,1152502.427887164,red,53.1365326982
2023-02-05 18:45:00,22843.800000000003,22850.975,22911.9,22804.4,75.10331029,1716920.208490787,red,53.0193657697
2023-02-05 19:06:00,22813.949999999997,22829.0,22880.6,22807.5,48.81554509,1115551.766460567,green,53.290280027
2023-02-05 19:27:00,22857.4,22843.7,22909.0,22751.0,125.17540572,2859002.2208828777,green,54.18686327959999
2023-02-05 19:48:00,22893.8,22892.35,22911.9,22869.9,55.22010597,1264330.186043341,red,54.59388898059999
2023-02-05 20:09:00,22910.45,22908.375,22938.6,22874.0,28.89339861,661670.3134518911,green,54.5782334028
2023-02-05 20:30:00,22897.75,22895.824999999997,22931.2,22856.6,44.71443247,1023360.523577892,red,54.803237367
2023-02-05 20:51:00,22858.25,22851.85,22890.0,22800.9,55.31729457,1264136.6214521849,red,55.1197412813
2023-02-05 21:12:00,22868.35,22864.0,22886.5,22832.8,39.51346026,903573.139411569,green,55.0793637142
2023-02-05 21:33:00,22883.7,22882.675000000003,22894.4,22868.9,50.42837856,1153796.357389421,red,55.3696355713
2023-02-05 21:54:00,22921.0,22924.675000000003,22981.8,22874.9,89.55029278,2052891.365059017,green,56.0639556609
2023-02-05 22:15:00,22968.25,22970.649999999998,23015.4,22930.7,75.32943945,1730964.376108412,green,56.46804287809999
2023-02-05 22:36:00,22979.4,22990.975,23028.1,22977.0,56.754749100000005,1305544.783734817,green,56.87517550530001
2023-02-05 22:57:00,22974.5,22970.5,22999.9,22933.1,71.89788261,1651389.800272777,red,57.393392843700006
2023-02-05 23:18:00,22951.6,22946.449999999997,22980.0,22902.6,80.18652525,1839496.733025949,red,57.8775349218
2023-02-05 23:39:00,22931.949999999997,22935.725,22962.7,22916.3,82.02704281,1881924.361376938,red,58.2264713881
2023-02-06 00:00:00,22968.6,22966.875,23010.0,22920.3,100.33770026,2304526.144896247,green,56.8779398722
2023-02-06 00:21:00,23044.800000000003,23043.325,23080.9,23002.8,83.05398173,1913571.876158766,green,56.4614867744
2023-02-06 00:42:00,23061.050000000003,23063.0,23088.7,23041.2,62.63852652,1444454.075168298,red,56.5012142641
2023-02-06 01:03:00,23026.15,23024.975000000002,23041.4,23006.2,52.65284919,1212362.53379557,red,55.7512534618
2023-02-06 01:24:00,23011.4,23002.95,23020.5,22968.5,36.53892443,840202.637710544,green,55.5581354436
2023-02-06 01:45:00,23004.6,23000.274999999998,23018.2,22973.7,36.36958128,836403.741013211,red,55.6328903215
2023-02-06 02:06:00,22988.8,22989.1,23001.6,22977.2,17.5358597,403158.142146029,red,55.35440584130001
2023-02-06 02:27:00,22960.3,22960.15,22980.6,22939.4,31.5050187,723295.0366336349,red,55.3640899765
2023-02-06 02:48:00,22916.25,22899.475000000002,22940.1,22825.3,83.03263975,1899730.38800303,red,55.99860151680001
2023-02-06 03:09:00,22903.15,22904.425,22919.1,22892.3,45.16515358,1034664.6354813152,green,55.6468044082
2023-02-06 03:30:00,22905.65,22904.15,22920.2,22885.1,47.12731453,1079402.517939718,red,55.6482419068
2023-02-06 03:51:00,22909.550000000003,22906.9,22921.9,22886.6,19.95980509,457102.846600145,green,55.6046579714
2023-02-06 04:12:00,22916.85,22912.775,22922.8,22894.6,19.03620848,436098.987553784,red,55.3939333765
2023-02-06 04:33:00,22903.1,22898.725000000002,22918.9,22869.8,30.9315363,708189.958390942,red,55.265662814
2023-02-06 04:54:00,22883.45,22882.85,22894.5,22870.0,29.96403676,685586.661511426,red,55.19808026780001
2023-02-06 05:15:00,22805.5,22778.525,22874.7,22628.4,315.03417106,7159871.280708535,red,57.25063555289999
2023-02-06 05:36:00,22755.8,22750.475,22774.8,22715.5,75.45841141,1715962.204687889,green,57.649072831400005
2023-02-06 05:57:00,22751.050000000003,22750.875,22777.4,22724.0,33.3908286,759819.726970548,red,57.742484489
2023-02-06 06:18:00,22739.65,22748.274999999998,22787.6,22726.2,32.66007891,743469.252344843,green,57.767485025000006
2023-02-06 06:39:00,22766.6,22770.925,22800.5,22750.0,27.13565089,618312.993512096,green,57.829343693
2023-02-06 07:00:00,22793.05,22786.725,22804.7,22756.1,39.52747898,900674.168446208,green,57.7808961383
2023-02-06 07:21:00,22827.5,22827.55,22853.0,22802.2,53.34994313,1218196.79385016,green,58.04586445180001
2023-02-06 07:42:00,22876.05,22873.9,22900.0,22843.5,62.49415573,1428932.160705131,green,58.3744622763
2023-02-06 08:03:00,22878.95,22887.35,22936.0,22855.5,78.05019659999999,1786893.49059915,red,58.971640144400006
2023-02-06 08:24:00,22870.45,22866.1,22885.5,22838.0,41.59844224,951068.385034945,green,58.8426552093
2023-02-06 08:45:00,22872.35,22870.449999999997,22885.0,22852.1,22.15791624,506637.800773884,red,58.78294399279999
2023-02-06 09:06:00,22846.7,22844.925,22867.3,22819.0,40.59869092,927499.700341051,red,58.953250837
2023-02-06 09:27:00,22839.85,22846.4,22881.4,22824.5,49.99270956,1142635.645230443,green,58.8243695587
2023-02-06 09:48:00,22843.8,22840.024999999998,22849.3,22823.2,39.64568518,905228.784388441,red,58.8088182185
2023-02-06 10:09:00,22844.15,22847.875000000004,22864.9,22838.3,15.60651868,356643.168298451,green,58.7463398942
2023-02-06 10:30:00,22833.95,22831.775,22853.2,22806.0,35.21431945,803773.2378414581,red,57.1621420966
2023-02-06 10:51:00,22802.75,22808.15,22843.3,22783.8,76.27527507,1739364.517591116,red,57.2720771794
2023-02-06 11:12:00,22773.55,22771.2,22803.0,22734.7,156.24146347,3556292.0778331263,red,57.951643991
2023-02-06 11:33:00,22816.75,22816.375,22876.0,22756.0,122.45299604,2792802.974708789,green,58.249261571000005
2023-02-06 11:54:00,22868.1,22880.85,22927.0,22860.2,100.87657625,2308718.32063909,red,58.40991962219999
2023-02-06 12:15:00,22869.0,22862.300000000003,22880.8,22830.4,34.37731546,785763.064079454,green,58.497730884400006
2023-02-06 12:36:00,22881.75,22891.225,22925.8,22875.6,57.01831339,1306170.391070201,green,58.822722250400005
2023-02-06 12:57:00,22888.300000000003,22894.075,22923.5,22876.2,32.00468145,732853.663699713,green,58.9623609594
2023-02-06 13:18:00,22874.45,22878.05,22907.3,22856.0,39.83672047,911201.349640942,red,59.1968904725
2023-02-06 13:39:00,22842.6,22844.5,22884.8,22808.0,57.95375314,1323653.551566379,red,59.6192034991
2023-02-06 14:00:00,22824.550000000003,22815.050000000003,22830.7,22780.4,57.26949306,1306331.526730092,red,59.9386163631
2023-02-06 14:21:00,22825.9,22835.7,22900.0,22791.0,71.59378736000001,1635504.917115392,green,60.4948422438
2023-02-06 14:42:00,22838.35,22831.874999999996,22869.1,22781.7,68.34144907,1559997.936624323,green,60.8878863994
2023-02-06 15:03:00,22819.2,22816.05,22875.8,22750.0,75.28043098,1716932.132848731,red,61.4926587613
2023-02-06 15:24:00,22799.8,22795.35,22826.8,22755.0,77.52855692,1766273.692090377,green,62.0937002709
2023-02-06 15:45:00,22945.75,22948.35,23091.5,22810.4,252.19515181,5794011.992037385,green,64.3830148943
2023-02-06 16:06:00,23095.35,23098.5,23158.4,23044.9,155.57300748,3593734.335349627,green,65.7732355687
2023-02-06 16:27:00,23047.449999999997,23036.25,23126.2,22923.9,204.85804776,4711732.372017479,red,67.5375574844
2023-02-06 16:48:00,22994.9,22994.5,23025.7,22962.5,131.49172846,3023837.1274050903,green,68.5485452401
2023-02-06 17:09:00,23004.45,22993.85,23011.5,22955.0,57.8502033,1329642.168822752,red,68.8292599065
2023-02-06 17:30:00,23024.9,23028.825,23064.7,23000.8,79.4409898,1830351.731234051,green,69.1265286105
2023-02-06 17:51:00,23038.45,23037.300000000003,23059.7,23012.6,55.0523383,1268447.108270386,red,69.5033890647
2023-02-06 18:12:00,23014.95,23024.725,23073.0,22996.0,62.49324362,1439411.213941016,red,69.9491366373
2023-02-06 18:33:00,23000.55,22993.275,23011.9,22960.1,50.15782168,1152756.973652993,red,70.3547208825
2023-02-06 18:54:00,23033.5,23033.074999999997,23069.2,22996.1,63.11634776,1454420.489603087,green,70.66471365359999
2023-02-06 19:15:00,23038.75,23050.4,23120.0,23004.1,86.65943638,1999785.9357030296,red,71.3340957216
2023-02-06 19:36:00,23010.5,23008.3,23031.2,22981.0,72.25862504,1662188.605232554,green,71.70400212770001
2023-02-06 19:57:00,23012.6,23006.399999999998,23029.2,22971.2,56.97268398,1310164.145999898,red,72.0369787739
2023-02-06 20:18:00,23006.4,23002.35,23028.5,22968.1,51.25959381,1178846.777601592,red,72.1341368276
2023-02-06 20:39:00,23003.6,23002.35,23016.3,22985.9,37.35959845,859347.905138577,green,72.2950958329
2023-02-06 21:00:00,23004.0,22995.675,23007.7,22967.0,39.51774182,908291.402789507,red,72.5181169003
2023-02-06 21:21:00,22992.199999999997,22989.049999999996,23003.7,22968.1,21.94360164,504336.112398228,red,72.39354560620001
2023-02-06 21:42:00,22950.3,22947.024999999998,22980.8,22906.7,54.26476028,1244581.374199068,red,72.71198318270001
2023-02-06 22:03:00,22901.800000000003,22891.675000000003,22921.6,22841.5,106.42668334,2434538.485457517,red,73.5773382269
2023-02-06 22:24:00,22889.699999999997,22888.775,22901.6,22874.1,30.31398046,693809.013158806,green,73.57029817070001
2023-02-06 22:45:00,22863.800000000003,22869.725,22919.7,22831.6,66.5364696,1521769.091374475,red,73.9608818141
2023-02-06 23:06:00,22766.35,22751.199999999997,22831.7,22640.4,502.92945047,11425121.833552985,red,78.5779009897
2023-02-06 23:27:00,22734.95,22727.55,22770.0,22670.3,114.17970314,2594121.557322878,green,79.0910503715
2023-02-06 23:48:00,22779.65,22775.675000000003,22800.4,22743.0,93.02850252,2118247.850705484,green,76.5221890655
2023-02-07 00:09:00,22803.4,22800.524999999998,22820.6,22774.7,51.71851836,1179287.719201585,green,76.26903957329999
2023-02-07 00:30:00,22813.9,22800.4,22817.5,22756.3,68.32842664,1557141.494897055,red,76.1066166269
2023-02-07 00:51:00,22820.85,22817.275,22835.0,22792.4,72.69473832,1658704.921507368,green,76.0908767687
2023-02-07 01:12:00,22839.05,22839.550000000003,22858.0,22822.1,100.05739633,2284673.567582169,green,76.457966825
2023-02-07 01:33:00,22846.1,22841.924999999996,22848.1,22827.4,13.82881327,315807.236806631,red,76.0307653455
2023-02-07 01:54:00,22829.7,22832.875,22860.0,22812.1,43.15138868,985341.409870638,red,75.8868386017
2023-02-07 02:15:00,22815.0,22818.675,22836.0,22808.7,28.28278891,645427.128849309,red,75.3904069836
2023-02-07 02:36:00,22846.65,22847.975000000002,22886.8,22811.8,34.39739411,786465.678063514,green,74.65963460799999
2023-02-07 02:57:00,22867.95,22869.574999999997,22886.3,22856.1,28.48383795,651504.996389881,red,73.9366147921
2023-02-07 03:18:00,22870.3,22869.6,22883.6,22854.2,37.1884598,850575.100656081,green,72.9438208167
2023-02-07 03:39:00,22877.5,22879.300000000003,22896.8,22865.4,42.16453742,964927.58935044,red,72.95959281159999
2023-02-07 04:00:00,22873.65,22875.6,22885.1,22870.0,34.67277762,793200.05682572,green,71.4694951445
2023-02-07 04:21:00,22872.5,22883.550000000003,22923.8,22865.4,81.91059203,1875019.594956388,red,70.9001970605
2023-02-07 04:42:00,22871.25,22871.875,22882.2,22862.8,39.93442327,913472.431074967,green,69.2413857257
2023-02-07 05:03:00,22898.5,22903.875,22946.2,22872.3,47.10672249,1079120.633428932,green,68.83919172280001
2023-02-07 05:24:00,22920.65,22923.35,22944.6,22907.5,33.19917757,761001.357519883,red,68.6674211322
2023-02-07 05:45:00,22924.15,22927.65,22946.2,22916.1,38.30116489,878413.580703067,green,68.2993996782
2023-02-07 06:06:00,22953.199999999997,22951.274999999998,22974.9,22923.8,45.32577684,1040106.21743728,green,68.2645019957
2023-02-07 06:27:00,22958.949999999997,22956.475,22980.4,22927.6,35.55592987,815910.710268499,red,67.3683072372
2023-02-07 06:48:00,22936.699999999997,22933.125,22943.2,22915.9,27.26348202,625153.948519871,red,67.0887409977
2023-02-07 07:09:00,22931.75,22937.925,22957.9,22930.3,26.78712217,614553.143425839,green,67.0676782333
2023-02-07 07:30:00,22924.0,22918.074999999997,22933.2,22891.1,69.52414147,1592829.4696479929,red,67.3157753233
2023-02-07 07:51:00,22898.65,22898.7,22923.0,22874.5,61.44963018,1407475.806691525,red,67.3770986794
2023-02-07 08:12:00,22887.300000000003,22887.25,22900.0,22874.4,45.39242384,1039016.181674925,green,67.4358883152
2023-02-07 08:33:00,22881.15,22883.675,22906.1,22866.3,55.48000493,1269760.874774167,red,67.48640457890001
2023-02-07 08:54:00,22916.800000000003,22916.65,22963.5,22869.5,64.22058811,1471490.168077787,green,67.2331075322
2023-02-07 09:15:00,22942.9,22941.075,22963.5,22915.0,46.87559229,1075460.147415756,red,66.94856906060001
2023-02-07 09:36:00,22974.5,22976.05,23032.9,22922.3,93.65371638,2152695.841510375,green,67.3175587334
2023-02-07 09:57:00,23037.1,23025.949999999997,23056.0,22973.6,81.79418213,1882269.087773686,green,67.4165217286
2023-02-07 10:18:00,23029.4,23032.375,23059.3,23011.4,42.76720571,985272.700159412,red,67.0423285332
2023-02-07 10:39:00,22997.7,22998.325,23014.1,22983.8,25.15283192,578460.58168396,red,66.4735864243
2023-02-07 11:00:00,22978.8,22987.625,23022.1,22970.8,37.05839068,852077.256257633,red,65.8407933285
2023-02-07 11:21:00,22972.6,22978.424999999996,23000.1,22968.4,34.51434399,793272.619365252,red,65.35539695109999
2023-02-07 11:42:00,22984.65,22983.050000000003,22997.9,22965.0,30.88488832,709795.340056031,green,65.0378605691
2023-02-07 12:03:00,23002.2,22996.6,23014.1,22967.9,53.33234791,1226525.006136037,green,65.0446555563
2023-02-07 12:24:00,23008.0,23002.3,23015.5,22977.7,36.06477575,829388.682629711,green,65.0399140695
2023-02-07 12:45:00,23010.1,23013.1,23037.3,22994.9,46.79841398,1077001.07267246,green,65.14420239649999
2023-02-07 13:06:00,22991.95,22992.425,23015.0,22970.8,36.34807451,835843.921832007,red,65.3323245446
2023-02-07 13:27:00,22985.800000000003,22980.2,23006.2,22943.0,76.90536245,1766589.263160043,green,65.7863279821
2023-02-07 13:48:00,22991.2,22988.5,23004.6,22967.0,51.94002822,1193882.932571891,red,65.4754018668
2023-02-07 14:09:00,22978.050000000003,22983.225000000002,23011.8,22965.0,46.55914293,1070303.764136883,red,65.48934176030001
2023-02-07 14:30:00,22985.05,22976.65,23013.9,22922.6,134.15561889,3082827.38789467,green,66.3596248039
2023-02-07 14:51:00,22975.8,22978.325,23015.9,22945.8,61.03630617,1402333.513899732,red,66.7703898147
2023-02-07 15:12:00,22932.95,22928.675000000003,22966.7,22882.1,76.24896287,1748016.09261263,red,67.34251735859999
2023-02-07 15:33:00,22911.449999999997,22916.949999999997,22951.5,22893.4,88.78276172,2035361.825847885,red,67.9210296128
2023-02-07 15:54:00,22917.55,22916.574999999997,22942.1,22889.1,88.26234662,2022392.030006012,green,68.5040127114
2023-02-07 16:15:00,22958.85,22953.275,23022.4,22873.0,147.8407394,3390477.54108155,green,66.8320783948
2023-02-07 16:36:00,22990.05,22986.675000000003,23012.2,22954.4,81.12924205,1864834.215229716,red,66.88878670119999
2023-02-07 16:57:00,22974.05,22973.725,22989.2,22957.6,42.92307689,986119.912268508,red,66.98410918409999
2023-02-07 17:18:00,22946.3,22936.725,22961.3,22893.0,89.23859043,2045438.975806417,red,67.5498942993
2023-02-07 17:39:00,23104.85,23117.574999999997,23335.2,22925.4,681.65503964,15806242.987941915,green,74.0950881868
2023-02-07 18:00:00,23195.45,23189.4,23345.7,23021.0,424.86854852,9839057.917984253,red,77.9484988822
2023-02-07 18:21:00,23030.35,22991.625,23128.8,22777.0,454.72340629,10421438.814626474,red,81.9622335138
2023-02-07 18:42:00,22979.3,22954.825,23015.7,22845.0,140.14605183999998,3212020.834699194,green,82.7387524749
2023-02-07 19:03:00,23046.300000000003,23054.950000000004,23117.8,23009.4,215.26201886,4966824.536246314,green,84.11087069750002
2023-02-07 19:24:00,23077.75,23080.225,23133.3,23032.1,134.09797708,3095524.604500347,red,85.03586604590001
2023-02-07 19:45:00,23077.6,23088.325,23147.9,23050.2,186.34190054,4303323.730594968,green,86.6777058889
2023-02-07 20:06:00,23099.95,23088.925,23123.8,23032.0,84.30864659,1945647.417648528,green,87.1148054456
2023-02-07 20:27:00,23171.1,23173.025,23230.0,23119.9,198.0550679,4593553.963648202,green,88.595429029
2023-02-07 20:48:00,23227.45,23228.35,23266.0,23192.5,155.86926969,3619878.590066623,green,89.75766487410002
2023-02-07 21:09:00,23237.050000000003,23232.575,23257.0,23199.2,121.67643907,2827143.433571621,green,90.818364078
2023-02-07 21:30:00,23222.65,23219.275,23253.5,23178.3,98.96839639,2296827.580502038,red,91.4559048474
2023-02-07 21:51:00,23200.55,23192.15,23221.2,23146.3,90.05849667,2088685.05820165,red,91.59373706339998
2023-02-07 22:12:00,23189.25,23183.699999999997,23199.2,23157.1,50.53878981,1171513.451161586,red,90.5367103268
2023-02-07 22:33:00,23225.1,23230.975,23301.2,23172.5,79.16672319999999,1840962.217092144,green,90.1038475984
2023-02-07 22:54:00,23252.9,23249.0,23273.3,23216.9,40.1149513,932558.155321522,red,89.4962313489
2023-02-07 23:15:00,23258.5,23262.274999999998,23294.9,23237.2,52.83336158,1229515.723606569,green,89.6807918101
2023-02-07 23:36:00,23267.75,23263.525,23276.8,23241.8,57.84454803,1345646.466132152,red,89.6890541565
2023-02-07 23:57:00,23255.65,23253.475000000002,23272.8,23229.8,65.59364577,1524710.46837804,red,90.0249437997
2023-02-08 00:18:00,23285.9,23284.05,23327.6,23236.8,116.27421592,2706859.905753743,green,90.7893187542
2023-02-08 00:39:00,23322.3,23319.075,23355.9,23275.8,123.12461258,2871297.89431452,grey,91.4410273486
2023-02-08 01:00:00,23340.7,23359.550000000003,23454.7,23302.1,181.54479505,4242546.996051237,green,92.6837803685
2023-02-08 01:21:00,23332.15,23329.625,23362.6,23291.6,112.00700779,2612280.041487899,red,93.0879125728
2023-02-08 01:42:00,23303.300000000003,23297.950000000004,23307.1,23278.1,53.96297486,1256993.667500675,red,92.9441278307
2023-02-08 02:03:00,23296.9,23285.4,23301.4,23246.4,70.07068668000001,1630626.705115553,red,92.89203038770002
2023-02-08 02:24:00,23289.800000000003,23287.475,23298.4,23271.9,31.95786939,744179.356642134,red,92.4363235124
2023-02-08 02:45:00,23267.9,23266.25,23287.2,23242.0,47.68344438,1109140.244315202,red,90.3912064381
2023-02-08 03:06:00,23254.9,23253.1,23271.6,23231.0,75.28868758,1750601.173213154,green,89.5883632391
2023-02-08 03:27:00,23266.9,23265.525,23272.7,23255.6,27.96961697,650614.563283892,green,87.81947893120001
2023-02-08 03:48:00,23274.7,23271.425000000003,23276.9,23259.4,21.76884015,506565.653460105,green,86.7222500481
2023-02-08 04:09:00,23275.05,23274.375,23287.2,23260.2,29.23625017,680329.175018786,red,86.4361105168
2023-02-08 04:30:00,23260.550000000003,23259.0,23273.3,23241.6,15.34515081,356845.194163439,red,85.79515212689999
2023-02-08 04:51:00,23244.15,23246.074999999997,23255.6,23240.4,28.1593639,654645.213057348,red,85.5262223829
2023-02-08 05:12:00,23231.2,23230.175,23246.0,23212.3,63.35550307,1472185.468437587,red,85.53484497739998
2023-02-08 05:33:00,23227.300000000003,23218.125,23232.8,23185.1,84.80611686,1968534.035721549,green,85.88132792920001
2023-02-08 05:54:00,23233.05,23222.225,23233.4,23189.4,30.78561094,714491.365351865,green,85.558020561
2023-02-08 06:15:00,23224.6,23217.0,23233.4,23185.4,31.51857069,731556.98361924,red,85.00661190410001
2023-02-08 06:36:00,23203.949999999997,23204.199999999997,23216.9,23192.0,29.62774729,687530.073068941,red,84.58030312660001
2023-02-08 06:57:00,23205.0,23204.0,23219.8,23186.2,41.2937349,958051.668506281,green,84.4235136358
2023-02-08 07:18:00,23218.050000000003,23219.675000000003,23235.1,23207.5,22.65474349,526119.895230914,green,84.13746513260001
2023-02-08 07:39:00,23224.4,23220.600000000002,23233.4,23200.2,35.5763322,825979.056909469,green,84.11963247009999
2023-02-08 08:00:00,23221.25,23215.95,23234.0,23187.3,73.52891825,1706415.864227931,red,84.45974423439999
2023-02-08 08:21:00,23210.15,23200.95,23217.2,23166.3,59.60233397,1382367.448581072,red,84.83633155769999
2023-02-08 08:42:00,23203.75,23203.55,23211.4,23195.3,30.95980148,718337.721565461,red,84.6032819697
2023-02-08 09:03:00,23208.0,23205.875,23221.0,23186.5,21.08772068,489376.329943382,green,83.7498923431
2023-02-08 09:24:00,23201.25,23201.95,23220.1,23185.2,55.44514059,1286303.457550865,red,84.0012039444
2023-02-08 09:45:00,23187.85,23189.5,23203.8,23178.5,37.44231435,868257.970800256,green,83.7102623919
2023-02-08 10:06:00,23185.75,23178.0,23190.4,23150.1,42.76857591,990931.887213649,red,79.1086536463
2023-02-08 10:27:00,23167.449999999997,23163.024999999998,23181.2,23136.0,125.78070243,2912592.387375505,red,79.2246636392
2023-02-08 10:48:00,23146.9,23150.550000000003,23168.9,23139.5,28.66139817,663694.5613142,red,78.5809925957
2023-02-08 11:09:00,23155.3,23155.625,23172.0,23139.9,49.66012806,1150032.221802002,green,78.56040869270001
2023-02-08 11:30:00,23164.2,23163.7,23180.4,23146.0,30.43121381,704952.048263585,red,78.1814365644
2023-02-08 11:51:00,23164.75,23164.399999999998,23174.9,23153.2,53.13204928,1230747.157831275,green,77.985809674
2023-02-08 12:12:00,23179.699999999997,23180.749999999996,23193.9,23169.7,47.14517248,1092727.826666573,green,77.4566874355
2023-02-08 12:33:00,23157.65,23148.475,23188.5,23090.1,88.97890543,2060020.683322944,red,78.2081883571
2023-02-08 12:54:00,23122.0,23117.600000000002,23138.6,23087.8,94.57722472,2186100.359747311,red,78.72244671749999
2023-02-08 13:15:00,23116.5,23101.05,23120.5,23050.7,135.989911,3139891.930469025,red,79.7995179384
2023-02-08 13:36:00,23113.65,23114.75,23129.3,23102.4,44.94440365,1038949.166203556,red,79.9049880338
2023-02-08 13:57:00,23084.7,23084.725,23113.5,23056.0,56.93747514,1314018.503910897,red,80.1895244057
2023-02-08 14:18:00,23059.7,23056.7,23097.4,23010.0,125.15084989,2886533.230850732,green,81.0691483066
2023-02-08 14:39:00,23055.6,23060.525,23129.9,23001.0,171.50188447,3954156.854359941,red,82.36252177710001
2023-02-08 15:00:00,23012.45,23000.95,23047.7,22931.2,272.67309835000003,6265225.820850846,red,84.7425249844
2023-02-08 15:21:00,22930.949999999997,22928.074999999997,22977.8,22872.6,170.86071349,3916184.972269417,red,85.63202619900001
2023-02-08 15:42:00,22881.85,22881.65,22918.9,22844.0,158.41152153000002,3624569.050659857,red,86.81679718160001
2023-02-08 16:03:00,22811.25,22811.4,22886.8,22736.3,354.67606945,8087411.619119743,red,89.8924906512
2023-02-08 16:24:00,22807.75,22792.525,22882.6,22672.0,300.62004734,6844522.695135033,green,92.5666993489
2023-02-08 16:45:00,22898.0,22902.4,22969.7,22843.9,140.93991247,3230498.473646209,green,93.5930868247
2023-02-08 17:06:00,22952.45,22959.074999999997,23021.0,22910.4,93.6795992,2151003.021895751,green,94.07662504830002
2023-02-08 17:27:00,22966.55,22964.449999999997,23008.6,22916.1,80.72132536,1853196.585488384,red,94.5282790032
2023-02-08 17:48:00,22992.1,22990.0,23035.4,22940.4,87.64097132,2015468.417752164,green,95.1320538962
2023-02-08 18:09:00,22986.6,22985.0,23027.0,22939.8,63.42127328,1456900.977211189,red,95.4983954073
2023-02-08 18:30:00,22903.6,22903.6,22946.3,22860.9,96.56736422,2211936.958033768,red,95.7688276348
2023-02-08 18:51:00,22886.95,22882.775,22919.1,22838.1,71.35435458,1632703.546994887,green,95.8678748788
2023-02-08 19:12:00,22875.949999999997,22879.024999999998,22924.2,22840.0,55.44616049,1268870.086849767,red,95.9684122453
2023-02-08 19:33:00,22851.75,22852.675,22881.4,22825.8,52.82622976,1207052.19577622,green,95.9418744936
2023-02-08 19:54:00,22834.2,22833.324999999997,22883.0,22781.9,90.55511058,2067010.055294936,red,96.2052197183
2023-02-08 20:15:00,22833.7,22844.625,22906.1,22805.0,64.89308928,1483435.809026035,green,96.3853946882
2023-02-08 20:36:00,22853.1,22862.575,22906.4,22837.7,101.10379212,2312770.035721093,red,96.4598954456
2023-02-08 20:57:00,22869.55,22863.875,22895.4,22821.0,51.43170958,1175757.101321861,green,96.1562707201
2023-02-08 21:18:00,22920.0,22920.025,22944.8,22895.3,46.32806571,1061813.086334878,green,96.1918793201
2023-02-08 21:39:00,22951.65,22953.175,22976.7,22932.7,78.8989956,1810804.594952552,green,96.72934095690002
2023-02-08 22:00:00,22955.8,22955.575,22962.5,22948.2,23.96396918,550073.24064402,red,96.59839674190002
2023-02-08 22:21:00,22954.45,22954.975,22965.6,22945.4,32.40671068,743969.098914675,green,96.5773204088
2023-02-08 22:42:00,22936.45,22940.625,22976.7,22912.9,69.18455111,1587372.908307175,red,96.9603170367
2023-02-08 23:03:00,22915.7,22910.824999999997,22938.0,22873.9,71.2588707,1631769.790640199,red,97.1395822646
2023-02-08 23:24:00,22930.4,22932.050000000003,22953.0,22914.4,41.10355361,942629.868252356,green,97.1899700432
2023-02-08 23:45:00,22968.95,22964.25,22991.4,22927.7,38.03831433,873467.057928057,green,97.1023690467
2023-02-09 00:06:00,22976.25,22973.05,23009.4,22930.3,85.53272612,1964271.996954181,red,97.59421556280002
2023-02-09 00:27:00,22952.1,22959.4,22995.9,22937.5,42.91123968,985692.607781447,red,97.2542743351
2023-02-09 00:48:00,22943.05,22954.699999999997,22993.1,22939.6,45.52161532,1045801.395209195,red,97.1900902061
2023-02-09 01:09:00,22945.85,22952.9,22984.9,22935.0,46.15676035,1059780.5818279951,green,97.1860663803
2023-02-09 01:30:00,22956.449999999997,22961.249999999996,22983.4,22948.7,25.25485393,580133.506982199,green,96.09705873069998
2023-02-09 01:51:00,22934.4,22934.375,22964.2,22904.5,26.6667086,611708.092535119,red,95.753362755
2023-02-09 02:12:00,22922.75,22919.925,22941.0,22893.2,39.14090453,896874.3688578759,green,95.3822821716
2023-02-09 02:33:00,22900.0,22898.0,22941.0,22851.0,52.17798153,1194444.455527258,red,95.0162343697
2023-02-09 02:54:00,22718.75,22687.0,22859.1,22451.4,695.45210085,15730922.77105241,red,101.088131912
2023-02-09 03:15:00,22526.5,22539.125,22639.5,22464.0,176.84062536,3989320.488656741,red,101.37813077159998
2023-02-09 03:36:00,22496.7,22502.575,22566.9,22450.0,126.37061294,2844013.63781323,green,101.8305444805
2023-02-09 03:57:00,22544.05,22502.75,22571.0,22351.9,198.21600643,4452991.482999815,green,103.3834737759
2023-02-09 04:18:00,22564.0,22562.824999999997,22598.7,22524.6,53.65978014,1210454.308315749,red,103.027685673
2023-02-09 04:39:00,22561.949999999997,22570.175,22609.8,22547.0,52.96227976,1195624.511568603,green,96.7407580742
2023-02-09 05:00:00,22552.550000000003,22558.7,22592.9,22536.8,33.00983282,744744.866779691,red,92.8221709172
2023-02-09 05:21:00,22570.300000000003,22571.575,22606.5,22539.2,46.01979915,1038823.467361212,green,88.7351348458
2023-02-09 05:42:00,22597.6,22602.525,22638.3,22576.6,55.35083918,1251303.533610733,red,87.88718271920001
2023-02-09 06:03:00,22596.800000000003,22596.075,22614.5,22576.2,45.21053666,1021275.864803528,green,86.18666789719998
2023-02-09 06:24:00,22603.85,22598.875,22610.0,22577.8,30.38572403,686538.8866975841,green,85.14954536670001
2023-02-09 06:45:00,22645.449999999997,22658.0,22733.3,22607.8,118.57187866,2690452.919183252,green,84.4718451479
2023-02-09 07:06:00,22668.4,22668.275,22684.7,22651.6,44.35789578,1005487.6844671188,red,84.07233763980001
2023-02-09 07:27:00,22668.35,22670.0,22696.5,22646.8,55.11449501,1249407.946579947,green,82.64293191089999
2023-02-09 07:48:00,22681.65,22682.074999999997,22703.1,22661.9,48.66658268,1103777.917090432,red,81.57090504080001
2023-02-09 08:09:00,22711.5,22715.125,22764.0,22673.5,96.22901749,2187268.755253751,green,81.31643082500001
2023-02-09 08:30:00,22732.4,22728.0,22748.0,22699.2,44.30806835,1006338.663694268,red,80.76982754459999
2023-02-09 08:51:00,22723.7,22721.825,22734.7,22705.2,35.02149261,795808.659216934,green,80.219457504
2023-02-09 09:12:00,22706.85,22709.425,22744.5,22679.5,63.81811172,1448828.483075599,red,80.3522507231
2023-02-09 09:33:00,22703.699999999997,22707.925,22742.5,22681.8,58.46072201,1327395.304101552,green,80.1451907112
2023-02-09 09:54:00,22719.85,22719.975,22736.8,22703.4,58.359058690000005,1326200.340486002,green,80.3276317851
2023-02-09 10:15:00,22703.3,22705.75,22730.4,22686.0,23.35567036,530526.526302758,red,80.0328548729
2023-02-09 10:36:00,22694.8,22693.125,22712.0,22670.9,60.0536016,1362531.85046011,green,80.05494540859999
2023-02-09 10:57:00,22691.9,22687.250000000004,22702.9,22662.3,40.51274077,919062.451036916,red,79.8041363586
2023-02-09 11:18:00,22691.85,22690.799999999996,22701.6,22677.9,25.72405453,583655.162207694,green,78.89863474469999
2023-02-09 11:39:00,22693.0,22697.5,22737.2,22666.8,65.53827243,1488048.548403294,red,78.32277134319999
2023-02-09 12:00:00,22680.8,22682.125,22697.4,22669.5,43.61334943,989171.218745904,red,76.943456887
2023-02-09 12:21:00,22650.45,22635.025,22684.8,22554.4,106.41774037,2408894.020558781,red,76.8875642128
2023-02-09 12:42:00,22660.949999999997,22687.149999999998,22802.9,22623.8,166.1792652,3777878.403729186,green,78.0097271162
2023-02-09 13:03:00,22700.85,22710.675,22744.2,22696.8,48.59668511,1104247.704990641,green,77.79498710050001
2023-02-09 13:24:00,22700.85,22713.125,22763.8,22687.0,100.436884,2283747.964805012,red,78.4797772466
2023-02-09 13:45:00,22721.550000000003,22722.825,22754.9,22693.3,63.92080282,1453179.33535364,green,78.642150831
2023-02-09 14:06:00,22753.2,22754.024999999998,22774.5,22735.2,70.90670594,1613284.1097646318,green,78.59833101459999
2023-02-09 14:27:00,22736.55,22747.375,22827.0,22689.4,184.40916908,4194041.689710884,red,80.16272653569999
2023-02-09 14:48:00,22712.85,22716.025,22765.3,22673.1,140.18118258,3183077.212328247,red,81.34684996
2023-02-09 15:09:00,22665.15,22658.100000000002,22706.9,22595.2,169.79848478,3847734.429994175,red,82.75247230609999
2023-02-09 15:30:00,22627.9,22616.425,22652.2,22557.7,207.73855955,4694941.305161117,green,84.67640639349999
2023-02-09 15:51:00,22620.449999999997,22605.649999999998,22639.4,22542.3,112.32855823,2538231.647084955,red,85.51809833680001
2023-02-09 16:12:00,22562.2,22559.125,22614.6,22497.5,194.3888294,4383637.154011645,red,86.82843160009999
2023-02-09 16:33:00,22511.75,22511.875,22563.9,22460.1,133.41384074,3003588.757243213,red,87.3145088389
2023-02-09 16:54:00,22543.3,22533.75,22592.5,22455.9,112.72570795,2538704.147242333,green,88.133909809
2023-02-09 17:15:00,22528.3,22532.775,22595.2,22479.3,94.70070726,2135741.291892136,red,88.7657311747
2023-02-09 17:36:00,22497.55,22494.25,22526.3,22455.6,105.97466227,2383210.683694473,green,89.52920032450001
2023-02-09 17:57:00,22541.9,22536.175000000003,22567.8,22493.1,129.25342673,2912838.947541078,green,90.4087972428
2023-02-09 18:18:00,22562.800000000003,22561.550000000003,22594.0,22526.6,87.15754949000001,1966504.684414421,red,91.0538253028
2023-02-09 18:39:00,22537.050000000003,22526.15,22562.4,22468.1,103.08328767,2319333.907309006,red,91.7288948575
2023-02-09 19:00:00,22471.3,22459.525,22526.4,22369.1,179.49215641,4028078.721337017,red,92.7885272391
2023-02-09 19:21:00,22241.2,22205.85,22441.0,21900.0,978.40356575,21622971.744769625,red,101.9765395569
2023-02-09 19:42:00,22016.4,21998.75,22058.5,21903.7,169.79523184,3733200.779500722,red,103.3648938605
2023-02-09 20:03:00,21950.85,21925.025,21977.4,21821.0,259.68924919,5690039.76515943,red,105.7509091456
2023-02-09 20:24:00,21983.45,21971.675,22060.0,21859.8,187.77333537,4121585.381541393,green,107.0741910934
2023-02-09 20:45:00,21997.5,22001.824999999997,22082.7,21929.6,206.52367132,4549098.699610613,red,108.7650046631
2023-02-09 21:06:00,21932.4,21927.300000000003,21977.5,21866.9,136.46403949,2991750.051406121,red,109.70195929889998
2023-02-09 21:27:00,21884.75,21843.725,21922.4,21683.0,380.06268584,8285537.44203822,red,112.244779133
2023-02-09 21:48:00,21870.85,21842.6,21888.0,21740.7,129.85601434,2834383.3601345723,green,113.2567252947
2023-02-09 22:09:00,21885.4,21895.925000000003,21957.9,21855.0,106.16577901,2325403.237278118,red,113.8217818042
2023-02-09 22:30:00,21847.3,21856.85,21922.7,21810.1,59.86341506,1309504.783423236,red,114.1161038167
2023-02-09 22:51:00,21817.25,21793.725,21847.0,21693.4,120.14374882,2615793.252308466,green,114.78622081209998
2023-02-09 23:12:00,21821.5,21828.325,21853.0,21817.3,93.4945279,2041714.164450438,red,115.2497143663
2023-02-09 23:33:00,21809.85,21817.399999999998,21853.6,21796.3,98.9357668,2158567.757887307,red,115.34928298
2023-02-09 23:54:00,21829.9,21820.9,21863.5,21760.3,109.72396663,2393332.386025509,green,115.5007503991
2023-02-10 00:15:00,21848.6,21840.350000000002,21860.4,21803.8,103.8010124,2266502.4111699,red,115.17886141309998
2023-02-10 00:36:00,21823.800000000003,21833.100000000002,21877.8,21807.0,59.85287352,1307516.461620404,red,115.32794611180002
2023-02-10 00:57:00,21828.5,21830.875,21870.7,21795.8,67.73873788,1479190.03771437,green,115.4359587392
2023-02-10 01:18:00,21853.15,21846.324999999997,21865.6,21813.4,59.9644774,1309596.345698673,green,114.78409501429998
2023-02-10 01:39:00,21875.800000000003,21871.025,21893.7,21838.8,67.78203248,1482122.023528108,green,113.7468964944
2023-02-10 02:00:00,21895.35,21893.524999999998,21905.6,21877.8,39.85111541,872414.508611183,green,111.418676665
2023-02-10 02:21:00,21896.3,21886.5,21897.1,21856.3,44.2148328,967570.3167337468,red,110.15221785810002
2023-02-10 02:42:00,21896.4,21905.65,21934.9,21894.9,57.974491150000006,1270066.337840562,green,109.1478475543
2023-02-10 03:03:00,21888.25,21888.0,21902.2,21873.3,57.15283597,1250870.004913745,red,106.1726152195
2023-02-10 03:24:00,21866.050000000003,21865.975000000002,21886.1,21845.7,53.09312084,1160959.529345076,red,103.6973459545
2023-02-10 03:45:00,21827.85,21825.9,21852.8,21795.1,74.29488954,1621253.457811404,red,103.03089572519998
2023-02-10 04:06:00,21805.95,21782.225,21809.0,21708.0,87.99924068,1915015.5788944736,green,102.97409214
2023-02-10 04:27:00,21811.45,21805.025,21821.6,21775.6,37.44321525,816349.6443567469,green,102.5413110389
2023-02-10 04:48:00,21811.4,21798.675000000003,21820.0,21751.9,69.36263158,1511190.349333583,red,102.3585276415
2023-02-10 05:09:00,21784.4,21786.15,21820.6,21755.2,50.47855931,1099628.698075375,red,102.2291005018
2023-02-10 05:30:00,21779.15,21754.075,21833.0,21625.0,296.9929767,6457623.252687627,green,104.2333566266
2023-02-10 05:51:00,21818.300000000003,21813.300000000003,21837.9,21778.7,42.91643688,935847.9421606532,green,103.9489774496
2023-02-10 06:12:00,21849.65,21847.65,21863.3,21828.0,33.66204057,735243.980524076,green,103.7311362504
2023-02-10 06:33:00,21862.699999999997,21859.699999999997,21875.0,21838.4,44.11921565,964308.777152204,green,103.6440661093
2023-02-10 06:54:00,21856.25,21858.9,21883.8,21839.3,49.3326473,1078449.539038223,red,103.2318414765
2023-02-10 07:15:00,21852.15,21857.65,21895.2,21831.1,55.81116855,1219667.012220642,green,103.1410222692
2023-02-10 07:36:00,21881.3,21884.225,21919.9,21854.4,48.54802928,1062598.452155873,green,102.6154646408
2023-02-10 07:57:00,21899.25,21903.425,21930.0,21885.2,80.51257505,1763292.660846135,red,102.9062732955
2023-02-10 08:18:00,21881.300000000003,21882.35,21905.2,21861.6,51.59414198,1129126.23067273,red,102.9589340582
2023-02-10 08:39:00,21878.8,21881.625,21902.1,21866.8,49.00476992,1072528.005522834,green,102.6599918014
2023-02-10 09:00:00,21882.4,21880.300000000003,21901.8,21854.6,36.94550199,808464.396587892,red,102.7898071295
2023-02-10 09:21:00,21875.35,21877.225,21894.5,21863.7,18.30621699,400513.205756546,red,102.64880219260002
2023-02-10 09:42:00,21850.7,21846.825,21873.9,21812.0,42.57857487,929775.4559454968,red,102.3827424302
2023-02-10 10:03:00,21821.5,21819.65,21834.1,21801.5,87.10007248,1900399.068200264,red,102.541154448
2023-02-10 10:24:00,21822.55,21820.574999999997,21837.1,21800.1,33.41245176,729003.003878667,green,102.4642434295
2023-02-10 10:45:00,21827.300000000003,21833.350000000002,21854.9,21823.9,27.45138527,599611.6358745319,red,102.3583741389
2023-02-10 11:06:00,21813.75,21812.875,21843.3,21780.7,68.67222683,1497963.910333011,red,102.189769146
2023-02-10 11:27:00,21778.7,21779.775,21816.2,21745.5,145.79690846,3174381.292336833,red,103.21862583380002
2023-02-10 11:48:00,21730.65,21731.275,21756.5,21707.3,105.82876212,2299696.42098269,red,103.8216973018
2023-02-10 12:09:00,21732.4,21734.025,21789.3,21682.0,112.45060777,2445104.5357474983,green,104.484635776
2023-02-10 12:30:00,21755.25,21750.55,21781.7,21710.0,56.09115931,1219691.110135752,red,104.7929988298
2023-02-10 12:51:00,21761.75,21751.375,21774.1,21707.9,53.80379051,1169467.623066543,green,105.0643696489
2023-02-10 13:12:00,21768.75,21780.05,21825.0,21757.7,65.73579823,1432948.843554525,red,105.3303185859
2023-02-10 13:33:00,21779.9,21784.45,21815.7,21762.3,65.13858076,1419049.142209106,green,105.4599245782
2023-02-10 13:54:00,21796.25,21787.4,21803.1,21754.0,44.92650758,978446.401379945,green,98.9546686455
2023-02-10 14:15:00,21833.8,21833.775,21868.6,21798.9,83.77512863,1828873.628125783,green,98.0240136782
2023-02-10 14:36:00,21856.9,21852.175,21886.7,21808.2,182.31414658,3983815.093457472,red,98.5834490146
2023-02-10 14:57:00,21862.35,21851.85,21898.7,21784.0,186.397821,4070558.06915121,green,98.46526716030002
2023-02-10 15:18:00,21842.5,21845.85,21895.4,21803.0,123.24454995,2693187.906474269,red,99.1611148584
2023-02-10 15:39:00,21727.6,21696.1,21811.2,21518.0,449.11059661,9711856.753542066,red,103.1225980269
2023-02-10 16:00:00,21658.800000000003,21672.85,21740.7,21633.1,195.9487548,4249999.147984607,green,104.7519872467
2023-02-10 16:21:00,21643.199999999997,21637.1,21667.9,21594.1,151.0589471,3267883.684972189,red,105.8023787262
2023-02-10 16:42:00,21622.2,21616.875,21648.9,21574.2,87.15472899,1883551.60663785,green,106.1204176243
2023-02-10 17:03:00,21603.45,21602.95,21644.5,21560.4,82.60229883,1784519.626639077,red,106.494335246
2023-02-10 17:24:00,21598.15,21599.15,21636.6,21563.7,90.20507644,1948371.724175746,green,107.0925287701
2023-02-10 17:45:00,21650.35,21655.3,21706.6,21613.9,100.67880209,2183006.1167853,green,106.9135980044
2023-02-10 18:06:00,21705.15,21703.875,21733.5,21671.7,42.06535471,912995.807908083,green,106.8906725937
2023-02-10 18:27:00,21717.800000000003,21710.95,21725.7,21682.5,57.68457869,1252119.506514971,red,106.9163734305
2023-02-10 18:48:00,21700.3,21702.625,21718.9,21691.0,33.46968185,726603.345906574,red,106.7644044222
2023-02-10 19:09:00,21694.05,21687.6,21699.5,21662.8,37.55144619,814165.489769424,green,106.1776287092
2023-02-10 19:30:00,21733.75,21739.725,21797.6,21693.8,87.94387235,1913509.916529466,green,106.6139867492
2023-02-10 19:51:00,21763.1,21767.35,21791.2,21752.0,39.83333246,867307.936234997,red,106.6621051477
2023-02-10 20:12:00,21750.1,21747.075,21762.9,21725.2,29.40370157,639262.885538927,red,106.3179610462
2023-02-10 20:33:00,21741.55,21740.725,21765.4,21714.4,37.45700963,814209.8200891949,red,106.1079239224
2023-02-10 20:54:00,21706.45,21695.65,21738.8,21630.9,82.7271486,1793223.489430599,red,106.3516048215
2023-02-10 21:15:00,21626.75,21618.65,21674.3,21546.8,124.88507221,2700303.082917184,red,107.36689884
2023-02-10 21:36:00,21569.75,21548.175,21612.0,21441.2,249.52203559,5367727.046032697,red,109.2615831799
2023-02-10 21:57:00,21576.65,21578.525,21638.2,21522.6,97.92123379,2111757.825722602,green,109.8356681101
2023-02-10 22:18:00,21591.0,21577.775,21610.8,21518.3,66.24601976,1428776.362942313,red,110.2408877624
2023-02-10 22:39:00,21580.8,21586.05,21620.5,21562.1,49.14416588,1061328.171653942,red,110.0769466969
2023-02-10 23:00:00,21588.699999999997,21583.899999999998,21607.9,21550.3,32.6672895,705075.912458389,green,109.9674860976
2023-02-10 23:21:00,21612.7,21605.575,21634.5,21562.4,52.75787294,1139691.270237778,green,109.4308874233
2023-02-10 23:42:00,21623.55,21630.275,21657.9,21616.1,61.7250649,1335556.334706288,green,108.3863454203
2023-02-11 00:03:00,21632.9,21627.9,21644.4,21601.4,47.22215783,1020796.964222335,green,108.3726001475
2023-02-11 00:24:00,21633.5,21640.675,21670.0,21625.7,50.27684791,1088211.689467446,red,107.87099978659998
2023-02-11 00:45:00,21645.6,21651.85,21695.0,21621.2,91.05683285,1973397.752349733,green,108.1423600869
2023-02-11 01:06:00,21661.9,21668.0,21698.0,21650.2,44.59780061,966643.063463541,red,107.8792710336
2023-02-11 01:27:00,21652.65,21654.95,21672.7,21641.8,28.49892021,617221.946254165,red,106.3201685449
2023-02-11 01:48:00,21639.800000000003,21636.025,21652.5,21612.0,38.59098407,834756.355289918,red,105.3042665598
2023-02-11 02:09:00,21651.0,21649.2,21673.5,21621.3,37.60788877,814122.587194668,green,103.9823605997
2023-02-11 02:30:00,21655.050000000003,21654.475,21667.7,21640.1,24.24654685,524905.458976202,red,102.1474404727
2023-02-11 02:51:00,21649.1,21650.574999999997,21661.7,21642.4,20.04087506,433942.980859093,green,101.224563641
2023-02-11 03:12:00,21668.9,21678.525,21720.7,21655.6,62.08996598,1347104.269627151,green,99.90157500680002
2023-02-11 03:33:00,21678.85,21681.375,21692.6,21675.2,19.17094121,415677.233853232,red,98.7591460115
2023-02-11 03:54:00,21678.3,21678.375,21687.5,21669.4,87.11448906999999,1888722.398938732,green,98.5030338227
2023-02-11 04:15:00,21677.8,21678.699999999997,21692.6,21666.6,19.34281676,419313.929690925,red,97.7494549177
2023-02-11 04:36:00,21681.1,21680.45,21687.8,21671.8,16.4041249,355654.62622609,green,96.85374954399998
2023-02-11 04:57:00,21685.7,21685.925,21690.5,21681.8,11.67355433,253147.533820095,red,95.67795082
2023-02-11 05:18:00,21687.449999999997,21692.25,21710.6,21683.5,15.3890553,333873.750241193,green,94.9602658781
2023-02-11 05:39:00,21682.5,21682.2,21695.0,21668.8,24.79093977,537522.200983328,red,94.1773423991
2023-02-11 06:00:00,21672.45,21668.325,21674.1,21654.3,40.59374241,879482.541531394,red,92.7883582591
2023-02-11 06:21:00,21669.5,21669.175,21676.1,21661.6,28.36067174,614564.904839954,red,83.287929319
2023-02-11 06:42:00,21670.4,21668.600000000002,21672.8,21660.8,26.70939296,578682.71288433,green,81.8570709302
2023-02-11 07:03:00,21664.1,21664.699999999997,21675.2,21655.4,38.38964018,831826.1124896801,red,79.6440748401
2023-02-11 07:24:00,21664.0,21661.05,21673.5,21642.7,45.37904992,982912.42078541,green,78.2201319856
2023-02-11 07:45:00,21681.85,21686.525,21710.0,21672.4,24.94698103,541195.566507262,green,76.4043650827
2023-02-11 08:06:00,21688.75,21690.675,21699.4,21685.8,37.05023186,803665.432206229,red,75.4102270064
2023-02-11 08:27:00,21693.4,21692.525,21703.3,21680.0,42.9608217,931945.083087359,green,72.039208365
2023-02-11 08:48:00,21691.050000000003,21691.025,21699.7,21682.3,14.47712198,314017.530986965,red,70.8854194414
2023-02-11 09:09:00,21680.85,21682.074999999997,21693.0,21673.6,34.83776797,755414.9015896199,red,70.172139331
2023-02-11 09:30:00,21685.4,21685.35,21694.2,21676.4,20.21285051,438307.05926114303,green,69.7756336855
2023-02-11 09:51:00,21690.8,21690.824999999997,21697.6,21684.1,35.14587431,762412.737966044,red,68.9256549404
2023-02-11 10:12:00,21685.3,21681.425,21690.6,21664.5,21.74631219,471394.965802088,red,68.2081727833
2023-02-11 10:33:00,21674.85,21671.775,21680.4,21657.0,44.1392529,956352.938171024,red,67.6602076443
2023-02-11 10:54:00,21672.75,21672.7,21676.1,21669.2,11.67801789,253080.841311076,green,66.6797481569
2023-02-11 11:15:00,21679.4,21678.65,21682.7,21673.1,16.00541993,346953.440857425,green,65.8017922322
2023-02-11 11:36:00,21683.6,21683.2,21684.8,21680.8,16.22371927,351769.721227018,green,65.3655006897
2023-02-11 11:57:00,21715.75,21717.525,21754.0,21684.6,70.0401463,1521406.426764531,green,65.3885147739
2023-02-11 12:18:00,21733.6,21741.975,21787.9,21712.8,94.59044466,2056871.545378134,red,65.7347744465
2023-02-11 12:39:00,21715.4,21706.275,21728.3,21666.0,69.25522955,1502488.893524439,red,65.7495064172
2023-02-11 13:00:00,21716.050000000003,21713.225,21721.7,21699.1,22.24989937,482995.974773604,green,65.57349425679999
2023-02-11 13:21:00,21730.6,21733.199999999997,21748.1,21723.5,39.37369678,855976.119991645,green,65.52508289660001
2023-02-11 13:42:00,21740.550000000003,21745.65,21764.0,21737.5,20.53143279,446545.687428651,green,65.150652313
2023-02-11 14:03:00,21741.15,21741.925000000003,21751.3,21734.1,35.14600183,764114.589936682,red,64.9305839716
2023-02-11 14:24:00,21730.050000000003,21728.475000000002,21738.8,21715.0,42.19665362,916628.854008739,red,64.8216192994
2023-02-11 14:45:00,21732.6,21735.55,21755.7,21721.3,45.01548228,978806.30833861,green,64.5288252268
2023-02-11 15:06:00,21741.3,21741.675,21749.4,21734.7,33.07989832,719162.1544716699,red,63.9796318032
2023-02-11 15:27:00,21727.800000000003,21728.4,21741.1,21716.9,30.96680579,672961.74924047,red,63.91486770859999
2023-02-11 15:48:00,21720.6,21723.074999999997,21734.2,21716.9,31.04166084,674406.749955592,green,63.53165800119999
2023-02-11 16:09:00,21722.550000000003,21718.325,21724.4,21703.8,52.92587538,1149430.5713073611,red,63.556131161900005
2023-02-11 16:30:00,21704.25,21701.525,21720.9,21676.7,65.08437818,1411920.377859025,red,61.23704517669999
2023-02-11 16:51:00,21688.050000000003,21689.600000000002,21696.9,21685.4,23.08107381,500658.689952573,green,61.038691546
2023-02-11 17:12:00,21685.75,21686.85,21693.6,21682.3,23.63328985,512585.611422951,red,60.9384040388
2023-02-11 17:33:00,21685.4,21681.45,21691.6,21663.4,46.29309424,1003543.267652028,green,60.9601428247
2023-02-11 17:54:00,21706.4,21706.5,21725.6,21687.6,20.22670141,439145.026752532,green,60.6690833658
2023-02-11 18:15:00,21690.75,21683.325,21728.5,21623.3,93.415766,2024863.628888894,red,61.0451293403
2023-02-11 18:36:00,21656.050000000003,21650.875,21672.4,21619.0,57.5751971,1246211.552607574,red,61.1354010185
2023-02-11 18:57:00,21651.85,21655.475,21670.6,21647.6,25.48716257,552045.146348711,red,60.5851468937
2023-02-11 19:18:00,21657.0,21656.95,21666.0,21647.8,19.20042281,415817.39041861,green,60.261209702
2023-02-11 19:39:00,21663.05,21661.625,21667.3,21653.1,15.39541404,333471.224292149,red,59.9251161432
2023-02-11 20:00:00,21658.4,21656.2,21662.2,21645.8,21.00109397,454741.031148182,red,59.76567206299999
2023-02-11 20:21:00,21666.699999999997,21675.449999999997,21713.3,21655.1,45.5454219,987678.70466335,green,60.0380641121
2023-02-11 20:42:00,21671.65,21672.925000000003,21683.5,21664.9,25.9624257,562656.474110581,red,59.87190262040001
2023-02-11 21:03:00,21673.5,21673.475,21685.8,21661.1,23.66980941,512987.142795586,green,59.2375999897
2023-02-11 21:24:00,21703.15,21703.15,21725.4,21680.9,32.09967681,696422.737412262,green,59.2244722402
2023-02-11 21:45:00,21758.9,21771.525,21843.0,21725.3,211.27171967,4606108.06892016,green,61.0626755842
2023-02-11 22:06:00,21804.85,21802.8,21820.5,21781.0,52.19054541,1137720.767203059,green,60.89785877
2023-02-11 22:27:00,21830.0,21835.15,21875.0,21805.6,54.16143549,1183097.781255536,green,59.9815040403
2023-02-11 22:48:00,21836.65,21831.675000000003,21843.0,21810.4,43.73783885,954655.26071945,red,59.3605948076
2023-02-11 23:09:00,21851.6,21853.574999999997,21886.1,21825.0,36.47659181,797116.408536288,green,58.600854648
2023-02-11 23:30:00,21867.0,21872.425,21899.4,21856.3,43.36213234,948688.547148797,red,58.4735643783
2023-02-11 23:51:00,21865.55,21864.325,21883.2,21843.0,41.95767012,917430.245398096,green,58.3551031744
2023-02-12 00:12:00,21851.35,21851.725000000002,21871.4,21832.8,13.52920736,295627.488027447,red,57.83303726569999
2023-02-12 00:33:00,21824.0,21825.2,21840.4,21812.4,19.80918288,432340.135225419,red,57.3797432869
2023-02-12 00:54:00,21815.0,21819.275,21843.5,21803.6,30.76558597,671248.4333709651,red,57.23813407080001
2023-02-12 01:15:00,21813.75,21809.4,21822.9,21787.2,21.2607204,463546.225590031,red,56.6129899885
2023-02-12 01:36:00,21806.1,21804.975,21812.7,21795.0,14.77804436,322225.336614433,red,54.93762896630001
2023-02-12 01:57:00,21791.699999999997,21790.0,21808.7,21767.9,31.92275601,695477.308719512,red,53.3928783164
2023-02-12 02:18:00,21784.55,21791.05,21815.3,21779.8,24.71419072,538718.412873992,green,52.4075747241
2023-02-12 02:39:00,21800.85,21801.7,21819.8,21785.3,18.65396767,406642.629913271,green,48.1030084347
2023-02-12 03:00:00,21812.6,21812.875,21818.8,21807.5,12.70759842,277185.319936364,red,46.2705968709
2023-02-12 03:21:00,21807.0,21801.5,21808.8,21783.2,16.36393863,356603.832029308,red,44.9236467862
2023-02-12 03:42:00,21793.800000000003,21794.175000000003,21808.7,21780.4,19.95324354,434889.24653652,red,44.2516319317
2023-02-12 04:03:00,21778.9,21780.025,21787.0,21775.3,18.55045565,404056.48878515,red,43.6111134999
2023-02-12 04:24:00,21777.85,21775.949999999997,21783.1,21765.0,28.56098131,621884.248296101,green,42.9946725486
2023-02-12 04:45:00,21782.85,21779.225,21786.8,21764.4,24.33296986,529882.124773248,green,42.2312142263
2023-02-12 05:06:00,21788.949999999997,21786.375,21796.0,21771.6,18.56455059,404403.04112871,green,41.9962061851
2023-02-12 05:27:00,21792.85,21793.925,21800.2,21789.8,15.38315882,335290.006345907,green,41.5731919864
2023-02-12 05:48:00,21799.8,21799.35,21807.4,21790.4,15.80303339,344482.294694628,green,41.3965255018
2023-02-12 06:09:00,21803.35,21803.15,21808.8,21797.1,14.26229216,310955.633397718,red,41.1636339615
2023-02-12 06:30:00,21802.05,21803.899999999998,21814.8,21796.7,21.13008863,460743.132078074,green,40.4954961243
2023-02-12 06:51:00,21805.65,21806.925,21812.1,21804.3,19.08651615,416265.834605109,green,40.2880279612
2023-02-12 07:12:00,21804.45,21804.925,21810.8,21800.0,18.54536274,404422.7311035401,red,40.1794445729
2023-02-12 07:33:00,21802.300000000003,21802.9,21805.1,21801.9,8.27839837,180498.293651,green,39.8876584603
2023-02-12 07:54:00,21805.800000000003,21804.725000000002,21808.9,21798.4,16.24202671,354130.609808852,green,39.2228072414
2023-02-12 08:15:00,21811.35,21811.3,21813.9,21808.6,13.32680739,290662.729918747,green,38.1072245932
2023-02-12 08:36:00,21808.6,21818.55,21853.7,21803.3,72.96954118,1593157.615698032,red,36.3416996491
2023-02-12 08:57:00,21822.199999999997,21823.699999999997,21847.1,21803.3,27.40515706,597850.333257334,green,35.6365388818
2023-02-12 09:18:00,21842.4,21846.100000000002,21870.9,21828.7,43.22747793,944587.912794639,green,35.4063534635
2023-02-12 09:39:00,21876.95,21889.45,21960.4,21843.5,112.24154573,2459430.208340627,green,36.037327262
2023-02-12 10:00:00,21885.1,21883.85,21921.8,21843.4,73.41990102,1605996.825129329,red,36.4448533772
2023-02-12 10:21:00,21875.0,21873.925,21896.7,21849.0,39.424287,862178.30684616,green,36.3115175178
2023-02-12 10:42:00,21886.85,21885.35,21893.2,21874.5,19.3805484,424077.16626662,red,35.8880723528
2023-02-12 11:03:00,21879.300000000003,21876.050000000003,21887.0,21858.6,64.08706523000001,1401544.432285127,red,36.0567214268
2023-02-12 11:24:00,21877.3,21875.025,21881.4,21864.1,19.67478749,430344.823925845,green,35.750700822599995
2023-02-12 11:45:00,21885.9,21884.475,21892.0,21874.1,26.4747292,579295.385226275,green,35.1048797861
2023-02-12 12:06:00,21890.2,21887.949999999997,21892.0,21879.4,18.24725491,399326.899363231,red,34.8413743291
2023-02-12 12:27:00,21873.4,21869.35,21895.0,21835.6,83.98252675,1835637.626656928,red,35.3962103945
2023-02-12 12:48:00,21844.05,21838.350000000002,21859.5,21805.8,66.23272317,1445554.77627272,red,35.6726277855
2023-02-12 13:09:00,21811.85,21811.15,21836.0,21784.9,56.53315632,1232637.827094586,red,35.861880461
2023-02-12 13:30:00,21798.45,21790.525,21804.5,21760.7,55.59985141,1211464.535505948,green,36.1754135066
2023-02-12 13:51:00,21809.4,21810.25,21820.0,21802.2,27.65730767,603289.780059802,green,36.2515778327
2023-02-12 14:12:00,21837.25,21836.300000000003,21858.8,21811.9,25.68678891,560731.2868723749,green,35.887546062
2023-02-12 14:33:00,21886.45,21903.9,21991.6,21851.1,166.66329246,3654172.72737718,green,37.3624695745
2023-02-12 14:54:00,21919.0,21917.5,21945.0,21887.0,67.66936793,1482906.959592072,green,37.1680183631
2023-02-12 15:15:00,21928.55,21931.4,21975.7,21892.8,61.31420634,1344580.175659895,red,37.5877322589
2023-02-12 15:36:00,21923.699999999997,21920.024999999998,21929.0,21903.7,37.27721383,817004.760364584,red,37.7964631482
2023-02-12 15:57:00,21927.6,21937.375,21974.0,21920.3,94.38849004,2071628.306124635,green,38.6236125053
2023-02-12 16:18:00,21995.65,21998.625,22084.2,21919.0,215.0093117,4725800.470429328,green,40.6198150693
2023-02-12 16:39:00,22030.0,22033.25,22085.0,21988.0,109.74888181,2418352.746624766,red,41.4693944897
2023-02-12 17:00:00,22001.2,22012.2,22051.1,21995.3,46.71220708,1028729.550733719,red,41.5305791364
2023-02-12 17:21:00,22015.6,22019.5,22049.7,21997.1,68.58532545,1510583.29771169,green,41.9328256735
2023-02-12 17:42:00,22005.5,22002.85,22031.8,21968.6,44.70013628,983146.703533048,red,42.112733106700006
2023-02-12 18:03:00,21979.9,21975.800000000003,21990.3,21953.1,42.04158975,923736.655296568,green,42.1492526024
2023-02-12 18:24:00,21978.3,21973.525,21986.2,21951.3,35.32333887,776280.260211079,red,42.0486954919
2023-02-12 18:45:00,21972.9,21970.65,21978.8,21958.0,34.9193295,767201.85395942,red,42.1484189766
2023-02-12 19:06:00,21967.15,21957.875,21972.2,21925.0,44.13214444,968647.048878867,red,42.2192381024
2023-02-12 19:27:00,21992.199999999997,21993.649999999998,22030.7,21959.5,40.7966273,897028.5309552359,green,42.1975961584
2023-02-12 19:48:00,22022.4,22016.699999999997,22028.6,21993.4,36.92296946,812679.353333212,green,42.4220546332
2023-02-12 20:09:00,22007.9,22006.6,22022.5,21988.1,35.66711001,784591.375495592,red,42.4303480536
2023-02-12 20:30:00,21979.2,21979.050000000003,21996.9,21960.9,32.78029457,720345.416929759,red,42.55602249420001
2023-02-12 20:51:00,21955.95,21958.800000000003,21976.7,21946.6,33.05109557,725943.294548688,red,42.5350747068
2023-02-12 21:12:00,21923.65,21918.525,21946.9,21879.9,78.15060396,1712612.937941148,red,43.0991176245
2023-02-12 21:33:00,21802.5,21803.075,21905.3,21702.0,234.44060357,5109762.200307224,red,45.0021311312
2023-02-12 21:54:00,21707.300000000003,21700.6,21761.7,21626.1,231.60637677,5024429.822362581,green,47.20141472
2023-02-12 22:15:00,21759.6,21754.775,21820.3,21679.6,92.36665044,2008580.558595202,green,47.96502702510001
2023-02-12 22:36:00,21811.45,21806.324999999997,21821.8,21780.6,57.9779138,1264202.696241768,green,48.3825689704
2023-02-12 22:57:00,21798.75,21791.525,21831.0,21737.6,103.68537669,2257862.651731957,red,48.719021274300005
2023-02-12 23:18:00,21769.25,21762.925,21788.2,21725.0,72.71745962,1581743.714816418,red,48.50029142390001
2023-02-12 23:39:00,21766.25,21768.85,21796.9,21746.0,77.0539527,1677611.653891429,green,48.5782786554
2023-02-13 00:00:00,21761.5,21766.199999999997,21808.2,21733.6,72.89713975,1586709.65226846,red,49.0847510592
2023-02-13 00:21:00,21744.45,21737.35,21768.0,21692.5,74.04606293,1609358.261464349,green,49.4314747207
2023-02-13 00:42:00,21777.4,21790.525,21870.0,21737.3,131.53223234,2869887.658535223,green,50.5414827162
2023-02-13 01:03:00,21778.9,21768.15,21811.3,21703.5,78.9391938,1716571.102531743,red,50.97941463589999
2023-02-13 01:24:00,21756.75,21733.45,21764.9,21655.4,90.69958455,1970174.733141958,green,51.4644439452
2023-02-13 01:45:00,21734.1,21733.725,21772.0,21694.7,59.38274397,1289831.38830587,red,51.6081165621
2023-02-13 02:06:00,21706.75,21704.85,21735.8,21670.1,43.81280692,950839.356917789,green,51.7154456481
2023-02-13 02:27:00,21726.550000000003,21705.75,21752.7,21617.2,78.57707306,1704593.851490828,green,52.1915483208
2023-02-13 02:48:00,21756.7,21752.95,21768.0,21730.4,28.09593078,611182.6848507579,green,52.1620910202
2023-02-13 03:09:00,21776.35,21780.2,21817.9,21750.2,51.33349803,1118599.891811437,green,52.1461672467
2023-02-13 03:30:00,21790.8,21792.175,21809.8,21777.3,30.25471179,659447.7958137629,green,51.79787058280001
2023-02-13 03:51:00,21811.449999999997,21811.674999999996,21826.7,21797.1,36.78257298,802274.4623266531,green,51.9348855745
2023-02-13 04:12:00,21822.35,21825.8,21863.0,21795.5,79.27363547,1731084.461089373,red,52.4912890307
2023-02-13 04:33:00,21826.0,21825.625,21848.3,21802.2,47.690843220000005,1040937.328021261,green,52.5052665205
2023-02-13 04:54:00,21837.7,21839.1,21853.8,21827.2,33.97905325,742139.6795724509,green,52.6427900389
2023-02-13 05:15:00,21844.45,21839.425,21852.1,21816.7,33.76740915,737425.808184838,green,52.046306470400005
2023-02-13 05:36:00,21838.85,21841.875,21867.9,21821.9,24.52406367,535795.05748819,red,51.715795136100006
2023-02-13 05:57:00,21840.25,21838.725,21851.3,21823.1,20.14754026,439915.030333728,green,51.662398913
2023-02-13 06:18:00,21841.800000000003,21839.550000000003,21851.1,21823.5,30.44881352,665004.503953315,red,51.7748828201
2023-02-13 06:39:00,21829.0,21824.225,21834.2,21804.7,12.29571113,268335.258724665,red,51.743885791
2023-02-13 07:00:00,21843.800000000003,21842.1,21887.9,21792.9,42.49789663,928210.213428353,green,51.9588538176
2023-02-13 07:21:00,21857.75,21865.3,21894.0,21851.7,80.2213055,1754837.2283838862,red,52.3056126536
2023-02-13 07:42:00,21851.4,21853.0,21881.2,21828.0,87.01838363,1901960.000432057,red,52.9161722329
2023-02-13 08:03:00,21812.7,21813.925,21856.3,21774.0,85.96113576,1875967.17565554,red,53.539085496400006
2023-02-13 08:24:00,21740.6,21746.775,21802.8,21703.1,75.75410632,1648441.56057392,red,53.9756297915
2023-02-13 08:45:00,21728.6,21731.05,21762.9,21704.1,76.62351474,1664974.672920281,green,52.6291477422
2023-02-13 09:06:00,21634.050000000003,21625.475000000002,21752.5,21481.3,419.44938234,9054613.568219757,red,56.30173611149999
2023-02-13 09:27:00,21571.6,21572.199999999997,21630.0,21515.6,116.75378595,2517949.850491207,green,56.92765961610001
2023-02-13 09:48:00,21627.4,21620.625,21649.0,21578.7,143.16375513,3095838.2894953038,red,57.92191877890001
2023-02-13 10:09:00,21569.800000000003,21548.275,21628.6,21424.9,248.7679928,5356145.654186579,red,60.0448327888
2023-02-13 10:30:00,21548.85,21549.85,21592.1,21509.6,101.1098468,2179190.394554896,green,60.6223099334
2023-02-13 10:51:00,21585.55,21588.075,21615.0,21566.2,87.85105183,1896588.443466729,red,61.0812437505
2023-02-13 11:12:00,21600.15,21601.95,21637.0,21570.5,114.82905389,2480455.408993858,green,62.0942422158
2023-02-13 11:33:00,21613.15,21612.45,21630.7,21592.8,76.78848552,1659569.85141445,red,62.66403524220001
2023-02-13 11:54:00,21630.65,21623.75,21653.0,21580.7,88.02922136000001,1902279.88988861,green,63.2366715961
2023-02-13 12:15:00,21662.35,21666.125,21696.0,21643.8,102.21014274,2215435.998084597,green,64.0461658195
2023-02-13 12:36:00,21667.5,21669.0,21688.0,21653.0,57.90947229,1254788.683918639,red,64.4774800988
2023-02-13 12:57:00,21637.65,21640.2,21668.8,21616.7,68.95891975,1492672.889168419,red,64.8478417362
2023-02-13 13:18:00,21622.85,21622.9,21649.3,21596.6,68.53308774999999,1481874.28467363,green,65.2860307065
2023-02-13 13:39:00,21600.85,21602.425,21635.6,21572.4,74.59613949,1611485.305383998,red,65.8454524247
2023-02-13 14:00:00,21581.4,21585.925000000003,21610.8,21570.1,64.80775072,1399487.012435256,green,66.3664539477
2023-02-13 14:21:00,21622.8,21620.199999999997,21675.8,21559.4,168.52719903,3641683.661327925,green,67.8880865517
2023-02-13 14:42:00,21659.65,21657.125,21684.5,21624.7,167.42644571,3625708.08204692,green,69.3628185734
2023-02-13 15:03:00,21642.55,21635.0,21661.0,21593.9,103.89477143,2246511.623499172,red,70.2162617312
2023-02-13 15:24:00,21620.9,21627.9,21670.3,21599.5,106.68724705,2308206.685283706,red,70.9975243886
2023-02-13 15:45:00,21622.55,21607.1,21633.2,21550.1,181.84947803,3925719.068089134,green,72.5726894703
2023-02-13 16:06:00,21598.25,21601.85,21641.9,21569.0,102.21303354,2209100.806005567,red,73.4091742998
2023-02-13 16:27:00,21557.25,21522.65,21569.1,21407.0,273.6045255,5879187.971428084,red,75.9913879666
2023-02-13 16:48:00,21539.6,21537.175,21583.8,21485.7,161.18740157,3469052.961036581,red,77.44523164840001
2023-02-13 17:09:00,21505.1,21499.625,21533.3,21455.0,92.61669769,1990807.57479463,red,78.22877570370001
2023-02-13 17:30:00,21480.45,21475.625,21516.3,21425.3,172.37820965,3701715.079692669,green,79.7412569139
2023-02-13 17:51:00,21513.449999999997,21482.3,21550.0,21352.3,265.57341784,5698523.44399211,green,82.20612593079998
2023-02-13 18:12:00,21579.3,21578.775,21622.6,21533.9,132.66966221,2861509.447615213,green,83.34736892549999
2023-02-13 18:33:00,21638.5,21635.475,21674.5,21590.4,123.66105904,2674206.241819228,green,84.5011955322
2023-02-13 18:54:00,21636.2,21635.35,21659.0,21610.0,98.5814711,2133474.822400992,red,85.3245899761
2023-02-13 19:15:00,21607.0,21609.425,21642.5,21581.2,87.62297193,1894197.295320014,red,86.0675516215
2023-02-13 19:36:00,21595.25,21581.75,21600.5,21536.0,99.77919365,2151753.974170933,red,86.3356481462
2023-02-13 19:57:00,21603.35,21598.35,21627.3,21559.4,98.34557547,2124664.848742025,green,87.04505233030001
2023-02-13 20:18:00,21626.699999999997,21629.25,21661.0,21602.6,89.48828619,1935524.965289243,green,87.50766041290001
2023-02-13 20:39:00,21646.800000000003,21645.550000000003,21665.5,21623.1,100.57887289,2176671.419902989,green,87.3910336845
2023-02-13 21:00:00,21638.0,21639.5,21669.0,21613.0,53.54657702,1158743.028966516,red,87.19230044449999
2023-02-13 21:21:00,21607.300000000003,21608.125,21624.7,21593.2,32.29765061,697960.049309167,red,87.1210340806
2023-02-13 21:42:00,21601.699999999997,21601.85,21619.8,21584.2,33.93386257,733008.713507272,green,87.2665672223
2023-02-13 22:03:00,21606.0,21609.375,21621.8,21603.7,29.83582575,644799.406056736,red,86.9240548275
2023-02-13 22:24:00,21624.6,21625.175,21647.8,21603.7,42.50355739,919289.593473527,green,87.15234252650002
2023-02-13 22:45:00,21651.6,21653.175,21672.9,21636.6,68.59165299,1484902.020592165,green,87.5735117644
2023-02-13 23:06:00,21718.6,21715.8,21788.5,21637.5,246.11022027,5349409.640200529,green,89.85214141799999
2023-02-13 23:27:00,21788.9,21798.7,21840.0,21777.0,214.01461083,4666984.108758125,green,91.1524622588
2023-02-13 23:48:00,21774.550000000003,21776.175000000003,21815.2,21740.4,76.55387779,1667167.236931869,red,91.255673805
2023-02-14 00:09:00,21753.85,21766.025,21813.3,21743.1,69.29930804,1509239.267469292,green,91.3833353222
2023-02-14 00:30:00,21751.8,21755.5,21773.2,21745.2,24.52934171,533686.959815538,red,91.07263022520002
2023-02-14 00:51:00,21741.45,21742.925000000003,21760.7,21728.1,43.92438095,955153.658601004,red,91.23530095799998
2023-02-14 01:12:00,21713.55,21716.7,21746.7,21693.0,27.68876688,601420.945331596,red,91.2553207377
2023-02-14 01:33:00,21697.25,21699.75,21722.5,21682.0,66.75771962,1449069.100355159,green,90.2562650093
2023-02-14 01:54:00,21714.25,21716.325,21739.8,21697.0,36.12691932,784565.300944562,green,89.94084052320001
2023-02-14 02:15:00,21721.05,21720.875,21734.8,21706.6,22.19565254,482151.08207063697,red,89.54965498520001
2023-02-14 02:36:00,21721.1,21722.625,21736.5,21711.8,45.38775228,986033.782513485,green,89.6307603697
2023-02-14 02:57:00,21728.1,21728.9,21746.0,21713.4,27.11531506,589232.32376935,green,88.95802861990002
2023-02-14 03:18:00,21719.85,21717.125,21728.7,21700.1,15.39331213,334197.437454804,red,86.9618686242
2023-02-14 03:39:00,21704.1,21703.899999999998,21715.6,21691.8,21.87419552,474719.143905433,red,86.0831217613
2023-02-14 04:00:00,21699.9,21698.45,21705.9,21688.1,25.33157199,549611.771746574,green,85.86931541040002
2023-02-14 04:21:00,21713.449999999997,21715.625,21735.0,21700.6,53.32990942,1158378.648638582,green,85.7167612501
2023-02-14 04:42:00,21720.2,21717.25,21724.4,21704.2,14.55869071,316153.183439561,red,85.41534679440001
2023-02-14 05:03:00,21720.800000000003,21720.5,21735.1,21705.3,26.64926062,578936.304078236,green,85.26142350309999
2023-02-14 05:24:00,21719.55,21721.25,21732.6,21713.3,21.73448653,472159.504569925,red,85.1255349797
2023-02-14 05:45:00,21716.25,21715.875,21730.7,21700.3,26.79374345,581814.68808778,green,85.0442791192
2023-02-14 06:06:00,21734.7,21739.1,21768.3,21718.7,42.23891704,918747.259508598,green,85.0253468452
2023-02-14 06:27:00,21746.0,21742.05,21750.2,21726.0,35.53778437,772497.257868563,red,84.9727584159
2023-02-14 06:48:00,21745.85,21747.925,21758.3,21741.7,28.27928442,614989.504770312,green,84.8863215655
2023-02-14 07:09:00,21751.05,21751.125,21762.4,21740.0,38.72221486,842233.576673155,green,84.91687261399998
2023-02-14 07:30:00,21755.199999999997,21760.675,21786.0,21746.3,36.94450847,804287.163230364,green,84.958514753
2023-02-14 07:51:00,21743.5,21742.975,21769.9,21715.0,27.3749757,595323.686465371,red,84.9017535543
2023-02-14 08:12:00,21718.6,21719.6,21737.8,21703.4,54.09297978,1174815.5915923151,red,84.6611773125
2023-02-14 08:33:00,21710.9,21702.575,21715.8,21672.7,51.85284276,1124839.033854624,green,82.83529970439999
2023-02-14 08:54:00,21708.35,21709.075,21735.4,21684.2,59.86879023,1299489.392088985,red,81.117923839
2023-02-14 09:15:00,21708.7,21707.75,21717.2,21696.4,25.32183654,549673.4496111381,green,80.4474757
2023-02-14 09:36:00,21767.1,21779.85,21871.3,21713.9,111.00275866,2420349.309352147,green,80.9777241486
2023-02-14 09:57:00,21808.4,21809.725000000002,21835.8,21786.3,61.3526159,1338439.174930347,red,80.5543965407
2023-02-14 10:18:00,21811.85,21811.975,21838.3,21785.9,34.35232048,749445.942204816,green,80.1707451493
2023-02-14 10:39:00,21817.4,21815.2,21836.2,21789.8,74.75433968,1630356.61371753,red,80.1477490191
2023-02-14 11:00:00,21801.9,21798.75,21815.2,21776.0,52.49908949,1144136.78367084,red,79.9437685165
2023-02-14 11:21:00,21798.699999999997,21799.649999999998,21815.5,21785.7,29.43536824,641762.34025164,green,79.4976615696
2023-02-14 11:42:00,21805.4,21803.475,21811.7,21791.4,29.56634045,644519.904788848,green,78.4780026507
2023-02-14 12:03:00,21817.6,21817.325,21837.3,21796.8,53.65179408,1170711.955313012,green,78.2251286535
2023-02-14 12:24:00,21828.95,21831.025,21855.5,21810.7,68.5262108,1496304.07688963,green,78.00339491599999
2023-02-14 12:45:00,21856.050000000003,21859.15,21891.7,21832.8,88.56148189,1936301.134427568,green,78.29518229520001
2023-02-14 13:06:00,21848.65,21842.05,21880.7,21790.2,113.71364489,2482730.854304908,red,78.9941906749
2023-02-14 13:27:00,21780.6,21744.65,21897.0,21520.4,717.50373586,15573900.516499387,red,85.38345730290001
2023-02-14 13:48:00,21697.0,21707.025,21783.8,21650.3,112.61735871,2446282.254061422,red,86.22867158220001
2023-02-14 14:09:00,21628.550000000003,21636.575,21690.1,21599.1,126.11662013,2730200.602981663,red,86.9765028032
2023-02-14 14:30:00,21854.15,21850.35,22121.0,21572.1,507.14661352,11059499.954008406,green,91.7454218205
2023-02-14 14:51:00,22188.95,22169.75,22315.0,21986.1,605.19781005,13413187.091299752,green,97.4295741912
2023-02-14 15:12:00,22206.85,22207.625,22304.8,22112.0,223.88104313,4976452.373241392,red,98.8756482678
2023-02-14 15:33:00,22052.25,22019.800000000003,22136.3,21838.4,277.05229858,6092597.518394314,red,101.1692628214
2023-02-14 15:54:00,21998.4,22016.475,22131.0,21938.1,256.93260388,5668469.182818533,green,103.3987983277
2023-02-14 16:15:00,22019.05,22019.8,22092.1,21949.0,128.32420043,2825262.16038756,red,104.3443662405
2023-02-14 16:36:00,21993.75,21981.699999999997,22015.2,21924.1,122.53900553,2692439.730974663,red,105.3245156591
2023-02-14 16:57:00,22002.15,22010.7,22073.7,21964.8,132.32670485,2915032.249278178,green,106.446307305
2023-02-14 17:18:00,22037.1,22041.75,22081.0,22011.8,72.3764585,1595569.857050844,green,106.8655837548
2023-02-14 17:39:00,22049.75,22042.35,22068.5,22001.4,63.98819888,1410223.679598714,green,107.3825086323
2023-02-14 18:00:00,22090.7,22100.425,22172.0,22048.3,214.3112735,4741879.172947787,green,109.100642401
2023-02-14 18:21:00,22120.800000000003,22120.95,22139.9,22102.3,93.89869487,2076752.705221488,red,109.2374162947
2023-02-14 18:42:00,22114.050000000003,22110.925,22129.9,22085.7,79.65776223,1761258.337612702,green,109.1638100807
2023-02-14 19:03:00,22131.5,22126.55,22175.0,22068.2,123.45135939,2730411.301051857,green,109.538712317
2023-02-14 19:24:00,22177.25,22182.85,22230.8,22146.1,163.36015101,3625829.245764373,green,110.4147727639
2023-02-14 19:45:00,22195.4,22202.500000000004,22237.9,22181.3,90.34885043,2006484.162674342,red,110.5520261208
2023-02-14 20:06:00,22197.0,22196.725,22221.9,22171.0,70.1814155,1557179.710999858,green,107.0593464524
2023-02-14 20:27:00,22215.25,22210.625,22224.2,22187.8,160.53628758,3564826.4807374068,red,107.49717146870002
2023-02-14 20:48:00,22170.1,22177.825,22251.9,22119.2,147.03111236,3263651.77248815,red,107.535845041
2023-02-14 21:09:00,22184.2,22192.275,22275.8,22124.9,135.55966608,3010175.626957101,green,106.4037617738
2023-02-14 21:30:00,22236.45,22225.475,22244.5,22184.5,62.16117757,1380694.234921629,red,106.0142750815
2023-02-14 21:51:00,22228.45,22234.45,22255.2,22225.7,59.70352658,1327837.871419419,red,105.73279982900002
2023-02-14 22:12:00,22218.15,22216.925000000003,22231.0,22200.4,37.81859383,840067.150614058,red,104.9626952284
2023-02-14 22:33:00,22183.85,22181.999999999996,22209.1,22151.2,30.64201195,679728.497361651,red,104.5012304927
2023-02-14 22:54:00,22199.35,22202.8,22254.0,22158.5,56.02971621,1244745.120505162,green,104.1812354412
2023-02-14 23:15:00,22236.95,22233.350000000002,22246.7,22212.8,39.49316839,877901.787956816,red,103.5540656977
2023-02-14 23:36:00,22216.699999999997,22216.65,22233.6,22199.6,24.33582875,540647.725538262,red,103.21832926230002
2023-02-14 23:57:00,22185.05,22180.824999999997,22202.1,22151.1,65.54669806999999,1453791.077117411,red,103.1842070455
2023-02-15 00:18:00,22157.050000000003,22153.175000000003,22187.5,22111.1,62.25550177,1379083.410094157,red,103.1214311857
2023-02-15 00:39:00,22145.85,22142.6,22153.8,22124.9,46.64836196,1032857.813604096,green,102.8419534104
2023-02-15 01:00:00,22140.55,22143.199999999997,22166.8,22124.9,36.04354419,798162.1342239201,red,102.5543113451
2023-02-15 01:21:00,22135.45,22137.7,22156.4,22123.5,24.06270343,532743.943811799,green,101.1096663891
2023-02-15 01:42:00,22123.25,22116.800000000003,22137.3,22083.4,54.00543519,1194063.365808374,red,99.9754562839
2023-02-15 02:03:00,22107.300000000003,22109.125,22124.9,22097.0,26.57827415,587708.905616869,red,99.2022913111
2023-02-15 02:24:00,22091.9,22091.725000000002,22102.8,22080.3,16.13771783,356567.800939592,red,98.2967960189
2023-02-15 02:45:00,22087.5,22080.275,22096.0,22050.1,47.74504894,1053804.294206568,green,96.955751728
2023-02-15 03:06:00,22095.65,22098.725,22133.5,22070.1,54.21493102,1198485.16544194,green,96.4757707028
2023-02-15 03:27:00,22093.25,22094.625,22111.6,22080.4,26.76313308,591311.53613906,red,94.0073567786
2023-02-15 03:48:00,22092.85,22096.274999999998,22115.1,22084.3,30.66751744,677722.729231896,green,92.70215793730002
2023-02-15 04:09:00,22102.0,22103.375,22114.8,22094.7,21.86352356,483294.292932591,green,91.994626196
2023-02-15 04:30:00,22108.6,22108.625,22116.7,22100.6,14.4492131,319466.080045165,green,90.41533623050002
2023-02-15 04:51:00,22104.85,22100.9,22118.9,22075.0,24.75602821,547041.944952769,red,88.0071623342
2023-02-15 05:12:00,22103.6,22099.65,22107.3,22084.1,20.75231011,458496.888558419,green,86.88798881320001
2023-02-15 05:33:00,22111.75,22119.275,22146.6,22107.0,31.55828554,698361.72564124,green,85.9669610782
2023-02-15 05:54:00,22135.300000000003,22135.850000000002,22157.0,22115.8,31.62325598,699970.5464600651,green,85.29737892700001
2023-02-15 06:15:00,22139.3,22138.725,22152.1,22124.2,20.34507557,450365.841693863,red,84.6245999634
2023-02-15 06:36:00,22120.05,22120.1,22131.2,22109.1,38.70662466,856281.183866313,red,84.01387427350001
2023-02-15 06:57:00,22125.8,22126.4,22140.5,22113.5,13.00515438,287768.910187545,green,83.16047006260001
2023-02-15 07:18:00,22131.85,22137.925000000003,22170.4,22117.6,63.82614441,1413706.828843947,red,82.90384864480001
2023-02-15 07:39:00,22117.75,22116.0,22131.2,22097.3,35.455440010000004,784228.102387785,red,82.252614316
2023-02-15 08:00:00,22118.4,22114.925000000003,22127.0,22095.9,32.86459214,726524.12969273,green,82.0457944672
2023-02-15 08:21:00,22108.5,22109.075,22129.3,22090.0,24.40626648,539745.337881477,red,81.96688062590002
2023-02-15 08:42:00,22093.85,22095.1,22102.7,22090.0,38.33150824,846946.888668099,green,82.0108570826
2023-02-15 09:03:00,22098.35,22101.55,22117.2,22092.3,34.06873776,752988.453745019,green,82.0531862027
2023-02-15 09:24:00,22114.35,22114.775,22131.3,22099.1,28.77178064,636444.058414367,green,81.9158684352
2023-02-15 09:45:00,22142.9,22151.575000000004,22190.9,22129.6,58.32749709,1292327.391028953,green,81.8132268762
2023-02-15 10:06:00,22167.2,22164.5,22178.3,22145.3,21.02828597,465882.234880513,green,79.5624075332
2023-02-15 10:27:00,22202.6,22203.074999999997,22243.7,22163.4,66.32498799,1472975.821502868,green,78.08551130480001
2023-02-15 10:48:00,22231.7,22239.95,22269.9,22226.5,100.31171286,2231355.983926501,green,78.32308965550001
2023-02-15 11:09:00,22236.2,22235.725,22248.1,22222.4,40.13303491,892339.203245145,red,78.0314269242
2023-02-15 11:30:00,22350.1,22355.9,22488.0,22235.4,346.48098842,7756125.903818783,green,81.25094339130001
2023-02-15 11:51:00,22562.449999999997,22550.774999999998,22661.4,22416.8,327.42070708,7378591.361900765,green,84.0859066526
2023-02-15 12:12:00,22729.3,22750.125,22900.0,22641.9,279.18282263,6354160.411792195,green,86.6008472101
2023-02-15 12:33:00,22774.2,22781.45,22831.9,22745.5,134.85235416,3071932.52652163,red,87.2817935555
2023-02-15 12:54:00,22716.4,22723.575,22780.8,22680.7,115.03789114,2615990.912295211,red,88.07090327370001
2023-02-15 13:15:00,22694.25,22707.25,22771.2,22669.3,191.81531025,4357520.717494491,green,89.76709985080001
2023-02-15 13:36:00,22710.1,22718.875,22766.0,22689.3,130.96519044,2976906.560256567,green,90.6228742324
2023-02-15 13:57:00,22689.4,22687.625000000004,22718.4,22653.3,94.86166941,2152779.125053351,red,91.3003377759
2023-02-15 14:18:00,22689.95,22687.025,22747.9,22620.3,100.56919137,2282243.397737099,green,92.1520965683
2023-02-15 14:39:00,22699.550000000003,22706.550000000003,22792.1,22635.0,130.22540331,2957764.581475794,red,93.2356086462
2023-02-15 15:00:00,22717.6,22715.824999999997,22765.2,22662.9,129.7183458,2946216.295322452,green,94.2794763843
2023-02-15 15:21:00,22769.8,22771.85,22816.7,22731.1,131.20813669999998,2988879.823876508,green,95.0582586571
2023-02-15 15:42:00,22791.75,22794.15,22878.0,22715.1,143.33895006,3268502.150085091,green,96.34606125060002
2023-02-15 16:03:00,22792.35,22821.824999999997,22937.0,22765.6,191.29172494,4370398.427245007,red,97.9924858938
2023-02-15 16:24:00,22792.55,22793.725000000002,22842.0,22747.8,95.48647778,2175462.977848814,green,98.7300058063
2023-02-15 16:45:00,22790.7,22787.225,22807.3,22760.2,71.82553216,1636138.332071519,red,99.1803236934
2023-02-15 17:06:00,22797.0,22787.775,22811.1,22746.0,81.45568053,1855600.98585897,green,99.5724913283
2023-02-15 17:27:00,22811.65,22806.675000000003,22830.0,22773.4,75.18400711,1714229.223138699,green,99.9689535557
2023-02-15 17:48:00,22799.949999999997,22799.199999999997,22822.7,22774.2,45.94163845,1047469.697860763,red,100.145577096
2023-02-15 18:09:00,22829.85,22831.65,22880.9,22786.0,70.36799266,1607015.764553364,green,100.462034874
2023-02-15 18:30:00,22904.7,22922.3,23044.8,22835.0,261.83465573,6006532.502288111,green,102.7109363466
2023-02-15 18:51:00,23029.6,23031.199999999997,23150.0,22915.6,208.09756476,4792412.879253995,green,104.5181622372
2023-02-15 19:12:00,23217.25,23221.775,23344.8,23107.8,369.27601856,8572178.216431987,green,107.669992625
2023-02-15 19:33:00,23292.5,23290.300000000003,23330.3,23245.9,201.12061909,4682705.537934233,red,109.1626703883
2023-02-15 19:54:00,23450.1,23475.125,23734.2,23266.1,544.03600525,12787967.848657882,green,114.00434253849998
2023-02-15 20:15:00,23877.3,23922.85,24307.8,23629.0,787.83482109,18874331.692374103,green,121.629472384
2023-02-15 20:36:00,24107.15,24086.9,24180.2,23953.1,410.39983245,9879010.343946334,red,124.6234431219
2023-02-15 20:57:00,24078.7,24092.1,24200.0,24011.0,351.09578626,8464683.870485287,red,127.5208748255
2023-02-15 21:18:00,24083.1,24124.3,24264.0,24067.0,292.6886051,7064453.8881263,green,130.1042376717
2023-02-15 21:39:00,24135.85,24129.675,24186.0,24061.0,116.78677849,2816557.249408324,green,130.52456205980002
2023-02-15 22:00:00,24241.05,24251.45,24377.4,24146.3,245.0998645,5947436.724836108,green,132.4505698099
2023-02-15 22:21:00,24289.45,24284.125,24313.6,24244.0,92.07353452,2234920.937489007,red,133.0769514727
2023-02-15 22:42:00,24223.1,24215.75,24304.4,24112.4,134.9927959,3271356.503743074,red,134.1312160272
2023-02-15 23:03:00,24230.699999999997,24240.774999999998,24339.9,24161.8,124.95606123,3030489.676289804,green,134.8442586987
2023-02-15 23:24:00,24283.7,24281.8,24315.0,24244.8,71.65771891,1740678.262584403,red,134.8755737798
2023-02-15 23:45:00,24318.1,24334.475,24421.2,24280.5,198.50865979,4831185.553559192,green,135.9750455588
2023-02-16 00:06:00,24580.55,24603.2,24900.0,24351.7,537.51298947,13263443.254335586,green,140.2130390046
2023-02-16 00:27:00,24707.0,24702.475,24819.3,24576.6,274.51850201,6778504.587059367,red,135.78318666610002
2023-02-16 00:48:00,24630.25,24621.800000000003,24662.3,24564.4,178.02073619,4379688.4693843685,green,136.4372204409
2023-02-16 01:09:00,24635.75,24632.375,24679.0,24579.0,115.23238582,2838778.677502724,red,136.3283780978
2023-02-16 01:30:00,24603.800000000003,24609.275,24651.0,24578.5,79.24703526,1950101.612451613,red,132.0493823152
2023-02-16 01:51:00,24604.35,24607.525,24654.0,24567.4,94.90695429,2335348.8398505813,green,126.9464737576
2023-02-16 02:12:00,24656.35,24657.675000000003,24697.4,24620.6,78.59889577,1937919.805827026,green,125.493652284
2023-02-16 02:33:00,24696.4,24701.475000000002,24741.9,24671.2,103.44437447,2555290.554542135,green,123.7575730429
2023-02-16 02:54:00,24714.1,24715.625,24751.9,24682.4,61.44144326,1518622.370460028,green,121.8026614367
2023-02-16 03:15:00,24718.15,24706.525,24727.4,24662.4,58.85186924,1453038.862415842,red,121.1079381248
2023-02-16 03:36:00,24716.75,24718.125,24734.8,24704.2,40.32278694,996629.168325689,green,120.2857759389
2023-02-16 03:57:00,24690.6,24692.199999999997,24750.0,24637.6,87.3785507,2157209.825469484,red,119.8362943974
2023-02-16 04:18:00,24669.35,24673.524999999998,24714.1,24641.3,81.99745493,2023494.44205434,green,119.9325043617
2023-02-16 04:39:00,24658.45,24658.45,24681.9,24635.0,57.87286003,1427141.566591517,red,119.8713509732
2023-02-16 05:00:00,24641.4,24636.375,24656.2,24606.5,69.18995367,1704267.041984662,green,118.4201377749
2023-02-16 05:21:00,24666.35,24672.925,24710.8,24648.2,53.05106394,1309329.377458158,green,118.0116614656
2023-02-16 05:42:00,24677.15,24677.300000000003,24694.9,24660.0,34.52476458,851976.885929172,red,117.5603314891
2023-02-16 06:03:00,24694.35,24687.375,24719.4,24641.4,75.6283974,1865889.433447643,green,117.0821018692
2023-02-16 06:24:00,24698.25,24700.975,24729.8,24677.6,38.95075851,962572.120177547,red,115.8380079442
2023-02-16 06:45:00,24590.449999999997,24575.199999999997,24712.0,24407.9,177.52470972,4359748.296064387,red,116.7097665371
2023-02-16 07:06:00,24510.3,24521.9,24628.0,24439.0,162.9357027,3998071.0577293728,green,117.6373094091
2023-02-16 07:27:00,24535.9,24545.375,24597.7,24512.0,56.44203824,1386291.69492996,green,116.5963669157
2023-02-16 07:48:00,24560.65,24569.725,24609.7,24547.9,75.79898353,1863715.312462344,green,115.88404562739998
2023-02-16 08:09:00,24600.4,24601.675000000003,24639.0,24566.9,44.87814377,1104482.9681443549,green,114.9772304043
2023-02-16 08:30:00,24630.35,24632.25,24655.0,24613.3,32.46976231,799943.224166429,red,114.6803162517
2023-02-16 08:51:00,24599.0,24597.375,24635.0,24556.5,53.64020657,1318833.061874674,red,114.6196830516
2023-02-16 09:12:00,24594.5,24592.375,24621.3,24559.2,28.89799975,710861.586057867,green,114.5304771108
2023-02-16 09:33:00,24623.75,24620.574999999997,24633.7,24601.1,31.33361477,771271.00137074,green,114.537393139
2023-02-16 09:54:00,24627.15,24615.325,24650.7,24556.3,181.72222352,4472621.106037679,red,115.7943182121
2023-02-16 10:15:00,24620.550000000003,24619.825,24642.5,24595.7,83.4965095,2055538.909935551,red,116.2343516232
2023-02-16 10:36:00,24618.5,24621.225,24635.4,24612.5,26.19116608,644869.918219037,green,116.2529049965
2023-02-16 10:57:00,24588.15,24585.675000000003,24620.3,24546.1,62.98978473,1548536.988859996,red,116.2273358631
2023-02-16 11:18:00,24547.0,24548.25,24582.3,24516.7,58.12924245,1427679.41791815,red,116.1860732699
2023-02-16 11:39:00,24551.95,24545.85,24571.1,24508.4,51.38288987,1260435.136390037,green,116.233418549
2023-02-16 12:00:00,24550.550000000003,24530.875,24569.7,24452.7,80.81654443000001,1980307.470969692,red,116.6811485514
2023-02-16 12:21:00,24539.0,24533.925000000003,24553.1,24504.6,55.27744903,1356074.937354997,green,116.9932960074
2023-02-16 12:42:00,24570.4,24573.2,24609.2,24542.8,48.21682068,1184976.0169302751,green,116.9354098623
2023-02-16 13:03:00,24574.95,24577.65,24610.3,24550.4,70.62850444,1736303.216449858,red,117.3759121652
2023-02-16 13:24:00,24536.15,24544.4,24667.8,24437.5,224.4733035,5511029.295797729,red,119.4592680219
2023-02-16 13:45:00,24450.5,24439.824999999997,24522.2,24336.1,243.28626144,5940160.795978187,red,121.4146801469
2023-02-16 14:06:00,24385.7,24405.65,24491.1,24360.1,142.60004927,3482275.479744054,green,122.2985313294
2023-02-16 14:27:00,24393.15,24379.775,24440.9,24291.9,181.27979255,4417110.354029832,green,123.8436979241
2023-02-16 14:48:00,24432.9,24430.55,24477.1,24379.3,113.35451904,2768526.698441509,green,124.6705679401
2023-02-16 15:09:00,24505.75,24520.425,24615.0,24455.2,268.83229799,6599371.227545932,green,127.14025568440002
2023-02-16 15:30:00,24724.15,24734.6,24958.5,24531.6,336.0078292,8328226.8422007635,green,130.35584184540002
2023-02-16 15:51:00,24797.15,24860.225,25253.0,24593.6,951.67044546,23771708.51244787,red,139.6249860179
2023-02-16 16:12:00,24831.1,24824.574999999997,24975.1,24661.0,312.19427753,7741739.72833369,green,142.53940569210002
2023-02-16 16:33:00,24957.45,24947.300000000003,25043.9,24830.4,221.92994838,5534454.546671063,red,144.44312232049998
2023-02-16 16:54:00,24910.699999999997,24912.149999999998,25010.0,24817.2,137.74528972,3429668.848464292,red,145.5043426579
2023-02-16 17:15:00,24897.699999999997,24877.625,24945.2,24769.9,92.03694146,2285894.263506397,green,146.2212613168
2023-02-16 17:36:00,24917.85,24920.25,24958.0,24887.3,54.63223112,1361423.664715018,red,146.3805173814
2023-02-16 17:57:00,24900.35,24898.725,24938.5,24855.7,68.34770493,1702081.013630873,red,146.9339428869
2023-02-16 18:18:00,24936.1,24931.324999999997,24988.0,24865.1,192.87263047,4802529.849361693,green,148.22440774749998
2023-02-16 18:39:00,24972.95,24974.925,25024.8,24929.0,74.79616256,1868387.44872,red,148.617814973
2023-02-16 19:00:00,24936.85,24941.949999999997,24989.1,24905.0,45.78113454,1142324.105791131,red,148.74698039700002
2023-02-16 19:21:00,24881.5,24878.65,24916.6,24835.0,46.69690172,1161531.3555917009,red,148.9698867494
2023-02-16 19:42:00,24843.0,24854.55,24905.2,24827.0,60.70843558,1509803.238538081,red,149.1936560228
2023-02-16 20:03:00,24746.5,24744.0,24839.2,24643.8,148.55396638,3674885.766550347,red,150.33850830900002
2023-02-16 20:24:00,24605.7,24573.35,24669.3,24412.7,250.82727619,6153575.124053959,red,152.5590632645
2023-02-16 20:45:00,24522.15,24533.425000000003,24612.5,24476.9,142.07740185,3485237.377523423,red,153.3965623121
2023-02-16 21:06:00,24496.35,24511.425,24620.0,24433.0,162.41983657,3985776.869172248,green,154.8104778181
2023-02-16 21:27:00,24501.15,24477.4,24542.7,24364.6,127.67864588,3123361.611144527,green,155.42401439699998
2023-02-16 21:48:00,24509.9,24509.0,24548.2,24468.0,55.76408399,1366945.48049344,green,154.9785381083
2023-02-16 22:09:00,24433.800000000003,24430.325,24528.7,24325.0,83.91233707,2046290.6125485369,red,155.41633112990002
2023-02-16 22:30:00,24230.15,24202.875,24351.2,24000.0,309.2399961,7460519.285461212,red,155.0439212067
2023-02-16 22:51:00,24078.800000000003,24046.375,24138.4,23889.5,197.34308016,4739299.783066452,red,153.7431449375
2023-02-16 23:12:00,23955.8,23953.15,24076.2,23824.8,216.26676582,5177294.551484526,red,153.1139843694
2023-02-16 23:33:00,23687.9,23693.475,23884.1,23514.0,389.17631365,9226248.66147456,red,155.6572239643
2023-02-16 23:54:00,23523.85,23521.15,23693.3,23343.6,477.21549547,11227854.90859465,green,159.27900000760002
2023-02-17 00:15:00,23626.9,23629.475,23752.6,23511.5,137.86890919,3260367.2925961213,green,158.739535997
2023-02-17 00:36:00,23717.65,23716.7,23776.0,23655.5,108.06465118,2564063.698276511,red,158.5105306044
2023-02-17 00:57:00,23725.05,23714.35,23759.1,23648.2,67.29385301,1595472.452375196,green,158.2348524404
2023-02-17 01:18:00,23740.25,23735.324999999997,23771.4,23689.4,62.86075618,1491830.298894168,green,157.8577680885
2023-02-17 01:39:00,23793.8,23786.175000000003,23849.2,23707.9,100.65720531,2393577.547168327,green,157.5620861085
2023-02-17 02:00:00,23829.6,23814.824999999997,23844.7,23755.4,102.16141915,2431181.934228823,red,157.286516842
2023-02-17 02:21:00,23831.0,23831.0,23850.0,23812.0,47.57831522,1134148.11567072,green,156.4502186272
2023-02-17 02:42:00,23816.6,23811.025,23850.0,23760.9,41.65529131,992124.651809367,red,155.43338203969998
2023-02-17 03:03:00,23809.1,23813.0,23851.9,23781.9,29.80388916,710039.937297439,green,153.8185036819
2023-02-17 03:24:00,23838.5,23854.975,23910.7,23832.2,63.1300284,1506930.064545278,green,153.4949391881
2023-02-17 03:45:00,23844.199999999997,23849.45,23875.6,23833.8,42.99426594,1025336.346221509,red,153.2066265259
2023-02-17 04:06:00,23815.75,23821.15,23880.3,23772.8,55.38239329,1319028.592730504,red,152.94589365349998
2023-02-17 04:27:00,23775.35,23773.45,23818.8,23724.3,49.49113324,1176502.696556673,red,152.6889649148
2023-02-17 04:48:00,23765.95,23775.1,23813.3,23755.2,41.62038492,990050.538259963,green,152.64575237949998
2023-02-17 05:09:00,23747.9,23745.675000000003,23767.0,23719.9,27.56977172,654540.189642719,red,152.21777017009998
2023-02-17 05:30:00,23736.55,23733.175,23762.1,23697.5,35.73051077,848025.5964071561,green,149.95672872050002
2023-02-17 05:51:00,23741.5,23727.725,23744.3,23683.6,42.72415408,1013101.784370421,red,148.30299461369998
2023-02-17 06:12:00,23727.95,23724.6,23755.0,23687.5,24.05369432,570626.300451163,red,144.8507713713
2023-02-17 06:33:00,23685.75,23683.1,23716.9,23644.0,52.10254602,1233701.911445502,red,143.3605906406
2023-02-17 06:54:00,23701.25,23695.350000000002,23764.1,23614.8,44.39870885,1052452.766436517,green,138.3642176766
2023-02-17 07:15:00,23751.800000000003,23752.9,23781.0,23727.0,33.33804496,792024.235242081,green,130.81924991530002
2023-02-17 07:36:00,23708.35,23707.6,23755.7,23658.0,30.24950081,716992.125948292,red,127.0177465989
2023-02-17 07:57:00,23660.15,23649.1,23689.1,23587.0,67.972712,1606679.975502591,red,124.1865158563
2023-02-17 08:18:00,23653.25,23632.0,23682.9,23538.6,116.16667403,2741941.363943156,red,122.4212965456
2023-02-17 08:39:00,23725.5,23724.550000000003,23812.6,23634.6,81.14234729,1923449.164817547,green,122.0648522336
2023-02-17 09:00:00,23771.25,23783.925000000003,23859.8,23733.4,126.55958394,3011043.426599225,red,120.879449428
2023-02-17 09:21:00,23747.45,23758.225,23807.0,23731.0,44.71820117,1062880.694250113,green,120.4058960945
2023-02-17 09:42:00,23741.6,23740.475,23763.7,23715.0,43.77830242,1039088.704894297,red,119.4937511597
2023-02-17 10:03:00,23723.35,23715.7,23738.3,23677.8,56.80613246,1346817.422990852,green,118.812251872
2023-02-17 10:24:00,23752.75,23753.2,23784.0,23723.3,32.42551128,770181.643479232,green,118.4199297957
2023-02-17 10:45:00,23774.5,23767.725,23782.4,23739.5,38.62055944,917694.263456634,red,116.8210487922
2023-02-17 11:06:00,23785.65,23779.074999999997,23806.6,23738.4,31.79312581,755666.436383179,green,111.7638501556
2023-02-17 11:27:00,23806.9,23808.800000000003,23838.0,23783.4,66.11180548,1574246.819174507,green,109.6797831903
2023-02-17 11:48:00,23808.449999999997,23799.825,23816.1,23766.3,40.04453336,952782.339987286,green,108.300021162
2023-02-17 12:09:00,23813.65,23810.725000000002,23834.4,23781.2,32.00802888,762154.450334199,green,107.46777759260002
2023-02-17 12:30:00,23843.75,23851.475,23909.5,23808.9,77.16723356,1841071.925481154,green,107.4469795756
2023-02-17 12:51:00,23875.4,23868.950000000004,23885.4,23839.6,48.34582891,1153949.470797574,green,106.9813683218
2023-02-17 13:12:00,23841.15,23835.25,23883.6,23775.1,68.77050156,1638251.756205672,red,106.8830843797
2023-02-17 13:33:00,23777.8,23772.0,23812.7,23719.7,192.73913609,4582884.586912693,red,107.7760319959
2023-02-17 13:54:00,23792.9,23803.375000000004,23876.4,23751.3,260.97388505,6209442.013985893,green,109.7713564138
2023-02-17 14:15:00,24012.35,24012.1,24199.0,23824.7,364.30397183,8729378.77719668,green,112.8258774397
2023-02-17 14:36:00,24009.9,23993.200000000004,24251.9,23701.1,516.09899591,12388622.726713046,red,117.5836395294
2023-02-17 14:57:00,23923.15,23937.5,24117.0,23786.7,225.13164638,5396326.471170945,green,118.9611704862
2023-02-17 15:18:00,24056.55,24082.5,24208.4,24008.5,180.48690425,4349671.811993972,green,119.9460649794
2023-02-17 15:39:00,24116.15,24150.725,24280.0,24090.6,261.42684561,6317288.018960682,green,121.9816048352
2023-02-17 16:00:00,24101.949999999997,24146.875,24322.0,24061.6,226.40752676,5480464.986479251,red,123.55378056610002
2023-02-17 16:21:00,24079.8,24041.725,24087.2,23920.1,166.42707227,3996603.233748251,green,124.6875406494
2023-02-17 16:42:00,24106.5,24105.25,24184.0,24024.0,119.4579433,2880225.402699535,green,125.5368724366
2023-02-17 17:03:00,24254.45,24272.850000000002,24486.7,24095.8,340.1977545,8276039.535914008,green,128.1825660076
2023-02-17 17:24:00,24398.5,24416.625,24517.2,24352.3,221.75725952,5421322.946671804,green,130.0106310177
2023-02-17 17:45:00,24374.25,24360.35,24443.8,24249.1,133.46747445,3247780.541165428,red,129.570058665
2023-02-17 18:06:00,24323.75,24342.324999999997,24412.4,24309.4,87.11185638,2121835.366562941,red,128.8118202018
2023-02-17 18:27:00,24340.35,24323.45,24382.3,24230.8,98.76020252,2400863.5641190093,green,129.2350018446
2023-02-17 18:48:00,24346.75,24350.775,24383.0,24326.6,54.61895019,1330135.602566259,red,129.0232015112
2023-02-17 19:09:00,24355.75,24346.975,24435.2,24241.2,110.37690298,2687524.196956157,green,129.6781891033
2023-02-17 19:30:00,24447.949999999997,24458.899999999998,24554.9,24384.8,134.37350955,3290656.065804795,green,130.6972265757
2023-02-17 19:51:00,24682.3,24705.725000000002,24955.0,24503.3,412.85304873,10208633.393909408,green,134.2893549973
2023-02-17 20:12:00,24875.85,24897.475,25016.5,24821.7,506.65168756,12630565.526275275,green,139.0668918754
2023-02-17 20:33:00,24825.0,24822.9,24906.3,24735.3,235.36473312,5839317.487218761,red,141.10720305889998
2023-02-17 20:54:00,24769.4,24775.625,24828.7,24735.0,89.26603492,2212273.797603379,green,140.1826411729
2023-02-17 21:15:00,24738.65,24723.25,24783.1,24632.6,139.65402596,3451228.665156851,red,140.7442163375
2023-02-17 21:36:00,24650.45,24648.35,24703.8,24588.7,102.09613363,2516454.977572089,red,141.503266013
2023-02-17 21:57:00,24458.449999999997,24398.8,24619.6,24058.7,573.76488273,13950093.3674863,red,146.61101699300002
2023-02-17 22:18:00,24435.05,24430.725,24582.7,24270.1,256.24072588,6252203.537967497,green,148.5921318273
2023-02-17 22:39:00,24621.15,24612.325,24734.3,24472.7,178.22949015,4385594.024573048,green,149.8605978301
2023-02-17 23:00:00,24649.35,24652.625,24740.7,24571.1,116.14565022,2862069.89003556,red,150.213888888
2023-02-17 23:21:00,24637.75,24620.175,24672.0,24533.2,67.92048688,1671985.660019553,green,150.3403192665
2023-02-17 23:42:00,24600.25,24597.975,24675.5,24515.9,86.18437499,2119341.217296893,red,150.7199948096
2023-02-18 00:03:00,24633.6,24632.175000000003,24722.4,24539.1,54.41059073,1340540.124053524,green,150.5578156725
2023-02-18 00:24:00,24686.25,24696.85,24780.8,24634.1,64.14120739,1584940.420503536,red,148.9544947114
2023-02-18 00:45:00,24622.7,24631.475,24689.4,24591.1,39.60071502,975787.149786465,red,146.9176392472
2023-02-18 01:06:00,24605.8,24612.475,24659.3,24579.0,42.56630061,1047718.799159505,green,145.9173017606
2023-02-18 01:27:00,24610.65,24616.025,24657.3,24585.5,33.60762079,827377.7581660299,red,144.44058004299998
2023-02-18 01:48:00,24612.949999999997,24626.675,24678.3,24602.5,34.54366798,851239.502411149,green,143.6524715324
2023-02-18 02:09:00,24584.55,24589.0,24638.9,24548.0,35.77148506,879731.933272767,red,141.3218634031
2023-02-18 02:30:00,24539.05,24539.7,24579.7,24501.0,62.20314463,1527047.655633312,red,138.58381655739998
2023-02-18 02:51:00,24540.0,24543.55,24564.2,24530.0,23.91743872,587219.843701229,green,129.30628649
2023-02-18 03:12:00,24568.25,24572.75,24618.7,24535.8,37.72923351,927346.600487894,green,126.5616360498
2023-02-18 03:33:00,24592.2,24599.324999999997,24637.0,24575.9,42.97119076,1057292.922397741,green,124.7720484736
2023-02-18 03:54:00,24616.6,24618.6,24647.0,24594.2,33.46409372,823991.470407538,green,123.7292365136
2023-02-18 04:15:00,24631.9,24629.775,24647.5,24607.8,23.58083001,580839.736238581,red,123.0446753991
2023-02-18 04:36:00,24637.25,24635.65,24646.1,24622.0,16.27980978,401035.502464102,green,122.6611511857
2023-02-18 04:57:00,24632.65,24632.575,24646.3,24618.7,16.49264456,406218.262054808,red,122.142600582
2023-02-18 05:18:00,24614.5,24613.800000000003,24628.8,24597.4,17.82653355,438842.976471584,red,120.3921396128
2023-02-18 05:39:00,24625.4,24624.149999999998,24641.1,24604.7,21.74952857,535527.29183609,green,119.8616732729
2023-02-18 06:00:00,24635.4,24638.800000000003,24672.0,24612.4,57.30970304,1412326.241609635,red,119.97695895789998
2023-02-18 06:21:00,24632.0,24637.65,24661.1,24625.5,13.60073897,335161.15403077,green,119.6459973304
2023-02-18 06:42:00,24617.3,24619.6,24648.1,24595.7,26.26312265,646682.349473467,red,119.3015442011
2023-02-18 07:03:00,24588.6,24586.074999999997,24610.0,24557.1,30.38562089,746810.869395973,red,118.1198607462
2023-02-18 07:24:00,24567.9,24560.024999999998,24583.6,24520.7,21.05798236,517070.510097969,red,115.8221678079
2023-02-18 07:45:00,24536.4,24518.225000000002,24563.4,24436.7,60.38313816,1480040.1082164529,red,115.005225171
2023-02-18 08:06:00,24518.55,24506.7,24537.2,24452.5,120.45190854,2950616.029188898,green,114.5855458907
2023-02-18 08:27:00,24535.449999999997,24538.124999999996,24558.4,24523.2,27.25564067,668913.660476663,green,113.5813158386
2023-02-18 08:48:00,24555.35,24564.375,24599.3,24547.5,30.06540147,739078.327216196,green,113.3243290134
2023-02-18 09:09:00,24563.8,24564.475,24583.6,24546.7,18.40566286,452101.958340474,green,112.6692622713
2023-02-18 09:30:00,24564.6,24563.85,24584.1,24542.1,30.57293947,751057.857217503,grey,109.882591705
2023-02-18 09:51:00,24547.1,24546.125,24578.8,24511.5,21.56383364,529421.804070094,red,108.1247992398
2023-02-18 10:12:00,24527.1,24520.6,24539.2,24489.0,27.48804756,674045.082036807,red,106.2370120572
2023-02-18 10:33:00,24499.05,24497.25,24529.9,24461.0,68.19551743,1671466.812963419,red,103.027204095
2023-02-18 10:54:00,24479.55,24466.5,24495.9,24411.0,147.49532478,3607888.9277965375,green,99.7300023881
2023-02-18 11:15:00,24510.55,24505.85,24541.3,24461.0,40.63941594,995730.687684566,green,98.7577074556
2023-02-18 11:36:00,24527.2,24528.85,24548.8,24512.2,20.0194905,491065.850429396,red,97.87725584880002
2023-02-18 11:57:00,24567.35,24565.399999999998,24639.2,24487.7,49.11249022,1206198.55268973,green,97.6954422209
2023-02-18 12:18:00,24595.85,24595.975000000002,24615.4,24576.8,25.83022535,635495.54111507,red,97.32513691260002
2023-02-18 12:39:00,24598.75,24600.399999999998,24631.9,24572.2,23.79547557,585367.353290199,green,96.5565196152
2023-02-18 13:00:00,24618.1,24614.924999999996,24630.6,24592.9,28.27097267,695822.0941926991,red,95.81761515040002
2023-02-18 13:21:00,24598.699999999997,24603.475,24639.8,24576.7,24.83952425,611177.503603725,red,95.5902272407
2023-02-18 13:42:00,24577.1,24578.125,24598.0,24560.3,31.29151511,769083.881803279,red,95.4865894787
2023-02-18 14:03:00,24564.9,24559.15,24572.7,24534.1,33.10237666,812909.749474626,red,95.5195743537
2023-02-18 14:24:00,24568.6,24578.699999999997,24629.5,24548.1,57.74421671,1420084.143680318,green,95.4657162368
2023-02-18 14:45:00,24644.45,24648.425,24724.8,24580.0,97.06092669,2393910.39233517,green,96.0063828443
2023-02-18 15:06:00,24689.25,24680.475,24714.5,24628.9,65.95774058,1626872.752864664,red,96.1121363172
2023-02-18 15:27:00,24676.85,24686.15,24724.9,24666.0,45.17332113,1115360.67061245,green,96.0689581961
2023-02-18 15:48:00,24675.15,24681.300000000003,24713.9,24661.0,25.02804195,617840.980906058,red,95.9030347664
2023-02-18 16:09:00,24658.65,24662.375,24691.0,24641.2,43.65233802,1076763.317318113,red,96.0638604294
2023-02-18 16:30:00,24650.6,24654.699999999997,24679.1,24638.5,33.49153703,825746.146711748,red,96.041470692
2023-02-18 16:51:00,24652.1,24652.999999999996,24663.6,24644.2,21.42896519,528265.67427144,green,95.8285188031
2023-02-18 17:12:00,24668.550000000003,24667.525,24708.0,24625.0,43.57870921,1075480.49702444,green,96.023768952
2023-02-18 17:33:00,24683.4,24657.600000000002,24685.9,24577.7,51.56858745,1270115.873356219,green,96.0184293663
2023-02-18 17:54:00,24751.15,24761.550000000003,24875.3,24668.6,99.6819447,2468307.7275708523,green,96.5712617248
2023-02-18 18:15:00,24754.05,24755.1,24832.3,24680.0,75.43124587,1868462.093795135,red,96.9921937339
2023-02-18 18:36:00,24704.85,24696.425,24734.7,24641.3,54.95462745,1356432.468697663,green,97.2392450003
2023-02-18 18:57:00,24703.9,24701.275,24730.0,24667.3,28.75782248,710431.323784598,red,96.8470961051
2023-02-18 19:18:00,24669.3,24671.875,24697.6,24651.3,35.12461291,866785.4102854431,red,96.0366754939
2023-02-18 19:39:00,24629.75,24621.9,24658.6,24569.5,71.72195242000001,1764890.135708055,red,95.9424715452
2023-02-18 20:00:00,24602.8,24586.75,24622.0,24519.4,55.77046812,1370386.348656138,red,95.234580387
2023-02-18 20:21:00,24601.6,24599.025,24622.3,24570.6,38.59548624,949364.318555576,green,95.1733532377
2023-02-18 20:42:00,24605.6,24602.45,24611.8,24586.8,16.12463519,396646.541476561,green,94.8968165654
2023-02-18 21:03:00,24610.2,24610.375,24636.8,24584.3,21.71529588,534354.11273205,green,94.5459081996
2023-02-18 21:24:00,24613.45,24615.875,24630.7,24605.9,21.82718249,537313.836276972,red,94.4399249117
2023-02-18 21:45:00,24619.2,24613.199999999997,24625.0,24589.4,12.97901387,319440.993591915,green,94.183509456
2023-02-18 22:06:00,24621.75,24626.05,24653.0,24607.7,19.31407808,475799.276148171,red,94.0587189787
2023-02-18 22:27:00,24615.9,24623.625,24661.0,24601.7,18.62725107,458842.803918394,red,93.5838734346
2023-02-18 22:48:00,24624.7,24627.175000000003,24649.4,24609.9,24.70612339,608401.73422468,green,93.4304893349
2023-02-18 23:09:00,24635.0,24640.300000000003,24667.8,24623.4,23.80856147,586626.228040745,red,93.3484946608
2023-02-18 23:30:00,24630.0,24630.55,24638.5,24623.7,14.03361089,345675.328968058,red,92.7171584341
2023-02-18 23:51:00,24632.3,24635.875,24652.8,24626.1,24.61328808,606365.439347694,green,92.4798330258
2023-02-19 00:12:00,24665.55,24673.275,24727.1,24634.9,37.27172619,920477.657221133,green,92.1648452721
2023-02-19 00:33:00,24704.95,24715.475000000002,24759.7,24692.3,23.17688682,572928.425299105,green,90.46922277939998
2023-02-19 00:54:00,24739.5,24739.375,24770.4,24708.1,38.71031806,957997.513590571,green,88.2465871095
2023-02-19 01:15:00,24731.4,24715.65,24761.7,24638.1,45.42959826,1121735.532525958,red,85.05784337380001
2023-02-19 01:36:00,24705.25,24701.225,24721.9,24672.5,21.58824763,533243.536734114,green,80.112735891
2023-02-19 01:57:00,24707.95,24709.575,24730.4,24692.0,21.56336478,532870.252063692,red,78.077053075
2023-02-19 02:18:00,24693.800000000003,24693.1,24714.9,24669.9,21.07947238,520535.315480837,red,76.4829787563
2023-02-19 02:39:00,24683.45,24680.225000000002,24685.7,24668.3,10.71000421,264265.34968472,green,73.97581034230001
2023-02-19 03:00:00,24685.1,24688.949999999997,24705.6,24680.0,18.80505932,464352.7232404421,red,71.8997856679
2023-02-19 03:21:00,24684.45,24686.3,24696.3,24680.0,9.92071885,244889.28823956705,red,70.3347221337
2023-02-19 03:42:00,24681.65,24677.600000000002,24684.8,24662.3,21.82354645,538581.193578668,red,69.35837816520001
2023-02-19 04:03:00,24676.25,24683.0,24705.9,24673.6,16.8287248,415538.367116227,red,66.1246878682
2023-02-19 04:24:00,24683.75,24690.050000000003,24719.1,24673.6,84.69099607,2091833.956104333,green,64.7540252337
2023-02-19 04:45:00,24708.95,24711.675000000003,24738.2,24690.6,69.06324945,1707185.222330662,green,64.10998298370001
2023-02-19 05:06:00,24764.199999999997,24775.275,24848.6,24724.1,92.94017172,2304238.672060328,green,64.1682661371
2023-02-19 05:27:00,24757.45,24764.975,24839.6,24705.4,55.82072982,1383283.208664958,red,63.7388714101
2023-02-19 05:48:00,24725.95,24731.075,24764.2,24708.2,23.04275379,570166.441963043,green,63.4231094461
2023-02-19 06:09:00,24713.75,24715.225,24745.4,24688.0,39.3253671,971954.834600341,red,62.712594087300005
2023-02-19 06:30:00,24671.4,24666.925000000003,24688.4,24636.5,54.51070383,1344465.662844516,red,61.9139660301
2023-02-19 06:51:00,24653.449999999997,24644.05,24660.8,24608.5,45.81771712,1128816.8629667491,red,58.243612714
2023-02-19 07:12:00,24637.75,24624.725,24662.7,24560.7,42.01672145,1034174.509922366,red,53.5972630529
2023-02-19 07:33:00,24607.55,24611.324999999997,24647.1,24583.1,22.89774667,563479.947859956,red,51.472593188400005
2023-02-19 07:54:00,24599.199999999997,24593.875,24613.3,24563.8,34.35165902,844659.429633121,green,50.9234494294
2023-02-19 08:15:00,24603.35,24601.35,24625.8,24572.9,16.17796412,397938.118774559,red,49.688688811
2023-02-19 08:36:00,24581.15,24583.175,24608.7,24561.7,20.54825905,505323.002062699,red,48.87321006519999
2023-02-19 08:57:00,24585.85,24590.524999999998,24628.7,24561.7,34.81782046,856318.123597219,green,43.4837394425
2023-02-19 09:18:00,24598.1,24597.175,24615.7,24576.8,12.67573183,311808.672427773,red,41.048089502
2023-02-19 09:39:00,24591.6,24593.449999999997,24612.2,24578.4,9.05125748,222616.026158815,green,39.3563071753
2023-02-19 10:00:00,24601.300000000003,24600.100000000002,24615.6,24582.2,21.90384613,538706.011079458,green,38.4138891344
2023-02-19 10:21:00,24623.699999999997,24626.475,24654.9,24603.6,18.6223046,458571.168332952,green,37.9209073116
2023-02-19 10:42:00,24647.8,24652.600000000002,24685.5,24629.3,54.57849404,1345810.231489803,green,37.604848502100005
2023-02-19 11:03:00,24663.75,24670.2,24704.3,24649.0,30.8538408,761355.670026964,green,37.3692810028
2023-02-19 11:24:00,24663.3,24670.375,24705.0,24649.9,21.86299251,539486.831736843,red,36.946498854
2023-02-19 11:45:00,24661.15,24662.275,24676.0,24650.8,11.79696236,290997.165762738,green,36.6684613274
2023-02-19 12:06:00,24679.65,24681.975,24699.6,24669.0,12.45101395,307368.408411795,green,36.3673084608
2023-02-19 12:27:00,24691.65,24683.324999999997,24693.1,24656.9,22.43355185,553496.555391863,green,36.2555677714
2023-02-19 12:48:00,24691.0,24693.6,24705.3,24687.1,19.2893594,476333.36966743,red,36.1030246856
2023-02-19 13:09:00,24687.8,24689.925000000003,24710.0,24674.1,15.49600098,382604.516878313,red,35.9002698448
2023-02-19 13:30:00,24688.5,24690.800000000003,24705.1,24681.1,12.59583801,311017.053550263,green,35.4041967786
2023-02-19 13:51:00,24683.15,24681.65,24692.2,24668.1,16.43789537,405672.633970507,red,35.3294013451
2023-02-19 14:12:00,24714.95,24719.35,24778.0,24669.5,51.71757662,1279221.699612555,green,35.4692847762
2023-02-19 14:33:00,24762.2,24758.399999999998,24799.0,24710.2,58.2826476,1442925.2957318511,green,35.6223993446
2023-02-19 14:54:00,24782.65,24782.625,24819.8,24745.4,58.77081853,1456560.55268888,green,35.8754665927
2023-02-19 15:15:00,24822.9,24853.2,25032.0,24735.0,376.62028727,9377993.965815626,green,39.4058611653
2023-02-19 15:36:00,24878.65,24880.2,24940.3,24823.2,117.15688676,2916711.6636770302,green,40.414631935100005
2023-02-19 15:57:00,25005.6,25021.949999999997,25182.7,24893.9,258.3353834,6466827.491879251,green,42.8330593235
2023-02-19 16:18:00,25012.15,25003.9,25131.9,24859.4,246.6889083,6172103.064701953,red,45.121683071
2023-02-19 16:39:00,24850.15,24832.625,24974.8,24655.4,236.60126594,5867645.421190033,red,47.2702004447
2023-02-19 17:00:00,24684.65,24648.550000000003,24802.9,24422.0,446.50210711,10967984.737851448,red,51.1621244854
2023-02-19 17:21:00,24596.35,24609.15,24676.0,24567.9,125.32291948,3085847.9751266767,green,52.2793462905
2023-02-19 17:42:00,24502.550000000003,24487.050000000003,24620.1,24323.0,197.57728966,4831597.143897986,red,53.9924879606
2023-02-19 18:03:00,24432.9,24399.025,24459.0,24271.3,160.01992402,3902936.489978331,green,55.28883099189999
2023-02-19 18:24:00,24447.9,24461.925000000003,24527.3,24424.6,91.07683294,2227883.236388412,red,55.98901949769999
2023-02-19 18:45:00,24467.050000000003,24469.075,24520.2,24422.0,55.95756526,1369163.549879082,green,55.94476376870001
2023-02-19 19:06:00,24503.6,24516.225,24565.6,24492.1,55.68445439,1366130.936850819,green,55.2970892272
2023-02-19 19:27:00,24523.25,24529.699999999997,24561.9,24510.4,54.00550391,1325206.463256059,green,55.5645878596
2023-02-19 19:48:00,24489.55,24468.85,24557.2,24339.1,138.24650456,3382235.989012251,red,56.6463988905
2023-02-19 20:09:00,24381.9,24363.65,24460.4,24230.4,210.66473735,5130566.748074623,red,58.5689896354
2023-02-19 20:30:00,24400.25,24402.45,24498.1,24311.2,99.54446194,2431576.967245682,green,59.2587048601
2023-02-19 20:51:00,24510.25,24511.625,24547.9,24478.1,60.13327907,1474091.23850174,green,59.6443993144
2023-02-19 21:12:00,24510.75,24520.65,24580.5,24480.6,61.48093192,1508262.040768709,red,59.984328158
2023-02-19 21:33:00,24492.65,24499.200000000004,24530.9,24480.6,50.83476006,1245932.415672681,green,59.8107205843
2023-02-19 21:54:00,24531.0,24528.05,24561.4,24488.8,48.22559637,1183284.373563242,green,58.8180233002
2023-02-19 22:15:00,24543.45,24539.05,24557.3,24512.0,33.87529245,830879.2640997081,red,58.7503820653
2023-02-19 22:36:00,24506.75,24498.199999999997,24532.2,24447.1,28.78146283,704737.815030213,red,58.8380017886
2023-02-19 22:57:00,24436.9,24432.35,24492.6,24363.0,73.09251707,1786005.763263757,red,59.0778020571
2023-02-19 23:18:00,24392.300000000003,24405.1,24463.9,24371.9,90.84769581,2217434.927673144,green,59.72797676169999
2023-02-19 23:39:00,24332.35,24319.875,24414.8,24200.0,141.69840722,3444558.025473832,red,60.90700607819999
2023-02-20 00:00:00,24315.65,24325.475000000002,24405.9,24264.7,114.04424663,2775696.342623283,green,61.7647388178
2023-02-20 00:21:00,24348.35,24349.3,24379.0,24321.5,36.72049696,894196.6121660611,red,61.8835485449
2023-02-20 00:42:00,24266.050000000003,24254.425000000003,24335.5,24150.1,128.3208831,3108042.3658641297,red,62.8538422248
2023-02-20 01:03:00,24093.5,24054.425,24203.4,23827.3,408.49508809,9795224.330214413,red,66.6077693391
2023-02-20 01:24:00,24081.050000000003,24074.1,24174.9,23959.4,152.50012076000002,3669554.532469198,green,67.5553283796
2023-02-20 01:45:00,24171.95,24195.875,24294.8,24144.8,185.99380077,4503815.665867003,green,68.44465712040001
2023-02-20 02:06:00,24233.800000000003,24245.200000000004,24340.8,24172.4,151.12196155,3671784.60791599,green,69.2962993301
2023-02-20 02:27:00,24284.15,24284.425000000003,24314.9,24254.5,35.2528097,856293.204474718,red,69.19709421579999
2023-02-20 02:48:00,24318.1,24320.2,24377.9,24266.7,89.55126034,2179906.352489768,green,69.8423263997
2023-02-20 03:09:00,24388.550000000003,24379.575,24420.7,24320.5,86.71541346000001,2111916.340706504,green,70.2729571541
2023-02-20 03:30:00,24404.6,24417.199999999997,24472.0,24387.6,63.95327062,1562327.247574889,red,70.57757449
2023-02-20 03:51:00,24425.5,24425.475000000002,24454.1,24396.8,46.85668888,1144514.498631327,green,70.8318517269
2023-02-20 04:12:00,24454.0,24474.475,24549.9,24440.0,76.58345082,1875782.949109088,grey,71.161899143
2023-02-20 04:33:00,24473.25,24472.625,24495.0,24449.0,23.1636446,566926.62312548,green,70.8778497145
2023-02-20 04:54:00,24477.65,24478.4,24508.2,24450.1,43.42149915,1062800.712819891,red,70.315245259
2023-02-20 05:15:00,24470.35,24461.125,24479.8,24424.0,27.22042689,665481.183141834,green,69.8331370692
2023-02-20 05:36:00,24474.55,24469.975000000002,24487.0,24443.8,45.80196812,1120854.90005548,red,69.7416104759
2023-02-20 05:57:00,24489.9,24495.8,24534.1,24469.3,57.69544827,1413515.569644483,green,70.0309867338
2023-02-20 06:18:00,24477.3,24476.8,24512.6,24440.0,28.87828857,706416.737162868,red,69.9685234904
2023-02-20 06:39:00,24473.6,24473.225000000002,24520.9,24424.8,33.87848568,829240.282868566,green,69.590088823
2023-02-20 07:00:00,24486.800000000003,24491.625,24533.4,24459.5,39.8456562,975995.35400646,red,69.4308407038
2023-02-20 07:21:00,24493.8,24490.600000000002,24522.0,24452.8,47.07784435,1152165.725363121,green,69.5156642849
2023-02-20 07:42:00,24511.300000000003,24514.550000000003,24536.5,24499.1,31.56646841,773854.354416079,red,69.6700826171
2023-02-20 08:03:00,24505.5,24512.9,24568.0,24472.6,58.89843344,1444156.3914041792,green,70.0419139927
2023-02-20 08:24:00,24491.8,24476.7,24517.2,24406.0,47.89955936,1171443.698929221,red,70.3026377614
2023-02-20 08:45:00,24478.6,24474.1,24501.0,24438.2,36.26655804,887472.493187891,green,70.5355132031
2023-02-20 09:06:00,24500.4,24475.0,24519.7,24379.5,72.64468433,1776032.956286407,green,71.0688192656
2023-02-20 09:27:00,24673.75,24674.35,24871.0,24478.9,210.71008233,5204994.931724882,green,72.9896475782
2023-02-20 09:48:00,24874.7,24870.55,24968.0,24764.8,229.54942484,5712103.867384357,green,75.0380805927
2023-02-20 10:09:00,24875.15,24882.275,24976.9,24801.9,158.68967409,3952343.168107169,red,76.3868917189
2023-02-20 10:30:00,24870.85,24860.675,24925.0,24776.0,124.3238869,3087508.875769781,green,77.489794479
2023-02-20 10:51:00,24893.75,24898.1,24954.0,24850.9,74.28751718,1850218.505435811,red,77.98653677
2023-02-20 11:12:00,24849.15,24856.325000000004,24922.9,24804.1,80.26006153,1995897.957756441,red,78.4164201234
2023-02-20 11:33:00,24874.25,24848.8,24948.9,24697.8,162.99627992,4050936.090181227,green,79.81461405440001
2023-02-20 11:54:00,24887.4,24891.550000000003,24948.9,24842.5,57.951384090000005,1442499.152483095,red,80.0070247147
2023-02-20 12:15:00,24830.4,24835.225,24879.0,24801.1,42.57973562,1057408.085052972,red,79.9785260883
2023-02-20 12:36:00,24807.050000000003,24788.9,24826.5,24715.0,104.62227469,2591777.162210178,red,80.80886635889999
2023-02-20 12:57:00,24816.0,24821.5,24863.1,24790.9,60.91337886,1512520.238003692,green,81.2023664997
2023-02-20 13:18:00,24851.85,24864.225,24919.0,24834.2,68.03610064,1692431.915066453,green,81.6719327823
2023-02-20 13:39:00,24858.050000000003,24863.850000000002,24898.1,24841.2,54.31162333,1350773.474153997,red,82.1079489735
2023-02-20 14:00:00,24885.800000000003,24872.25,24922.8,24794.6,96.03630426,2389343.702092379,green,82.8802614229
2023-02-20 14:21:00,24983.65,24948.075,25062.5,24762.5,292.16065758,7283209.88748151,green,85.7026608102
2023-02-20 14:42:00,25012.75,24982.225,25111.0,24792.4,252.01533136,6292331.214133266,red,88.00457865930001
2023-02-20 15:03:00,24956.9,24960.475,25058.1,24870.0,152.45294043,3803826.595799756,red,89.3608208156
2023-02-20 15:24:00,24962.85,24953.475,25028.0,24860.2,131.58936902,3283269.527082393,green,89.82980454510002
2023-02-20 15:45:00,24941.35,24932.4,24996.9,24850.0,95.44974238,2378925.917490026,red,90.0936694744
2023-02-20 16:06:00,24861.45,24833.1,24894.8,24714.7,107.09478941,2657022.69367735,red,90.2352156513
2023-02-20 16:27:00,24840.8,24786.625,24850.0,24614.9,148.69836635,3680083.59527034,green,91.1639920166
2023-02-20 16:48:00,24825.5,24838.075,24928.0,24773.3,109.39150362,2720037.663444122,red,92.0274795149
2023-02-20 17:09:00,24817.25,24814.075,24861.8,24760.0,56.67699961,1406334.877801103,green,92.20099584000002
2023-02-20 17:30:00,24834.3,24840.1,24903.4,24788.4,53.97330082,1341392.514612342,green,92.1956218099
2023-02-20 17:51:00,24808.35,24812.675,24855.0,24779.0,39.56103001,982011.036137894,red,92.1330549388
2023-02-20 18:12:00,24785.9,24785.95,24819.0,24753.0,67.31666281,1668125.728706357,green,92.38605435239998
2023-02-20 18:33:00,24805.75,24797.9,24830.0,24750.1,50.48734329,1252255.349351353,green,92.6619503186
2023-02-20 18:54:00,24841.85,24836.1,24865.0,24795.7,23.35799644,580119.925998329,green,92.5520136928
2023-02-20 19:15:00,24853.9,24854.05,24888.7,24819.7,32.93028308,818594.62342941,red,92.7195368824
2023-02-20 19:36:00,24853.4,24849.525,24865.4,24825.9,31.52112954,783257.531449772,green,92.8292655873
2023-02-20 19:57:00,24844.75,24845.825,24885.1,24808.7,47.01416447,1168567.655906091,red,92.9512290274
2023-02-20 20:18:00,24810.199999999997,24806.5,24825.6,24780.0,37.36429422,926722.44154983,red,93.1981146513
2023-02-20 20:39:00,24798.75,24796.875,24819.5,24770.5,31.53297118,781818.528951253,green,93.4229317883
2023-02-20 21:00:00,24793.25,24789.25,24808.0,24762.5,30.79085925,763343.831052504,red,93.5118019195
2023-02-20 21:21:00,24795.85,24788.05,24808.0,24752.5,22.99939785,569930.222699514,green,93.555572852
2023-02-20 21:42:00,24784.15,24788.725,24826.2,24760.4,27.38810578,678844.789323858,red,93.28366896939998
2023-02-20 22:03:00,24747.75,24730.85,24779.8,24648.1,49.6758782,1227778.1831865849,red,93.47188934340002
2023-02-20 22:24:00,24723.6,24718.875,24752.5,24675.8,43.29453957,1070005.609427701,red,93.686204814
2023-02-20 22:45:00,24722.050000000003,24727.225,24764.7,24700.1,36.67731312,906981.079702073,green,93.9350083216
2023-02-20 23:06:00,24756.9,24767.600000000002,24825.3,24731.3,27.30854909,676855.892864235,green,94.083583673
2023-02-20 23:27:00,24784.949999999997,24784.499999999996,24805.9,24762.2,15.37414099,381017.189215101,green,94.0129895644
2023-02-20 23:48:00,24808.6,24813.050000000003,24846.9,24788.1,41.77348551,1037003.06465689,green,94.2378308255
2023-02-21 00:09:00,24821.15,24815.025,24831.8,24786.0,27.32290471,677810.2608526819,red,94.3560998628
2023-02-21 00:30:00,24850.35,24863.45,24939.8,24813.3,71.11874211,1770048.190410723,green,94.9413289038
2023-02-21 00:51:00,24858.15,24858.9,24892.7,24826.6,33.07233581,822051.621839331,red,95.1076733082
2023-02-21 01:12:00,24820.85,24835.225,24891.0,24808.2,39.54393931,982418.990043357,red,94.9859369351
2023-02-21 01:33:00,24853.4,24859.65,24927.5,24804.3,48.80161949,1214180.984722183,green,94.891126654
2023-02-21 01:54:00,24891.35,24883.65,24901.9,24850.0,26.6081432,661916.395548855,red,94.5694999007
2023-02-21 02:15:00,24932.55,24936.225000000002,25000.0,24879.8,106.77174618,2663361.263786185,green,91.8710144898
2023-02-21 02:36:00,24957.15,24980.425,25094.6,24912.8,247.47802746,6193148.259381827,red,93.1742258968
2023-02-21 02:57:00,24939.4,24925.075,24973.5,24848.0,139.41085454,3473349.836032182,green,91.9849806082
2023-02-21 03:18:00,24954.35,24965.35,25011.1,24941.6,68.95641803000001,1722305.04570836,green,90.2076557055
2023-02-21 03:39:00,24945.55,24945.875,24982.0,24910.4,31.79159025,792780.528297446,red,88.15955894860001
2023-02-21 04:00:00,24914.1,24908.649999999998,24939.6,24866.8,25.99360566,647285.019479131,red,83.95447393410001
2023-02-21 04:21:00,24881.3,24885.875,24923.4,24857.5,28.83263265,717751.595385093,red,82.9895710658
2023-02-21 04:42:00,24873.05,24879.325,24913.7,24857.5,26.71244,664756.973036097,green,81.2809225692
2023-02-21 05:03:00,24888.75,24892.025,24915.2,24875.4,28.15861288,701063.996352286,green,79.9623094578
2023-02-21 05:24:00,24899.5,24906.3,24937.5,24888.7,15.7385288,392136.492778046,green,79.2089264164
2023-02-21 05:45:00,24922.05,24932.725,24976.8,24910.0,51.495992300000005,1284762.862037337,green,79.1643106868
2023-02-21 06:06:00,24935.15,24947.15,24984.4,24933.9,32.49559607,811116.798120043,green,78.9324221036
2023-02-21 06:27:00,24952.75,24954.15,24983.6,24927.5,29.90870337,746381.414867277,green,78.6914540982
2023-02-21 06:48:00,24957.25,24976.275,25045.3,24945.3,82.82027098,2070682.518012983,red,78.1371917624
2023-02-21 07:09:00,24970.1,24975.574999999997,25022.1,24940.0,61.06028512,1526010.432229397,green,76.6411472401
2023-02-21 07:30:00,25003.65,24999.375,25016.1,24974.1,51.15750731,1278566.123470766,green,76.1572776938
2023-02-21 07:51:00,25034.050000000003,25031.25,25076.9,24980.0,93.07563803,2329816.734410001,green,76.4867012834
2023-02-21 08:12:00,25028.65,25058.475,25248.0,24928.6,396.82139884,9957346.309762074,red,79.84010595260001
2023-02-21 08:33:00,24854.4,24840.075,25037.7,24613.8,327.25831655,8117788.164314596,red,82.6043415175
2023-02-21 08:54:00,24680.65,24669.725,24762.6,24555.0,198.58051465,4898516.177073529,red,84.10789070029999
2023-02-21 09:15:00,24719.55,24726.324999999997,24815.3,24650.9,93.43957711,2310553.187309892,green,84.70353354690002
2023-02-21 09:36:00,24791.5,24792.775,24833.7,24754.4,92.06682759,2283852.609388763,green,85.3363871945
2023-02-21 09:57:00,24760.7,24761.05,24813.8,24709.0,55.45380329,1373375.688670178,red,85.16000005669999
2023-02-21 10:18:00,24722.1,24726.4,24777.0,24684.4,63.4974718,1570484.106695786,green,84.8864978166
2023-02-21 10:39:00,24711.550000000003,24713.325,24753.5,24676.7,60.06546202,1484047.710008972,red,84.0701683646
2023-02-21 11:00:00,24717.0,24707.1,24744.4,24650.0,56.0250243,1383768.405028764,green,83.48997614129999
2023-02-21 11:21:00,24704.550000000003,24703.450000000004,24749.6,24655.1,77.62539659,1917975.3901836108,red,83.8990251376
2023-02-21 11:42:00,24639.85,24633.924999999996,24698.6,24557.4,136.53937828,3361779.0158464857,red,83.9812100894
2023-02-21 12:03:00,24574.4,24566.7,24638.0,24480.0,162.1054474,3979065.7832524497,red,81.5173136825
2023-02-21 12:24:00,24571.75,24579.925,24658.5,24517.7,112.85731078,2776577.129264184,green,81.1208855827
2023-02-21 12:45:00,24612.9,24619.125,24650.0,24600.7,64.01898841,1577008.595114179,green,79.9011374591
2023-02-21 13:06:00,24622.199999999997,24639.175,24694.8,24617.5,52.40150966,1291623.56702752,red,78.9139329402
2023-02-21 13:27:00,24624.699999999997,24636.575,24693.1,24603.8,78.95850837,1946791.712494991,green,79.3509899269
2023-02-21 13:48:00,24621.25,24595.975,24630.0,24511.4,103.66978514,2548078.295834621,red,79.4921751749
2023-02-21 14:09:00,24628.6,24627.1,24665.5,24585.7,54.88172935,1351573.849582481,green,79.1738383338
2023-02-21 14:30:00,24662.199999999997,24677.449999999997,24781.2,24604.2,97.19981155,2402041.386178865,green,79.5063037431
2023-02-21 14:51:00,24673.9,24680.550000000003,24722.0,24652.4,83.7698643,2068244.064728346,red,79.87543549729999
2023-02-21 15:12:00,24609.85,24571.875,24667.8,24400.0,184.94294247,4532078.289051841,red,80.95903041380001
2023-02-21 15:33:00,24559.05,24571.675,24630.1,24538.5,60.27495368,1482002.033954848,green,81.3301435046
2023-02-21 15:54:00,24508.050000000003,24500.9,24603.4,24384.1,97.31817589,2382779.73222017,red,81.869110272
2023-02-21 16:15:00,24393.0,24382.35,24466.3,24277.1,189.06752221,4604011.259440429,red,83.48758122519999
2023-02-21 16:36:00,24370.85,24379.65,24439.3,24337.6,76.04783429,1855770.477070874,green,83.79003988689999
2023-02-21 16:57:00,24404.2,24406.0,24441.4,24374.2,59.12673125,1443432.093119516,green,83.8043527167
2023-02-21 17:18:00,24418.9,24421.475,24449.6,24398.5,27.14596841,663025.4630371081,green,83.78702951509999
2023-02-21 17:39:00,24546.300000000003,24542.875000000004,24659.6,24419.3,112.83779606,2771423.883755766,green,84.5766226189
2023-02-21 18:00:00,24645.95,24655.5,24745.0,24585.1,154.35730655,3808143.407399898,red,85.72173912240001
2023-02-21 18:21:00,24607.3,24610.275,24659.5,24567.0,107.13247189,2637289.394089533,red,86.3222853978
2023-02-21 18:42:00,24618.050000000003,24636.425000000003,24742.8,24566.8,107.42801142,2651248.117957685,green,87.08090082789998
2023-02-21 19:03:00,24614.050000000003,24618.075,24683.2,24561.0,51.62551013,1271454.152155285,red,87.0081715948
2023-02-21 19:24:00,24590.0,24605.675,24691.7,24551.0,69.40410957,1709121.7497935111,green,87.2232170969
2023-02-21 19:45:00,24616.9,24611.300000000003,24638.3,24573.1,27.23094875,670100.844760092,green,87.132861004
2023-02-21 20:06:00,24567.0,24566.35,24626.2,24505.2,44.741700900000005,1098583.428240254,red,86.8538311697
2023-02-21 20:27:00,24482.3,24477.65,24524.0,24422.0,70.85790443,1734453.988176311,red,85.45530939069998
2023-02-21 20:48:00,24484.6,24487.275,24531.3,24448.6,46.17879374,1130683.523517712,green,83.6216030797
2023-02-21 21:09:00,24371.75,24355.35,24525.4,24152.5,272.03281172,6604885.476027616,red,84.75503445600002
2023-02-21 21:30:00,24241.75,24249.5,24333.7,24180.8,89.98911134,2184160.620941183,green,84.41168670039998
2023-02-21 21:51:00,24257.45,24248.025,24317.1,24160.1,90.83692925,2200297.468421192,green,84.57718082110001
2023-02-21 22:12:00,24274.949999999997,24270.725,24307.6,24225.4,48.7989073,1184314.97497835,green,84.2625692788
2023-02-21 22:33:00,24316.9,24335.675000000003,24422.8,24286.1,48.7824463,1188039.924433919,green,83.1204309426
2023-02-21 22:54:00,24369.6,24369.975000000002,24399.9,24340.8,49.73084144,1211925.703509068,green,83.03822551610001
2023-02-21 23:15:00,24387.7,24377.6,24394.0,24341.0,15.47780918,377157.709315439,red,82.7672062517
2023-02-21 23:36:00,24411.2,24408.449999999997,24440.3,24371.1,30.62857341,747215.556121948,green,82.0272692389
2023-02-21 23:57:00,24440.75,24444.05,24474.9,24419.8,30.8145648,753389.07131238,green,81.7262810983
2023-02-22 00:18:00,24423.5,24421.449999999997,24447.7,24391.1,22.25619202,543389.484109221,red,81.26848201210001
2023-02-22 00:39:00,24406.4,24373.825000000004,24412.9,24269.6,49.84663409,1213744.88614936,green,81.2238321197
2023-02-22 01:00:00,24408.5,24399.325,24431.0,24349.3,29.96996716,730992.310755937,red,80.5631687487
2023-02-22 01:21:00,24354.75,24347.425000000003,24415.8,24264.4,40.61814819,988557.659392825,red,78.0477436548
2023-02-22 01:42:00,24160.95,24162.075,24326.4,24000.0,185.29828686,4476636.357455282,red,77.3805732098
2023-02-22 02:03:00,24064.05,24052.675,24124.9,23957.7,193.40580513,4651096.837986133,green,77.7901018568
2023-02-22 02:24:00,24124.4,24065.85,24149.6,23865.0,208.82347704,5004530.596038434,green,78.562442937
2023-02-22 02:45:00,24181.45,24181.375,24244.2,24118.4,62.440219240000005,1509186.424944195,green,78.23234770559999
2023-02-22 03:06:00,24212.9,24213.675000000003,24266.5,24162.4,55.06515397,1333014.506551045,red,77.7120513512
2023-02-22 03:27:00,24189.5,24192.325,24234.5,24155.8,42.62649507,1030957.816806983,red,76.65133263839999
2023-02-22 03:48:00,24186.6,24199.375,24249.8,24174.5,48.05433902,1163125.617561327,green,76.03796099239999
2023-02-22 04:09:00,24169.050000000003,24172.75,24219.3,24133.6,45.24299651,1093607.490948841,red,75.9236209614
2023-02-22 04:30:00,24106.55,24099.25,24153.9,24030.0,58.43938906,1407824.273352154,red,75.9682818438
2023-02-22 04:51:00,24094.85,24106.175,24166.0,24069.0,51.80487118,1250373.863134167,green,76.0907202555
2023-02-22 05:12:00,24073.15,24066.300000000003,24118.9,24000.0,70.19469524,1688805.79047611,red,76.11950057979999
2023-02-22 05:33:00,24058.35,24055.025,24091.9,24011.5,48.46024128,1165816.079720025,green,76.0992295597
2023-02-22 05:54:00,24088.35,24095.1,24127.5,24076.2,26.85023587,647102.2991305849,red,76.134151954
2023-02-22 06:15:00,24031.95,24028.975,24095.0,23957.0,50.87615877,1221871.755762437,red,76.31361071090001
2023-02-22 06:36:00,23981.2,23992.449999999997,24047.0,23960.4,88.5382697,2124282.050532814,green,76.8837821125
2023-02-22 06:57:00,24001.15,23992.275,24034.0,23932.8,83.50135222,2001749.434544773,green,77.24865399000001
2023-02-22 07:18:00,24018.45,24024.25,24088.4,23971.7,50.9276656,1223748.34687345,green,77.3842877038
2023-02-22 07:39:00,24041.75,24046.024999999998,24099.9,24000.7,64.54459886,1552783.511437703,green,77.7144039806
2023-02-22 08:00:00,24019.35,24018.375,24074.8,23960.0,46.82519826,1125610.681198704,red,77.8747473707
2023-02-22 08:21:00,23947.6,23950.05,24039.2,23865.8,88.49328116,2118953.670640582,red,78.5296862038
2023-02-22 08:42:00,23933.45,23926.425,23973.8,23865.0,48.9165813,1170971.482170212,green,78.744970959
2023-02-22 09:03:00,23990.4,23993.550000000003,24050.0,23943.4,55.0397045,1320393.760423134,green,78.79860922200001
2023-02-22 09:24:00,24068.0,24064.475000000002,24113.6,24008.3,84.33931638,2029862.287967336,green,79.2090569901
2023-02-22 09:45:00,24116.9,24123.575000000004,24166.9,24093.6,73.9630051,1784333.704917621,green,79.58191390990001
2023-02-22 10:06:00,24108.3,24109.875,24141.0,24081.9,44.61152217,1075715.353465054,red,79.7549436407
2023-02-22 10:27:00,24133.65,24135.6,24194.6,24080.5,62.27712529,1503776.06565504,green,80.22397348370001
2023-02-22 10:48:00,24169.05,24172.225,24194.8,24156.0,39.34844556,951181.417187486,red,80.1997230842
2023-02-22 11:09:00,24129.2,24142.125,24214.8,24095.3,73.32215592,1771637.6561660669,red,80.65971559629999
2023-02-22 11:30:00,24112.25,24105.175000000003,24146.1,24050.1,57.59488408,1387916.108689263,green,80.524477016
2023-02-22 11:51:00,24150.8,24151.675,24181.6,24123.5,40.29966109,973628.345855942,green,80.5967502688
2023-02-22 12:12:00,24184.85,24191.75,24238.3,24159.0,52.12715027,1261666.517368554,green,80.7225823784
2023-02-22 12:33:00,24147.15,24149.475,24212.0,24091.6,63.37590795,1531673.890901734,red,80.868325263
2023-02-22 12:54:00,24058.699999999997,24056.1,24148.7,23958.3,102.37637653,2461797.922006668,red,81.6260075963
2023-02-22 13:15:00,24034.2,24041.4,24114.9,23982.3,59.89687819,1440938.266041222,green,81.1572589164
2023-02-22 13:36:00,24089.15,24087.15,24138.0,24032.3,45.81794925,1104452.254065906,green,79.1406581343
2023-02-22 13:57:00,24061.800000000003,24054.75,24131.4,23964.0,84.47811347,2029087.432586715,red,78.5913307236
2023-02-22 14:18:00,24005.3,24004.075,24061.9,23943.8,104.28119738,2501474.890117919,green,78.9445785171
2023-02-22 14:39:00,23977.1,23986.449999999997,24069.6,23922.0,102.71132719,2464513.419995877,red,79.6537758865
2023-02-22 15:00:00,23813.55,23819.550000000003,24001.0,23650.1,341.10218994,8123035.246082478,red,82.80486172930001
2023-02-22 15:21:00,23709.5,23719.975,23828.8,23632.1,135.95120118,3225061.1969528887,green,83.8760474146
2023-02-22 15:42:00,23728.199999999997,23733.5,23786.6,23691.0,91.39276706,2169372.9727135277,green,84.5228506852
2023-02-22 16:03:00,23729.3,23720.15,23761.4,23660.6,103.11887781,2446057.766841173,green,85.27245333449999
2023-02-22 16:24:00,23715.8,23694.6,23741.7,23605.1,164.84988317,3903092.050022029,red,86.7635668782
2023-02-22 16:45:00,23672.05,23657.825,23707.2,23580.0,123.86651429,2925830.187192241,red,87.48727209810001
2023-02-22 17:06:00,23676.0,23668.55,23732.5,23589.7,104.4612753,2471434.850150825,green,88.20692889040001
2023-02-22 17:27:00,23727.45,23730.175,23781.0,23684.8,129.42332338,3071034.836003126,green,89.2020750905
2023-02-22 17:48:00,23767.7,23760.625,23791.9,23715.2,68.20808881,1619552.878262462,green,89.05595326880001
2023-02-22 18:09:00,23806.9,23799.75,23827.0,23758.2,70.29417795,1672815.858126926,green,89.1482921971
2023-02-22 18:30:00,23795.699999999997,23796.149999999998,23827.4,23765.8,59.58843416,1418507.748454654,red,89.23260146559998
2023-02-22 18:51:00,23786.85,23798.875,23966.8,23655.0,290.15529842,6910130.012801177,green,91.2033980695
2023-02-22 19:12:00,23772.85,23795.875,23909.9,23727.9,180.01061558,4288815.295137099,red,89.0352902369
2023-02-22 19:33:00,23794.05,23804.775,23896.0,23735.0,66.12190158,1574511.717426634,green,86.4239260872
2023-02-22 19:54:00,23829.449999999997,23817.324999999997,23852.8,23757.6,85.71679542,2039836.2158488927,red,85.29528889489998
2023-02-22 20:15:00,23795.3,23809.575,23869.0,23778.7,109.96091566,2619753.1526853377,red,85.4605022804
2023-02-22 20:36:00,23785.25,23775.275,23792.3,23738.3,63.15354147,1500923.372223943,green,85.1713694192
2023-02-22 20:57:00,23796.550000000003,23800.4,23839.6,23768.9,48.32363951,1150759.455554102,green,85.1000677814
2023-02-22 21:18:00,23794.300000000003,23795.5,23825.3,23768.1,34.69466643,825731.772198289,red,84.8120397277
2023-02-22 21:39:00,23790.1,23784.975,23817.5,23742.2,43.81280232,1041592.708396033,green,84.6495131307
2023-02-22 22:00:00,23868.5,23871.15,23964.3,23783.3,80.24884836,1915841.022078352,green,84.89175137130002
2023-02-22 22:21:00,23994.0,24000.825,24104.5,23910.8,145.54069929,3490157.8831151,green,85.57090439829999
2023-02-22 22:42:00,24099.050000000003,24092.925000000003,24171.1,24002.5,110.48285016,2660085.928561235,green,85.3103391171
2023-02-22 23:03:00,24145.6,24155.699999999997,24211.0,24120.6,90.61581724,2190559.114722667,red,84.5954428155
2023-02-22 23:24:00,24136.5,24145.25,24200.0,24108.0,43.65891613,1054329.77697453,red,83.903458869
2023-02-22 23:45:00,24158.65,24159.475,24216.0,24104.6,52.98372184,1280779.422870371,green,83.7931062033
2023-02-23 00:06:00,24184.4,24192.6,24242.0,24159.6,51.69429064,1251378.628931911,green,83.7860340131
2023-02-23 00:27:00,24173.4,24175.8,24226.2,24130.2,75.25482104,1818884.30060782,red,83.7489971398
2023-02-23 00:48:00,24165.1,24156.850000000002,24172.9,24124.3,41.16996677,993935.131538516,green,83.12399895609998
2023-02-23 01:09:00,24158.35,24157.275,24179.4,24133.0,20.172745,487260.81817432697,red,82.77690911259998
2023-02-23 01:30:00,24151.800000000003,24161.65,24200.0,24143.0,36.58322851,883916.434386949,green,82.17074328220001
2023-02-23 01:51:00,24174.449999999997,24189.35,24264.9,24143.6,65.91593842,1596189.492790211,green,81.9922040234
2023-02-23 02:12:00,24255.6,24256.925,24352.7,24163.8,69.25045127,1680522.987421378,green,80.8352791114
2023-02-23 02:33:00,24440.5,24447.225,24592.0,24315.9,230.79966726,5649922.717447808,green,82.54052624719999
2023-02-23 02:54:00,24542.199999999997,24544.774999999998,24594.0,24500.7,92.28517232,2264711.506917273,red,82.4901962115
2023-02-23 03:15:00,24530.0,24538.574999999997,24585.7,24508.6,63.16867123,1550316.7760962332,green,81.2312077017
2023-02-23 03:36:00,24505.25,24501.925000000003,24557.6,24439.6,56.01918964,1371693.088987266,red,81.0309212552
2023-02-23 03:57:00,24453.8,24454.0,24481.4,24427.0,50.96877701,1246527.4314337,red,80.94934171279999
2023-02-23 04:18:00,24437.85,24444.125,24474.0,24426.8,40.18282932,982300.105739097,green,81.0797103219
2023-02-23 04:39:00,24479.6,24478.649999999998,24522.6,24432.8,30.08978462,736514.855255541,green,80.25223020749999
2023-02-23 05:00:00,24508.9,24504.325,24522.3,24477.2,33.24337021,814349.3942400881,red,79.0410908441
2023-02-23 05:21:00,24438.65,24437.075000000004,24508.9,24362.1,320.93451763,7845267.600689172,red,81.1791113015
2023-02-23 05:42:00,24393.85,24386.8,24407.3,24352.2,34.7297424,846830.153030123,green,80.4521286113
2023-02-23 06:03:00,24391.25,24389.125,24410.0,24364.0,24.46032805,596456.604614834,red,80.18047679050001
2023-02-23 06:24:00,24370.449999999997,24359.775,24385.3,24312.9,39.99973314,973722.792500597,red,79.8864330262
2023-02-23 06:45:00,24383.800000000003,24382.525,24407.7,24354.8,21.1004931,514537.659882533,green,79.8251284697
2023-02-23 07:06:00,24402.85,24399.675,24426.0,24367.0,40.16802891,980322.706600293,green,79.77939174980001
2023-02-23 07:27:00,24398.75,24400.65,24422.7,24382.4,22.0145681,537187.972758617,red,79.2909583865
2023-02-23 07:48:00,24386.9,24387.575,24415.8,24360.7,63.63928312,1551831.192739365,red,79.4655632803
2023-02-23 08:09:00,24406.699999999997,24420.324999999997,24487.9,24380.0,59.95483545,1465247.15667016,green,77.34478351759999
2023-02-23 08:30:00,24435.199999999997,24440.425,24477.0,24414.3,31.51863257,770478.960581372,green,76.7600787299
2023-02-23 08:51:00,24428.8,24427.675,24453.1,24400.0,34.28890251,837447.5117269671,red,76.1945984625
2023-02-23 09:12:00,24394.05,24405.725,24466.6,24368.2,39.03266953,952792.954822564,red,76.0969360848
2023-02-23 09:33:00,24345.4,24351.050000000003,24390.9,24322.5,30.9546701,753912.82166575,red,75.9186583228
2023-02-23 09:54:00,24281.85,24276.175000000003,24340.9,24200.1,141.98329268,3444795.320159387,red,76.8411828352
2023-02-23 10:15:00,24256.5,24262.25,24307.6,24228.4,68.29815851000001,1657941.153330267,green,77.3693863285
2023-02-23 10:36:00,24272.1,24265.075,24277.8,24238.3,24.39776879,591942.059932359,green,77.30707828230001
2023-02-23 10:57:00,24246.0,24233.125,24272.5,24168.0,94.41324332,2287377.218919417,red,77.94306506749999
2023-02-23 11:18:00,23966.5,23954.449999999997,24213.4,23671.4,351.75944156,8404676.269508997,red,81.23809756290001
2023-02-23 11:39:00,23748.45,23739.975,23813.0,23650.0,172.42695539,4093160.233566488,green,82.4639007759
2023-02-23 12:00:00,23791.65,23756.525,23833.0,23609.8,158.66668452,3763829.631475509,green,83.75086794949999
2023-02-23 12:21:00,23804.550000000003,23809.575,23856.0,23773.2,113.57342621,2705348.261890689,green,84.4804207297
2023-02-23 12:42:00,23878.95,23890.775,24006.6,23798.6,121.47711065,2904725.867888497,green,83.8422089676
2023-02-23 13:03:00,24062.95,24074.3,24223.5,23947.8,216.47577507,5216786.448487912,green,84.072908667
2023-02-23 13:24:00,24128.65,24102.25,24193.0,23958.7,264.57837592,6374993.096126014,red,84.6304576558
2023-02-23 13:45:00,24061.300000000003,24017.025,24106.4,23839.1,224.59990279,5382680.955287162,red,86.25205449129999
2023-02-23 14:06:00,24049.8,24066.975,24156.2,24012.1,91.46867516,2204231.217064638,green,86.61608970319999
2023-02-23 14:27:00,24059.55,24034.3,24105.1,23913.0,134.97310417,3238421.4428356728,green,87.53955579419998
2023-02-23 14:48:00,23984.2,23979.525,24090.6,23859.1,81.62796622,1958234.806067876,red,87.8752920662
2023-02-23 15:09:00,23949.3,23949.725000000002,24032.0,23868.3,87.57763844,2097809.558977679,green,88.29863848549999
2023-02-23 15:30:00,23964.6,23973.35,24061.1,23903.1,89.11364707,2137038.703130178,red,88.60538106560001
2023-02-23 15:51:00,23939.6,23942.149999999998,23999.7,23889.7,73.79127738,1766378.586792313,green,88.82524512760001
2023-02-23 16:12:00,23936.35,23920.225,23944.2,23864.0,58.20821135,1391823.991127091,red,88.7053802887
2023-02-23 16:33:00,23882.75,23884.975,23941.9,23832.5,49.977827000000005,1193392.198570637,red,88.72055614589999
2023-02-23 16:54:00,23842.05,23823.300000000003,23871.0,23738.1,110.20698366,2623125.504998587,green,89.55412362379998
2023-02-23 17:15:00,23876.1,23866.875,23925.0,23790.3,70.52450005,1682381.932709995,green,89.7506070366
2023-02-23 17:36:00,23879.35,23872.25,23976.4,23753.9,167.02227021,3990417.861432148,red,90.5354470417
2023-02-23 17:57:00,23829.7,23818.699999999997,23885.3,23730.1,80.84602605,1923852.657672596,red,90.50889378000002
2023-02-23 18:18:00,23802.65,23811.55,23858.6,23782.3,42.19877785,1004866.846665933,green,90.4216049025
2023-02-23 18:39:00,23834.2,23844.325,23899.9,23809.0,46.97323675,1120818.536815329,green,90.2458912814
2023-02-23 19:00:00,23929.65,23934.475,24039.0,23839.6,63.03179522,1509565.575946659,green,90.407957251
2023-02-23 19:21:00,23981.05,23992.45,24050.0,23957.7,49.64460129,1191454.229438765,red,90.0194704523
2023-02-23 19:42:00,24004.35,23997.95,24044.8,23938.3,53.67472549,1286989.985532371,green,90.06705189419999
2023-02-23 20:03:00,24024.45,24025.475,24065.5,23987.5,51.4276551,1235566.536609971,red,90.0309314002
2023-02-23 20:24:00,24001.5,24003.5,24032.0,23979.0,28.45275981,683053.905698744,red,89.47206583449999
2023-02-23 20:45:00,23967.4,23960.15,23998.8,23907.0,39.00341059,933883.938339466,red,89.12246988940002
2023-02-23 21:06:00,23955.75,23963.95,24008.3,23936.0,32.6616115,783032.776978433,green,89.00297078270002
2023-02-23 21:27:00,23950.9,23951.024999999998,23977.1,23925.2,29.57723797,708324.908306708,red,88.6759719095
2023-02-23 21:48:00,23896.45,23879.575,23933.4,23792.0,83.72286443,1996882.694633028,red,89.11971609819999
2023-02-23 22:09:00,23854.45,23834.2,23867.9,23760.0,86.10437328,2049663.370043087,red,89.24753827180001
2023-02-23 22:30:00,23840.55,23824.05,23844.1,23771.0,65.0155258,1548110.527367107,red,89.32174468899998
2023-02-23 22:51:00,23858.1,23864.675000000003,23902.4,23840.1,41.85510169,999424.338641984,green,89.33729909499999
2023-02-23 23:12:00,23879.5,23869.35,23892.3,23826.1,32.85470041,784075.825074545,green,89.14457459639999
2023-02-23 23:33:00,23913.3,23910.850000000002,23950.0,23866.8,63.72027066,1523870.623914955,green,89.1480182235
2023-02-23 23:54:00,23956.85,23961.549999999996,24015.1,23917.4,59.73636774,1431403.317314322,green,88.7216181356
2023-02-24 00:15:00,23945.85,23950.9,24010.9,23901.0,45.74870591,1096116.351876936,red,88.5801364128
2023-02-24 00:36:00,23935.050000000003,23927.450000000004,23948.8,23890.9,28.88965149,690877.807974712,green,88.41085343520001
2023-02-24 00:57:00,24033.1,24037.0,24133.2,23948.6,93.15346643,2242084.5675603063,green,88.4976069648
2023-02-24 01:18:00,24075.75,24071.85,24125.9,24010.0,80.53303104,1937466.861527471,red,88.26012530140001
2023-02-24 01:39:00,24019.4,24026.6,24072.7,23994.9,25.64946282,616664.169620296,red,87.4895066577
2023-02-24 02:00:00,23973.75,23974.45,24015.8,23934.5,45.27302596,1085084.543753637,red,84.53121501790001
2023-02-24 02:21:00,23976.3,23979.125,24021.1,23942.8,22.11032916,530288.454612018,green,83.3928062977
2023-02-24 02:42:00,23970.199999999997,23966.199999999997,24013.4,23911.0,45.93481874,1099939.057299803,red,82.9382268145
2023-02-24 03:03:00,23959.6,23957.525,23989.9,23921.0,20.78222694,497805.576323551,green,82.1148603058
2023-02-24 03:24:00,23967.2,23967.45,23988.6,23946.8,17.85713611,428085.634935812,red,80.6449328352
2023-02-24 03:45:00,23955.1,23957.024999999998,23978.1,23939.8,12.48545757,299180.471347264,green,79.531122268
2023-02-24 04:06:00,23964.75,23957.475,23976.2,23924.2,25.48735052,610564.084146559,green,78.7413830202
2023-02-24 04:27:00,23972.2,23967.4,23979.3,23945.9,21.19833103,507954.071173234,green,77.6591330967
2023-02-24 04:48:00,23926.8,23924.824999999997,23979.3,23866.4,29.70145269,710395.989784945,red,77.2740667355
2023-02-24 05:09:00,23896.75,23893.425,23924.7,23855.5,42.97524218,1026305.2392290968,green,77.00087737780001
2023-02-24 05:30:00,23909.550000000003,23907.95,23920.2,23892.5,17.117955979999998,409232.594153222,red,76.57617259599999
2023-02-24 05:51:00,23862.2,23855.875,23911.1,23788.0,64.2657294,1532022.611044259,red,74.3172769058
2023-02-24 06:12:00,23838.75,23831.875,23869.0,23781.0,45.48877354,1083864.39005919,green,72.9720584854
2023-02-24 06:33:00,23879.25,23876.75,23904.9,23843.6,29.28343318,699054.514396575,green,72.6036738014
2023-02-24 06:54:00,23890.55,23886.75,23913.0,23852.9,28.59181562,682948.075776988,red,72.0324240034
2023-02-24 07:15:00,23846.9,23836.774999999998,23877.6,23775.7,44.31233188,1055132.815842218,red,71.3759381656
2023-02-24 07:36:00,23834.300000000003,23836.225000000002,23865.0,23811.3,23.63636868,563518.807924907,green,70.9807664377
2023-02-24 07:57:00,23815.9,23810.75,23856.1,23755.1,50.28179453,1196861.759560947,red,71.0003479879
2023-02-24 08:18:00,23845.85,23858.175,23968.8,23772.2,85.65956106,2045200.215030871,green,71.5099969342
2023-02-24 08:39:00,23905.300000000003,23894.600000000002,23914.0,23853.8,36.67761657,875999.8819505831,red,71.4386450767
2023-02-24 09:00:00,23893.4,23901.5,23931.6,23887.6,23.80680248,569148.377921137,red,70.8742246179
2023-02-24 09:21:00,23862.45,23861.775,23911.7,23810.5,43.24083779,1031429.885924486,red,69.8512260029
2023-02-24 09:42:00,23827.7,23837.525,23875.6,23819.1,20.49827632,488690.039724447,red,68.9513802645
2023-02-24 10:03:00,23808.0,23813.3,23856.7,23780.5,26.62831477,634118.162103488,red,68.3115052398
2023-02-24 10:24:00,23822.65,23823.15,23854.3,23793.0,21.94084211,523034.954083534,green,68.09432449959999
2023-02-24 10:45:00,23852.75,23858.725,23881.5,23847.9,32.20847188,768549.683401757,green,67.886572
2023-02-24 11:06:00,23869.05,23866.6,23893.2,23835.1,24.28581207,579568.545331578,green,67.6124872143
2023-02-24 11:27:00,23881.1,23873.525,23885.0,23846.9,26.43054454,630775.489057921,grey,67.12424444930001
2023-02-24 11:48:00,23901.75,23896.899999999998,23922.4,23861.7,29.86157705,713355.6079646259,green,67.0111605521
2023-02-24 12:09:00,23909.9,23932.475,24024.6,23885.5,113.22979554,2711195.889724995,red,67.94173105750001
2023-02-24 12:30:00,23885.8,23892.2,23935.5,23861.7,41.586332330000005,993855.890554785,red,67.99176209570001
2023-02-24 12:51:00,23869.45,23869.95,23900.6,23840.3,42.12388034,1005551.813580414,red,67.7538415149
2023-02-24 13:12:00,23842.4,23864.15,23986.5,23785.3,129.09598986,3082648.137331709,red,68.3522969008
2023-02-24 13:33:00,23787.95,23773.7,23843.2,23675.7,186.49805569,4429147.042786944,red,67.9092807851
2023-02-24 13:54:00,23740.800000000003,23740.875,23806.9,23675.0,63.11183468,1498623.867866281,red,67.6175474087
2023-02-24 14:15:00,23768.8,23771.75,23849.0,23700.4,69.02607725,1640256.323444422,green,67.6761214689
2023-02-24 14:36:00,23825.199999999997,23818.1,23857.4,23764.6,58.81351946,1400478.399204253,green,67.7040647671
2023-02-24 14:57:00,23738.95,23722.45,23844.9,23567.0,157.95577348,3742455.024076034,red,68.7739347318
2023-02-24 15:18:00,23582.75,23595.775,23699.5,23518.1,191.23883198,4511640.806589131,red,70.2844947584
2023-02-24 15:39:00,23438.0,23438.050000000003,23548.6,23327.6,340.42592465,7970448.906027345,red,73.3878561587
2023-02-24 16:00:00,23205.6,23173.75,23346.7,22937.1,695.90290686,16098299.681950051,red,80.0144515252
2023-02-24 16:21:00,23136.55,23124.300000000003,23240.0,22984.1,241.65422652,5589791.067990947,green,79.2216486141
2023-02-24 16:42:00,23186.15,23197.100000000002,23252.9,23163.2,100.98017862,2344986.741180833,red,79.8841529763
2023-02-24 17:03:00,23167.5,23161.574999999997,23194.2,23117.1,72.88226936000001,1688291.038278078,green,80.36837238940001
2023-02-24 17:24:00,23145.35,23138.875,23194.8,23070.0,81.87324427,1892769.9526379576,red,80.7871075007
2023-02-24 17:45:00,23104.65,23091.95,23133.8,23024.7,88.70534828,2046542.705600305,red,81.4631560525
2023-02-24 18:06:00,23109.45,23095.4,23146.7,23016.0,78.28158822,1806579.494599564,green,81.8442916456
2023-02-24 18:27:00,23139.050000000003,23122.65,23148.0,23064.5,92.73581585,2144378.542141962,green,82.5515041231
2023-02-24 18:48:00,23103.300000000003,23101.9,23148.0,23053.0,62.11958493,1434809.48820515,red,82.5363071412
2023-02-24 19:09:00,23054.1,23047.025,23070.9,23009.0,63.90924049,1472425.1421528049,red,82.5758511916
2023-02-24 19:30:00,23080.0,23028.225,23108.9,22844.0,200.85567777,4616394.409992816,green,84.26922164359999
2023-02-24 19:51:00,23173.65,23182.65,23289.0,23094.3,250.67512073,5814427.53097623,green,86.4330838258
2023-02-24 20:12:00,23236.95,23242.575,23325.9,23170.5,142.9339894,3325017.460951068,green,87.4720970245
2023-02-24 20:33:00,23200.15,23198.9,23243.4,23151.9,94.14566606,2184170.495179631,red,88.1040069841
2023-02-24 20:54:00,23188.15,23196.725,23251.7,23158.9,64.52302955,1497912.110778332,green,87.32940435280001
2023-02-24 21:15:00,23198.4,23190.450000000004,23213.4,23151.6,35.486855930000004,822344.04954252,red,87.001291327
2023-02-24 21:36:00,23133.800000000003,23132.125000000004,23192.6,23068.3,60.6462328,1402707.813767223,red,87.3637759671
2023-02-24 21:57:00,23115.35,23113.6,23166.7,23057.0,67.64210431,1563112.569435042,green,87.09606457699999
2023-02-24 22:18:00,23084.15,23080.100000000002,23149.8,23002.3,59.313802,1367469.111535962,red,84.1716081814
2023-02-24 22:39:00,23069.3,23058.075,23117.7,22976.0,65.34350386,1506743.899791516,green,83.1007736661
2023-02-24 23:00:00,23140.0,23122.425,23175.0,23034.7,81.48255339,1884012.203581691,green,82.3289323548
2023-02-24 23:21:00,23165.5,23172.9,23199.0,23161.6,66.73985724,1546972.879929114,green,81.8605966651
2023-02-24 23:42:00,23170.4,23173.925,23207.6,23147.3,38.73510224,897924.0194188231,green,81.03317658099999
2023-02-25 00:03:00,23169.95,23174.95,23196.7,23163.2,20.70792804,480018.900345861,red,79.0754981107
2023-02-25 00:24:00,23147.699999999997,23154.149999999998,23201.5,23119.7,36.29469169,840571.085164715,red,76.7926612684
2023-02-25 00:45:00,23132.7,23134.725,23166.5,23107.0,28.4055229,657260.393276886,green,74.8307174695
2023-02-25 01:06:00,23147.65,23154.325,23183.7,23138.3,27.59348527,639044.0731774711,green,74.19196557059999
2023-02-25 01:27:00,23167.4,23167.325000000004,23186.4,23148.1,15.87745963,367869.956755554,green,73.0010091252
2023-02-25 01:48:00,23183.55,23187.399999999998,23204.8,23177.7,17.1499486,397665.578485569,green,72.35622894900001
2023-02-25 02:09:00,23157.15,23158.325,23215.0,23104.0,31.71460793,734591.728002954,red,71.7975986439
2023-02-25 02:30:00,23098.7,23095.699999999997,23133.8,23051.6,36.69017096,846979.405150181,red,71.2733638828
2023-02-25 02:51:00,23081.65,23082.675,23119.2,23048.2,58.48314964,1349855.351242422,green,71.12028260539999
2023-02-25 03:12:00,23094.1,23099.949999999997,23122.0,23089.6,14.89783016,344146.49068895803,green,70.6871787935
2023-02-25 03:33:00,23095.6,23099.625,23126.2,23081.1,23.32414801,538842.5861479479,red,70.4206420036
2023-02-25 03:54:00,23087.9,23083.125000000004,23100.4,23056.3,46.00034786,1061480.750514306,red,69.7785756456
2023-02-25 04:15:00,23095.9,23091.65,23114.4,23060.4,30.90839263,713643.747899708,green,69.38241457139999
2023-02-25 04:36:00,23110.85,23110.8,23125.2,23096.3,18.09549316,418196.47395627503,green,67.8931468009
2023-02-25 04:57:00,23112.1,23112.550000000003,23125.9,23100.1,19.55559714,451974.215395195,green,67.2802425118
2023-02-25 05:18:00,23072.5,23069.675,23112.4,23021.3,43.08372373,993172.329892976,red,67.2890919706
2023-02-25 05:39:00,23037.1,23040.725,23056.0,23032.7,29.7231117,684959.679285094,green,67.1165907201
2023-02-25 06:00:00,23052.0,23056.225000000002,23079.6,23041.3,17.98052703,414781.693437341,green,66.6660780382
2023-02-25 06:21:00,23067.5,23073.15,23095.0,23062.6,14.86339445,343088.813378331,green,66.31826596980001
2023-02-25 06:42:00,23079.5,23079.775,23092.0,23068.1,25.0114403,577248.254637059,green,66.0316331179
2023-02-25 07:03:00,23087.15,23091.45,23108.8,23082.7,19.61333187,452896.761543707,green,65.7134898856
2023-02-25 07:24:00,23086.35,23089.525,23102.3,23083.1,25.70915285,593696.20907865,red,65.686053816
2023-02-25 07:45:00,23098.550000000003,23096.350000000002,23119.0,23069.3,24.7090199,570762.63791268,green,65.5431099091
2023-02-25 08:06:00,23130.15,23129.975,23151.0,23108.6,30.31307726,701118.9386672269,green,65.5196245667
2023-02-25 08:27:00,23135.25,23133.449999999997,23149.4,23113.9,25.61039945,592272.472327212,red,65.4799561815
2023-02-25 08:48:00,23119.05,23113.875,23124.8,23092.6,20.19922856,466769.04608109,red,64.8447198228
2023-02-25 09:09:00,23077.25,23077.15,23118.8,23035.3,58.45514235,1348045.422286831,red,64.5682275135
2023-02-25 09:30:00,23036.300000000003,23041.25,23066.4,23026.0,18.83179991,434051.13825544703,red,64.1063902546
2023-02-25 09:51:00,23042.9,23037.7,23062.7,23002.3,41.15876789,948186.436049446,green,64.0994269166
2023-02-25 10:12:00,23021.95,23021.850000000002,23055.7,22987.8,30.51286566,702260.4545708119,red,64.0760085691
2023-02-25 10:33:00,22986.8,22975.9,23000.0,22930.0,70.58498199,1621513.924686048,red,64.14465568240001
2023-02-25 10:54:00,22981.0,22969.525,23005.5,22910.6,45.00165165,1032845.676491075,red,63.99730852150001
2023-02-25 11:15:00,22979.1,22975.5,23011.4,22932.4,38.09477052,875161.71644617,red,63.9207691676
2023-02-25 11:36:00,22971.6,22969.775,22992.0,22943.9,43.32465125,994996.057479604,red,64.0651191652
2023-02-25 11:57:00,22964.6,22969.699999999997,22992.6,22957.0,20.17649479,463671.598331565,red,63.3353494488
2023-02-25 12:18:00,22938.65,22938.6,22963.6,22913.5,35.39657032,812004.209084547,red,62.8839848416
2023-02-25 12:39:00,22964.1,22948.675,23015.5,22851.0,103.59297491,2376223.373259132,green,63.6634199625
2023-02-25 13:00:00,23026.05,23023.975,23050.1,22993.7,50.66679972,1166231.337902193,green,63.7173577001
2023-02-25 13:21:00,23041.85,23045.699999999997,23086.0,23013.1,37.73796666,869912.2623530959,green,63.8736340751
2023-02-25 13:42:00,23023.85,23024.549999999996,23050.6,22999.9,24.05802094,553757.172440049,red,63.654866097100005
2023-02-25 14:03:00,22994.3,22995.875,23017.1,22977.8,29.0052036,667008.719900139,red,63.737095863700006
2023-02-25 14:24:00,22985.550000000003,22999.850000000002,23046.5,22981.8,25.44793708,585674.473615322,red,63.8130038734
2023-02-25 14:45:00,23004.7,23006.324999999997,23031.5,22984.4,23.79673126,547530.930762229,green,63.9261166103
2023-02-25 15:06:00,23025.15,23016.85,23025.5,22991.6,22.17236973,510143.924411943,green,63.8929668024
2023-02-25 15:27:00,23002.5,23003.775,23030.7,22979.4,30.80540725,708591.6885111029,red,63.9890375646
2023-02-25 15:48:00,23002.3,23000.8,23025.1,22973.5,25.13129199,577941.476470555,green,63.9433359576
2023-02-25 16:09:00,23035.2,23043.3,23077.8,23025.0,34.86614507,803702.7379300899,green,63.8622449865
2023-02-25 16:30:00,23034.75,23042.825,23083.0,23018.8,49.8322383,1148827.323553455,red,64.18938780970001
2023-02-25 16:51:00,23028.199999999997,23024.35,23041.0,23000.0,50.93972397,1172518.4887886809,green,64.0561277554
2023-02-25 17:12:00,23022.1,23025.375,23047.3,23010.0,17.80360213,409967.680993595,red,63.7792760413
2023-02-25 17:33:00,23019.9,23021.225000000002,23039.4,23005.7,38.42472193,884542.734920308,green,63.8706889288
2023-02-25 17:54:00,23035.2,23036.05,23046.0,23027.8,25.87196788,596049.844254066,green,63.8434904514
2023-02-25 18:15:00,23020.3,23015.074999999997,23043.3,22976.4,30.38186074,698935.799504382,red,63.70418574
2023-02-25 18:36:00,22995.15,22996.975,23027.7,22969.9,53.9340064,1240222.162077615,red,64.00716211720001
2023-02-25 18:57:00,22994.35,22992.875,23014.8,22968.0,40.41345303,929079.682497279,green,63.9084787022
2023-02-25 19:18:00,22972.300000000003,22966.9,23008.7,22914.3,65.10836713,1495070.611742329,red,63.7029667629
2023-02-25 19:39:00,22963.75,22957.975,22987.2,22917.2,42.5452905,976146.06911098,green,63.7616435022
2023-02-25 20:00:00,22959.0,22961.25,22993.6,22933.4,31.16962111,715960.0943004889,red,63.83527168850001
2023-02-25 20:21:00,22922.25,22922.45,22941.5,22903.8,56.36957464,1292016.579312996,red,63.966559057000005
2023-02-25 20:42:00,22931.0,22891.925000000003,22954.6,22751.1,255.63643759,5840728.034586934,green,66.31794066970001
2023-02-25 21:03:00,22920.6,22912.025,22960.8,22846.1,63.91626321,1464263.104148899,red,66.6908201541
2023-02-25 21:24:00,22893.8,22904.375,22943.3,22886.6,40.42395503,926308.509052104,green,66.8756512833
2023-02-25 21:45:00,22913.199999999997,22911.949999999997,22947.3,22874.1,41.68578376,955003.245524233,green,66.9704244021
2023-02-25 22:06:00,22984.6,22980.9,23050.3,22904.1,76.06109628,1749384.441699068,green,67.4881772442
2023-02-25 22:27:00,23059.75,23062.524999999998,23095.4,23035.2,68.07134992,1570830.145867274,green,67.904585298
2023-02-25 22:48:00,23101.55,23110.95,23174.7,23066.0,64.25107777,1486095.826387928,green,68.2484803052
2023-02-25 23:09:00,23153.8,23151.5,23184.8,23113.6,48.3441273,1119133.20980617,green,67.5996236228
2023-02-25 23:30:00,23170.800000000003,23162.425000000003,23182.7,23125.4,25.13390007,581963.602002919,red,67.4350993002
2023-02-25 23:51:00,23137.0,23141.175,23175.7,23115.0,34.73328857,804193.586114008,red,67.36119338249999
2023-02-26 00:12:00,23101.949999999997,23106.649999999998,23133.9,23088.8,14.25272413,329371.400004199,red,66.2127607252
2023-02-26 00:33:00,23094.0,23101.35,23138.4,23079.0,29.18110199,674262.12414714,green,64.6395911882
2023-02-26 00:54:00,23109.5,23104.725,23119.9,23080.0,8.57037679,197961.948914343,green,64.0941766093
2023-02-26 01:15:00,23108.65,23109.525,23123.3,23097.5,9.71456876,224528.545641387,red,63.5010615244
2023-02-26 01:36:00,23107.199999999997,23100.825,23117.6,23071.3,19.03631994,439635.88006862695,green,63.1032895292
2023-02-26 01:57:00,23095.8,23092.775,23116.9,23062.6,14.04209967,324172.767671831,red,61.66415279110001
2023-02-26 02:18:00,23109.65,23106.675000000003,23144.5,23062.9,28.33137498,654534.733758154,green,60.0350782211
2023-02-26 02:39:00,23190.85,23190.85,23245.7,23136.0,59.82125818,1387513.564299475,green,57.2290315564
2023-02-26 03:00:00,23229.949999999997,23222.45,23242.1,23187.8,54.98835587,1276727.964012424,red,50.8198860465
2023-02-26 03:21:00,23220.199999999997,23224.149999999998,23250.4,23205.8,25.52164149,592769.485624793,red,48.6585601962
2023-02-26 03:42:00,23216.7,23224.35,23252.8,23211.2,19.13511521,444565.817126007,red,47.8401095621
2023-02-26 04:03:00,23209.95,23210.65,23225.3,23197.4,19.11682486,443652.88076718,red,47.3024551171
2023-02-26 04:24:00,23189.050000000003,23191.35,23218.9,23168.4,25.73183738,596798.104642343,red,46.7410410482
2023-02-26 04:45:00,23184.85,23178.9,23195.9,23150.0,17.97864733,416625.304439578,green,46.0337740387
2023-02-26 05:06:00,23187.949999999997,23184.674999999996,23195.9,23166.9,15.75855751,365263.997171533,red,45.408543731600005
2023-02-26 05:27:00,23174.25,23170.9,23180.1,23155.0,15.95758375,369686.670669369,red,44.6407614106
2023-02-26 05:48:00,23149.050000000003,23147.425,23168.4,23123.2,25.06201932,580006.074748545,red,44.2701857545
2023-02-26 06:09:00,23130.65,23122.95,23140.5,23090.0,38.36912011,886667.7567053491,green,44.01478455070001
2023-02-26 06:30:00,23146.2,23146.75,23163.2,23131.4,14.65030287,339097.724438158,green,42.1527308017
2023-02-26 06:51:00,23160.4,23164.175000000003,23185.9,23150.0,19.89324509,460886.517870976,red,39.8449120453
2023-02-26 07:12:00,23166.15,23165.300000000003,23174.3,23154.6,10.0884984,233664.29445305504,green,38.5164571353
2023-02-26 07:33:00,23163.9,23171.825,23207.8,23151.7,34.72977038,804926.335729658,red,37.9222981785
2023-02-26 07:54:00,23148.8,23145.699999999997,23156.6,23128.6,23.8772845,552661.395154679,red,37.515840728
2023-02-26 08:15:00,23140.35,23134.275,23142.3,23114.1,38.09344711,880984.097358436,red,37.5419066398
2023-02-26 08:36:00,23148.5,23151.7,23171.3,23138.5,35.39648125,819817.288123632,green,37.28940912429999
2023-02-26 08:57:00,23164.6,23170.175000000003,23196.9,23154.6,25.68833465,595375.544520038,green,36.8698714277
2023-02-26 09:18:00,23188.25,23199.774999999998,23251.9,23170.7,41.16603461,955590.3455759712,green,36.6883937538
2023-02-26 09:39:00,23242.4,23243.100000000002,23289.3,23198.3,75.93387637000001,1765984.137706631,green,36.794297478900006
2023-02-26 10:00:00,23259.35,23257.475,23279.2,23232.0,38.42923531,893375.250790387,red,36.3637642981
2023-02-26 10:21:00,23233.55,23234.125,23255.0,23214.4,22.62758906,525687.737668269,red,35.922641616300005
2023-02-26 10:42:00,23232.1,23232.4,23243.4,23222.0,16.076839709999998,373490.29340001,green,35.696058991
2023-02-26 11:03:00,23223.199999999997,23222.774999999998,23244.7,23200.0,41.85318973,972122.60826575,red,35.9075116079
2023-02-26 11:24:00,23213.9,23219.425,23240.1,23209.8,28.90449903,671284.456058642,green,35.8336096813
2023-02-26 11:45:00,23241.4,23243.9,23276.2,23216.6,29.30756569,681354.28818852,green,35.8426301092
2023-02-26 12:06:00,23243.25,23234.225,23264.9,23185.5,37.9301924,880734.662252491,red,35.9459971805
2023-02-26 12:27:00,23199.25,23202.675,23239.5,23172.7,21.79094103,505491.04591494,red,36.005131994500005
2023-02-26 12:48:00,23175.85,23167.499999999996,23188.6,23129.7,34.97744581,810090.622394681,red,36.1834069666
2023-02-26 13:09:00,23178.6,23169.375,23184.4,23135.9,27.71998755,642129.70166693,green,36.1434607628
2023-02-26 13:30:00,23181.0,23182.0,23194.5,23171.5,20.78376273,481850.080100781,red,35.984396680500005
2023-02-26 13:51:00,23212.8,23216.075,23258.4,23180.3,26.57462176,617215.8220441251,green,35.6653114017
2023-02-26 14:12:00,23231.550000000003,23248.550000000003,23326.0,23205.1,73.10777979,1701077.506548495,red,36.247410898
2023-02-26 14:33:00,23232.25,23232.275,23284.6,23180.0,47.79035545,1110346.555048844,green,36.4920729724
2023-02-26 14:54:00,23231.6,23222.425000000003,23246.9,23179.6,33.51025189,777734.616016348,red,36.3671720127
2023-02-26 15:15:00,23202.9,23204.450000000004,23226.4,23185.6,29.28329818,679437.535214308,red,36.3509210682
2023-02-26 15:36:00,23215.4,23216.350000000002,23245.3,23189.3,34.20517267,794559.854803348,green,36.5120178633
2023-02-26 15:57:00,23239.55,23238.725,23256.7,23219.1,23.57921735,547939.191898503,red,36.5522540654
2023-02-26 16:18:00,23217.85,23214.65,23246.5,23176.4,25.0461588,581325.121718151,red,36.3718784161
2023-02-26 16:39:00,23189.65,23187.425000000003,23204.4,23166.0,43.7247496,1013730.512857665,red,36.511894795100005
2023-02-26 17:00:00,23177.15,23171.95,23195.5,23138.0,53.61748319,1241934.989036531,red,36.8682643567
2023-02-26 17:21:00,23171.05,23165.45,23174.0,23145.7,19.71258573,456598.360271424,red,36.9167562695
2023-02-26 17:42:00,23206.95,23214.15,23272.7,23170.0,38.32510417,889806.57077295,green,37.0498929082
2023-02-26 18:03:00,23244.45,23248.0,23278.9,23224.2,47.57465466,1106229.72208047,green,37.3295061361
2023-02-26 18:24:00,23339.35,23339.5,23456.7,23222.6,125.89905743,2939777.494908627,green,38.3314051819
2023-02-26 18:45:00,23440.75,23459.5,23538.7,23417.8,161.87598066,3801356.453170483,green,39.7030747895
2023-02-26 19:06:00,23463.449999999997,23450.824999999997,23508.0,23368.4,98.0410216,2298153.5937761893,green,40.3803542329
2023-02-26 19:27:00,23500.0,23493.574999999997,23517.2,23457.1,47.89091814,1124475.527790629,green,40.6031594198
2023-02-26 19:48:00,23523.800000000003,23517.775,23541.5,23482.0,60.62699499,1425819.038132806,green,41.007437084100005
2023-02-26 20:09:00,23557.65,23541.375000000004,23585.9,23464.3,91.96707052,2163719.7729820777,green,41.3425563658
2023-02-26 20:30:00,23614.449999999997,23615.824999999997,23684.3,23550.1,153.58802062,3629754.259069546,green,42.6901185729
2023-02-26 20:51:00,23632.2,23625.350000000002,23656.2,23580.8,62.6990722,1480712.167035371,red,42.905521616
2023-02-26 21:12:00,23601.0,23608.75,23649.8,23583.2,35.17923162,830832.839235059,red,42.9521852756
2023-02-26 21:33:00,23587.9,23588.050000000003,23607.0,23569.4,30.27586997,714189.087840858,green,42.5490941554
2023-02-26 21:54:00,23578.55,23572.4,23592.5,23540.0,51.61507274,1216332.896157598,red,42.6152283663
2023-02-26 22:15:00,23457.2,23451.425,23564.5,23326.8,121.35743723,2843011.787303416,red,43.44785503339999
2023-02-26 22:36:00,23393.9,23393.6,23452.0,23334.6,46.52804157,1088900.254410343,green,43.4798889366
2023-02-26 22:57:00,23488.050000000003,23510.800000000003,23629.2,23437.9,108.50790098,2552658.980752139,green,44.3632029985
2023-02-26 23:18:00,23547.85,23542.95,23581.4,23494.7,58.80685743,1383807.037883986,green,44.59730586960001
2023-02-26 23:39:00,23557.8,23549.050000000003,23562.7,23517.9,18.0458691,424798.122546306,green,43.74183481149999
2023-02-27 00:00:00,23538.45,23529.025,23561.1,23478.1,34.07414258,801351.975627194,red,43.5759082401
2023-02-27 00:21:00,23494.5,23490.5,23522.2,23450.8,68.01452828,1597862.0478184791,red,43.87867385629999
2023-02-27 00:42:00,23464.15,23473.024999999998,23503.6,23460.2,17.59837043,413288.847938985,red,43.814077351200005
2023-02-27 01:03:00,23452.4,23455.300000000003,23479.3,23437.1,25.87908298,607064.468695394,red,43.782816145000005
2023-02-27 01:24:00,23481.35,23481.175000000003,23518.4,23443.6,18.27118575,429244.338574327,green,43.7110486317
2023-02-27 01:45:00,23574.800000000003,23576.65,23638.9,23518.1,36.79356872,867059.973407374,green,43.8410170063
2023-02-27 02:06:00,23592.699999999997,23589.1,23631.3,23539.7,33.23217215,783322.07037724,red,43.9516150305
2023-02-27 02:27:00,23552.95,23547.0,23555.0,23527.1,17.84911863,420201.531846505,red,43.8220521443
2023-02-27 02:48:00,23550.300000000003,23553.975,23578.2,23537.1,17.65021878,415797.86336280697,red,43.74724141219999
2023-02-27 03:09:00,23571.9,23582.9,23639.0,23548.8,32.92696141,777228.857583066,green,43.7278495756
2023-02-27 03:30:00,23576.45,23578.3,23610.0,23550.3,16.650915350000002,392553.9152179,red,43.3960363461
2023-02-27 03:51:00,23546.55,23550.375,23583.7,23524.7,36.36603702,856224.352265148,red,43.25029947659999
2023-02-27 04:12:00,23518.4,23512.699999999997,23535.1,23478.9,40.60248579,954363.100711605,red,43.4782883132
2023-02-27 04:33:00,23496.2,23492.774999999998,23511.5,23467.2,27.59893456,648228.256639208,red,43.3700304395
2023-02-27 04:54:00,23475.4,23476.075,23504.7,23448.8,35.62933175,836461.3272302371,red,43.4676040782
2023-02-27 05:15:00,23466.55,23465.949999999997,23481.8,23448.9,23.19584566,544298.653650678,green,43.3957439274
2023-02-27 05:36:00,23441.75,23427.9,23478.6,23349.5,78.688092,1842526.769050214,red,43.643284783400006
2023-02-27 05:57:00,23412.9,23405.575,23433.7,23362.8,43.43983779,1016125.6921035792,green,43.673548631
2023-02-27 06:18:00,23401.65,23401.425000000003,23427.9,23374.5,20.67041386,483795.551915669,red,43.2291690983
2023-02-27 06:39:00,23397.35,23401.15,23427.3,23382.6,18.97174736,443925.07302942895,green,42.9934336669
2023-02-27 07:00:00,23419.050000000003,23424.500000000004,23453.1,23406.8,25.68241769,601730.745034963,green,42.9385616327
2023-02-27 07:21:00,23431.35,23433.049999999996,23455.1,23414.4,22.05764098,516846.16928711,green,42.5954422961
2023-02-27 07:42:00,23429.8,23429.2,23441.5,23415.7,23.71510777,555654.040767173,red,40.276228997900006
2023-02-27 08:03:00,23402.35,23407.174999999996,23450.6,23373.4,23.98229081,561442.037699003,red,39.8768892739
2023-02-27 08:24:00,23392.55,23386.8,23419.1,23343.0,35.31622397,825553.122418542,green,39.825811963300005
2023-02-27 08:45:00,23389.2,23387.15,23416.7,23353.5,35.03837644,819236.860568411,red,39.7593378901
2023-02-27 09:06:00,23384.35,23377.475000000002,23407.9,23333.3,43.11147808,1007423.010099191,green,39.4298417081
2023-02-27 09:27:00,23397.6,23406.574999999997,23435.7,23395.4,35.19979545,823992.10403954,red,39.1011261634
2023-02-27 09:48:00,23386.699999999997,23386.675,23396.3,23377.0,22.30859443,521765.668259725,red,38.68170133
2023-02-27 10:09:00,23384.3,23384.925000000003,23402.0,23369.1,11.69552912,273504.768105791,green,38.3152153482
2023-02-27 10:30:00,23395.75,23385.4,23400.0,23350.1,35.52347796,830134.477653315,green,38.4191111271
2023-02-27 10:51:00,23400.9,23396.875,23416.8,23368.9,23.2857888,544711.118479342,green,38.3046361294
2023-02-27 11:12:00,23415.85,23415.275,23430.0,23399.4,24.85627804,581904.567289771,green,38.4106716685
2023-02-27 11:33:00,23428.55,23430.825,23445.0,23421.2,17.80913701,417316.217458332,red,38.2969520187
2023-02-27 11:54:00,23414.1,23416.6,23437.3,23400.9,17.923898180000002,419765.570773604,red,38.3904872326
2023-02-27 12:15:00,23402.0,23400.949999999997,23416.9,23382.9,32.24884528,754644.796091119,green,38.6158299978
2023-02-27 12:36:00,23394.9,23401.25,23434.0,23381.2,17.62195257,412386.27332023904,red,38.6016863241
2023-02-27 12:57:00,23435.35,23436.55,23489.3,23386.2,40.67857591,953607.353082035,green,38.8680510865
2023-02-27 13:18:00,23602.7,23611.15,23758.7,23480.5,222.71184332,5261987.477021527,green,40.8118557699
2023-02-27 13:39:00,23715.2,23727.774999999998,23800.0,23680.7,158.24706928,3757631.116924684,red,41.7961138809
2023-02-27 14:00:00,23727.05,23721.125,23756.1,23674.3,72.87963315,1728221.733718764,green,41.9750266537
2023-02-27 14:21:00,23747.35,23767.375,23848.0,23726.8,132.19109103,3143821.031755255,green,43.041721149100006
2023-02-27 14:42:00,23769.5,23769.875,23815.5,23725.0,81.62145897,1939984.117573389,green,43.6665845867
2023-02-27 15:03:00,23805.65,23824.350000000002,23897.8,23788.3,81.33024339,1939213.190287415,green,44.288718772
2023-02-27 15:24:00,23695.15,23675.05,23842.1,23467.8,222.18714603,5252417.718126301,red,46.2532718585
2023-02-27 15:45:00,23591.699999999997,23578.6,23619.7,23511.3,141.23495901,3327457.349518043,green,47.4858349753
2023-02-27 16:06:00,23477.5,23434.175,23610.7,23171.0,402.84353978,9406472.075514726,red,51.356684798
2023-02-27 16:27:00,23376.15,23343.025,23450.9,23168.9,151.12708167,3523072.742451036,green,52.7083797772
2023-02-27 16:48:00,23387.5,23378.75,23424.2,23315.8,95.38434424,2229147.187980657,red,53.4116030264
2023-02-27 17:09:00,23353.15,23339.4,23381.4,23269.9,47.24510389,1102441.683935068,red,53.5003628642
2023-02-27 17:30:00,23369.1,23374.5,23423.4,23336.4,55.39982264,1295642.913267719,green,53.9078580619
2023-02-27 17:51:00,23340.75,23339.725,23399.7,23277.7,45.56517362,1063316.492407915,red,54.1645773472
2023-02-27 18:12:00,23233.1,23240.4,23328.5,23166.9,83.76370318,1945824.806462241,red,54.901329395000005
2023-02-27 18:33:00,23217.35,23218.65,23276.9,23163.0,61.95216028,1438804.896928225,green,55.173553294
2023-02-27 18:54:00,23274.75,23286.4,23356.8,23239.3,66.52926541,1550124.759718055,green,55.6000731031
2023-02-27 19:15:00,23313.4,23297.300000000003,23334.4,23228.0,66.82685519,1556446.442395446,green,55.8874071839
2023-02-27 19:36:00,23301.55,23297.3,23327.8,23258.3,31.96445185,744593.272482787,red,55.8530868899
2023-02-27 19:57:00,23243.6,23222.624999999996,23302.6,23100.7,113.8980129,2642055.037929408,red,56.7351836724
2023-02-27 20:18:00,23211.65,23221.95,23268.7,23195.8,47.24786394,1097747.46723478,green,56.7960019657
2023-02-27 20:39:00,23268.15,23264.800000000003,23325.8,23197.1,62.95856989,1465236.503245489,green,56.6662489009
2023-02-27 21:00:00,23333.199999999997,23333.249999999996,23363.4,23303.2,39.41324536,919833.6412833008,green,56.67608900140001
2023-02-27 21:21:00,23364.85,23356.199999999997,23388.5,23306.6,46.20428409,1079210.417329454,green,56.911855951700005
2023-02-27 21:42:00,23380.95,23379.925,23392.8,23365.0,15.87398445,371125.60369009,red,56.9098273991
2023-02-27 22:03:00,23376.7,23389.25,23435.1,23368.5,60.86730834,1424480.413266921,red,57.0999685852
2023-02-27 22:24:00,23388.9,23390.050000000003,23415.8,23366.6,33.70064605,788305.799035241,green,57.1479300554
2023-02-27 22:45:00,23442.9,23461.774999999998,23565.6,23395.7,109.8928652,2581677.744513669,green,57.95378305050001
2023-02-27 23:06:00,23484.75,23489.35,23524.4,23463.5,29.09012533,683412.746924659,green,57.8653823798
2023-02-27 23:27:00,23498.65,23514.175000000003,23578.8,23480.6,38.03132493,894641.105061606,green,58.0277862188
2023-02-27 23:48:00,23497.050000000003,23497.4,23522.3,23473.2,34.11464716,801614.833503716,red,58.01915823230001
2023-02-28 00:09:00,23481.85,23495.399999999998,23543.6,23474.3,36.98083065,869302.095102157,red,58.1117666633
2023-02-28 00:30:00,23463.25,23472.699999999997,23522.9,23441.4,25.95331629,609147.742509555,red,58.1634621989
2023-02-28 00:51:00,23439.15,23433.15,23457.0,23397.3,29.67811628,695226.868301656,red,58.1944971441
2023-02-28 01:12:00,23426.15,23430.649999999998,23457.1,23413.2,22.05261217,516713.215071567,red,57.6839454679
2023-02-28 01:33:00,23422.9,23406.15,23432.0,23346.8,38.65145048,904186.760174273,green,57.5925564182
2023-02-28 01:54:00,23434.6,23425.7,23446.4,23387.2,35.25288716,825725.926026336,green,57.6099827709
2023-02-28 02:15:00,23442.05,23447.0,23474.1,23429.8,29.7263719,697173.04157578,green,57.6144135081
2023-02-28 02:36:00,23439.85,23435.75,23453.2,23410.1,23.67104734,554652.0215365461,red,57.5090722548
2023-02-28 02:57:00,23459.199999999997,23467.399999999998,23521.0,23430.2,33.42723419,784958.241218946,green,57.607552423200005
2023-02-28 03:18:00,23471.5,23475.949999999997,23501.7,23459.1,33.13216308,778050.456890971,red,57.68841246600001
2023-02-28 03:39:00,23460.2,23466.95,23492.2,23455.2,21.02283251,493373.22895893,green,57.46139329510001
2023-02-28 04:00:00,23432.1,23430.925,23463.8,23395.7,36.08398263,845357.57677857,red,57.2860582895
2023-02-28 04:21:00,23408.7,23411.375,23433.6,23394.5,17.59773016,411970.421081331,green,57.2649097338
2023-02-28 04:42:00,23413.2,23412.875,23437.1,23388.0,19.22855784,450298.275232483,green,57.07394427050001
2023-02-28 05:03:00,23420.0,23421.825,23440.8,23406.5,12.2084775,285961.346480518,green,56.7202824989
2023-02-28 05:24:00,23409.95,23403.35,23426.1,23367.4,28.59082295,668914.79404239,red,55.7472001541
2023-02-28 05:45:00,23387.35,23385.375,23399.0,23367.8,55.22736066,1291571.770075984,red,54.6807139541
2023-02-28 06:06:00,23384.1,23388.7,23405.9,23380.7,17.16856676,401650.04723938,green,53.871989405700006
2023-02-28 06:27:00,23390.55,23387.125,23402.4,23365.0,15.00096095,350874.063605049,green,53.5430898338
2023-02-28 06:48:00,23383.35,23387.225000000002,23409.9,23372.3,11.15418835,260902.275373157,red,53.0483617674
2023-02-28 07:09:00,23364.1,23368.375,23392.8,23352.5,18.02866011,421338.417887314,red,52.30897766329999
2023-02-28 07:30:00,23311.4,23315.950000000004,23377.9,23263.1,76.68161261,1787770.025055752,red,51.5399135832
2023-02-28 07:51:00,23266.6,23255.449999999997,23283.6,23205.0,95.77806595,2226641.90961662,red,51.8707035207
2023-02-28 08:12:00,23266.45,23266.325,23293.9,23238.5,32.65265311,759689.068028106,red,51.8454377356
2023-02-28 08:33:00,23276.7,23274.45,23299.2,23245.2,25.21839983,586892.356122049,green,51.7948630342
2023-02-28 08:54:00,23295.9,23291.9,23314.0,23261.8,27.97777126,651725.908869919,green,51.5584900194
2023-02-28 09:15:00,23277.75,23278.324999999997,23305.7,23252.1,28.01208333,652142.013203066,red,50.625036480400006
2023-02-28 09:36:00,23270.6,23270.699999999997,23295.5,23246.1,27.36735947,636876.364357583,green,50.4334296594
2023-02-28 09:57:00,23293.4,23284.550000000003,23297.9,23253.5,15.85804659,369038.676507405,green,49.5069311155
2023-02-28 10:18:00,23300.0,23295.125,23308.8,23271.7,20.42140656,475672.666840689,green,49.123076606800005
2023-02-28 10:39:00,23331.75,23337.675,23385.0,23302.2,44.64514244,1042552.374248672,green,49.3890693402
2023-02-28 11:00:00,23360.2,23358.425,23376.6,23336.7,43.29242957,1011239.634850235,red,49.4812522101
2023-02-28 11:21:00,23384.5,23382.85,23418.7,23343.7,52.91854944,1237058.437929381,green,49.3302924217
2023-02-28 11:42:00,23404.35,23402.35,23418.7,23382.0,40.38297779,944962.699546881,red,49.5581384953
2023-02-28 12:03:00,23444.85,23447.0,23499.9,23398.4,103.50432608,2426477.878546947,green,50.3343909263
2023-02-28 12:24:00,23474.15,23475.25,23499.1,23453.6,60.82056891,1427735.611808995,red,50.7598847579
2023-02-28 12:45:00,23443.0,23445.875,23484.9,23412.6,45.79725484,1073896.694257048,red,50.8499216191
2023-02-28 13:06:00,23416.1,23410.2,23435.9,23372.7,45.35003538,1061466.650911848,red,50.9711002514
2023-02-28 13:27:00,23406.15,23400.1,23412.5,23375.6,39.21041607,917181.921773278,green,51.1847132258
2023-02-28 13:48:00,23402.25,23410.824999999997,23442.9,23395.9,35.33916716,827526.663904109,red,51.3616027096
2023-02-28 14:09:00,23395.300000000003,23398.525,23423.0,23380.5,31.72613847,742513.355934695,red,51.3495944802
2023-02-28 14:30:00,23413.25,23430.6,23572.8,23323.1,181.55515857,4259355.427265902,green,52.99863691240001
2023-02-28 14:51:00,23426.6,23446.25,23524.4,23407.4,80.6734417,1892530.385012545,red,53.4417109592
2023-02-28 15:12:00,23451.9,23461.200000000004,23537.4,23403.6,87.34089439,2050050.060889222,green,53.9090950452
2023-02-28 15:33:00,23490.85,23498.1,23540.0,23470.7,61.77100662,1452093.748163767,green,54.2508157658
2023-02-28 15:54:00,23501.95,23522.85,23595.0,23492.5,80.12389685,1886601.093022175,green,54.6957614168
2023-02-28 16:15:00,23485.15,23490.250000000004,23529.4,23461.3,28.70981258,674464.131592421,red,54.75090108599999
2023-02-28 16:36:00,23457.699999999997,23457.5,23483.6,23431.0,33.57531539,787400.098477255,red,54.299773319900005
2023-02-28 16:57:00,23467.05,23470.0,23507.3,23438.6,25.86031706,607034.464626423,green,54.1239781126
2023-02-28 17:18:00,23485.15,23495.75,23536.5,23476.2,43.11548885,1013482.932924322,green,54.34842886249999
2023-02-28 17:39:00,23507.6,23513.325,23552.9,23485.2,39.09576176,919533.636697379,green,54.54966900650001
2023-02-28 18:00:00,23496.75,23495.3,23546.7,23441.0,38.14447113,896139.606097292,red,54.6742895409
2023-02-28 18:21:00,23466.25,23470.875,23506.2,23444.8,37.75560101,886562.231502156,green,54.8312691412
2023-02-28 18:42:00,23472.050000000003,23474.4,23494.7,23458.8,30.60583888,718475.061678288,green,54.9001764523
2023-02-28 19:03:00,23417.199999999997,23411.799999999996,23475.7,23337.1,61.08397355,1429521.848513205,red,55.2711932797
2023-02-28 19:24:00,23316.449999999997,23301.55,23364.6,23208.7,119.89308187,2791316.1762104467,red,56.1169618587
2023-02-28 19:45:00,23231.15,23234.850000000002,23307.8,23169.3,77.01361938,1790109.634156916,red,56.5367142881
2023-02-28 20:06:00,23227.95,23238.0,23306.9,23189.2,48.71401496,1133367.931872631,green,56.5927396569
2023-02-28 20:27:00,23299.85,23292.225,23339.0,23230.2,43.96619907,1023534.834512907,green,56.6804036931
2023-02-28 20:48:00,23265.65,23259.525,23333.0,23173.8,48.71861759,1133182.115698181,red,56.9445039247
2023-02-28 21:09:00,23195.45,23179.725,23210.1,23117.9,83.61050772,1936545.821866027,red,57.6636537107
2023-02-28 21:30:00,23132.55,23119.675000000003,23192.7,23020.9,194.04813169,4478926.621480825,red,59.248900248
2023-02-28 21:51:00,23136.75,23135.075,23201.8,23065.0,79.21716836,1833192.7731511989,green,59.8082140436
2023-02-28 22:12:00,23200.9,23205.15,23236.9,23181.9,56.05229543,1300736.749495756,red,60.1201742175
2023-02-28 22:33:00,23170.45,23176.1,23228.0,23135.5,37.70726479,874573.0477923721,red,60.3191554953
2023-02-28 22:54:00,23146.5,23146.925,23169.9,23124.8,58.38961588,1351584.3393341291,green,60.7238126723
2023-02-28 23:15:00,23132.6,23141.074999999997,23197.1,23102.0,50.94566841,1178936.181890037,red,60.9107809036
2023-02-28 23:36:00,23116.6,23129.524999999998,23172.7,23112.2,44.257801050000005,1024209.496513454,green,61.1771393884
2023-02-28 23:57:00,23150.45,23150.625,23181.0,23120.6,50.32314552,1165128.694273226,green,61.2735850845
2023-03-01 00:18:00,23187.9,23190.8,23218.2,23169.2,43.2065527,1002209.3094104632,green,59.4785321783
2023-03-01 00:39:00,23148.05,23129.0,23195.9,23024.0,130.44949922,3011454.970996973,red,59.200556477700005
2023-03-01 01:00:00,23122.1,23121.725,23164.7,23078.0,43.57387023,1008096.01915869,green,58.9074988485
2023-03-01 01:21:00,23190.1,23197.574999999997,23283.2,23126.9,54.19690453,1258165.935595732,green,58.1275569835
2023-03-01 01:42:00,23244.7,23250.574999999997,23299.5,23213.4,48.16651302,1120117.829050594,green,57.793007524
2023-03-01 02:03:00,23255.15,23260.200000000004,23288.9,23241.6,53.25151142,1239284.7883016071,green,57.5122202043
2023-03-01 02:24:00,23275.85,23276.375,23315.0,23238.8,32.73706529,761934.22193299,green,55.6177193969
2023-03-01 02:45:00,23311.05,23313.125,23336.0,23294.4,41.13940666,958873.318628748,green,54.6167638734
2023-03-01 03:06:00,23388.55,23394.9,23493.6,23308.9,193.62049195,4533530.540063145,green,52.52453339510001
2023-03-01 03:27:00,23454.6,23453.625,23488.3,23417.0,71.92702449000001,1687645.9176684269,green,51.732532823300005
2023-03-01 03:48:00,23447.95,23440.6,23459.8,23406.7,33.62805208,788104.636226307,red,51.11496990170001
2023-03-01 04:09:00,23452.5,23453.1,23479.9,23427.5,42.68369198,1001224.50496296,green,51.069355782600006
2023-03-01 04:30:00,23600.05,23607.175000000003,23760.0,23468.6,172.86118298,4075197.099430782,green,52.24396938600001
2023-03-01 04:51:00,23752.9,23767.700000000004,23849.9,23715.1,186.01767301,4425016.964338868,green,53.6484943799
2023-03-01 05:12:00,23728.85,23720.25,23773.2,23650.1,80.41635495999999,1905536.409084934,red,53.615020897700006
2023-03-01 05:33:00,23687.7,23682.125,23717.9,23635.2,70.23558557,1663049.297679675,green,53.6978551506
2023-03-01 05:54:00,23700.75,23702.325,23738.0,23669.8,28.92605652,685532.289274238,green,53.32182306170001
2023-03-01 06:15:00,23716.699999999997,23722.175,23762.0,23693.3,30.60246131,725950.3734884011,green,52.9595791229
2023-03-01 06:36:00,23743.75,23748.875,23800.0,23708.0,49.67661465,1180473.109048205,green,53.1367007509
2023-03-01 06:57:00,23741.300000000003,23734.825000000004,23768.1,23688.6,75.53049817,1792829.425200082,red,52.7530256036
2023-03-01 07:18:00,23708.45,23713.05,23740.3,23695.0,77.1030295,1828928.596510308,red,53.0515772592
2023-03-01 07:39:00,23701.2,23705.825,23727.9,23693.0,37.45770503,888084.159150633,green,52.796568610600005
2023-03-01 08:00:00,23738.4,23736.5,23785.7,23683.5,63.6639991,1511334.587919802,green,53.03907614800001
2023-03-01 08:21:00,23765.550000000003,23758.800000000003,23782.7,23721.4,38.19191955,907148.063811574,red,52.9589525026
2023-03-01 08:42:00,23789.949999999997,23830.574999999997,24000.0,23742.4,160.47486479,3833254.782240121,green,54.404961306
2023-03-01 09:03:00,23794.4,23801.149999999998,23849.6,23766.2,69.63607684,1658959.618880753,red,54.492648991
2023-03-01 09:24:00,23762.6,23771.55,23810.0,23751.0,44.75551535,1064325.742119479,red,54.60319768400001
2023-03-01 09:45:00,23749.7,23750.025,23774.4,23726.3,32.66626892,775768.519537835,red,53.8309317212
2023-03-01 10:06:00,23737.5,23725.325,23750.3,23676.0,88.59638287,2101807.561883326,red,54.4259942966
2023-03-01 10:27:00,23740.699999999997,23740.35,23763.0,23717.0,27.29699765,648026.496483012,green,54.3186510238
2023-03-01 10:48:00,23761.6,23760.6,23782.5,23736.7,51.38533907,1221668.911370381,green,54.4913579429
2023-03-01 11:09:00,23760.25,23761.350000000002,23783.1,23741.8,32.97655253,783973.574762789,red,54.4513151617
2023-03-01 11:30:00,23731.550000000003,23733.925000000003,23764.5,23708.1,26.49010579,628721.671830001,red,54.4566830567
2023-03-01 11:51:00,23719.1,23723.074999999997,23751.1,23703.0,22.27147916,528487.651648301,green,54.3826166855
2023-03-01 12:12:00,23761.35,23766.25,23822.4,23719.9,30.94168346,735180.894303535,green,54.4715073984
2023-03-01 12:33:00,23765.75,23758.325,23802.3,23699.5,47.50354309,1127410.514529482,red,54.5600283245
2023-03-01 12:54:00,23707.35,23703.375,23730.7,23668.1,44.8829537,1063966.654092147,red,54.6563289899
2023-03-01 13:15:00,23661.15,23662.050000000003,23707.8,23618.1,49.89254941,1180086.603856541,red,54.857990765
2023-03-01 13:36:00,23658.25,23664.875,23706.2,23636.8,147.4544218,3492307.725307087,green,56.09582450960001
2023-03-01 13:57:00,23685.9,23683.4,23706.8,23655.0,126.13855657,2987837.44144018,green,57.02293773339999
2023-03-01 14:18:00,23658.5,23649.725,23710.8,23571.1,181.02227211,4283531.813453881,red,58.5018388237
2023-03-01 14:39:00,23649.75,23700.725000000002,23883.1,23620.3,321.8622605,7649118.770638577,green,61.5102331036
2023-03-01 15:00:00,23674.45,23666.025,23741.7,23573.5,237.40716011,5612950.293473407,green,63.5234648784
2023-03-01 15:21:00,23714.75,23709.925,23767.9,23642.3,184.07387638,4362312.286492221,green,65.18822634060001
2023-03-01 15:42:00,23723.85,23725.824999999997,23764.7,23690.9,154.52362421,3665110.892601272,red,66.5411770043
2023-03-01 16:03:00,23659.800000000003,23642.75,23695.8,23555.6,206.98945432,4887884.929661257,red,68.4889867725
2023-03-01 16:24:00,23654.25,23660.675000000003,23721.1,23613.1,171.35777225,4053486.548401615,green,69.91665626550001
2023-03-01 16:45:00,23688.15,23697.25,23741.8,23670.9,206.97193067,4906160.716047419,green,71.43410196560001
2023-03-01 17:06:00,23707.25,23711.6,23742.7,23689.2,167.3512172,3969143.468403904,green,72.93592847
2023-03-01 17:27:00,23721.85,23716.049999999996,23741.1,23679.4,119.89738878,2843208.96504901,red,73.98489274830001
2023-03-01 17:48:00,23719.2,23718.649999999998,23742.0,23694.2,138.52091406,3285454.355216548,red,75.2585600054
2023-03-01 18:09:00,23697.550000000003,23694.875,23724.7,23659.7,117.86004036,2793472.625761793,red,76.2568738079
2023-03-01 18:30:00,23682.0,23681.4,23713.3,23648.3,116.69713094,2762429.099017834,green,76.65702899120001
2023-03-01 18:51:00,23672.45,23667.024999999998,23698.5,23624.7,112.22769575,2655992.89688828,red,76.8215252892
2023-03-01 19:12:00,23647.050000000003,23652.675000000003,23681.8,23634.8,142.07010725,3360829.958883107,red,77.91569983059999
2023-03-01 19:33:00,23503.0,23496.45,23646.8,23333.0,424.38763237,9978294.6045088,red,81.907392156
2023-03-01 19:54:00,23401.8,23390.125,23452.8,23304.1,294.55653637,6888380.283989907,green,84.5731798071
2023-03-01 20:15:00,23422.9,23425.800000000003,23470.0,23387.4,194.24977004,4550503.75508921,red,86.2355566742
2023-03-01 20:36:00,23412.5,23415.300000000003,23443.6,23392.6,85.53749728,2002819.122617312,red,86.8172580523
2023-03-01 20:57:00,23417.449999999997,23408.325,23423.6,23374.8,66.12454904,1546704.921534888,green,87.31992307680001
2023-03-01 21:18:00,23498.050000000003,23498.075,23577.0,23419.2,61.96110632,1455471.271560321,green,87.73532007440001
2023-03-01 21:39:00,23566.85,23559.775,23584.9,23520.5,52.4715828,1235804.879080211,red,87.813584478
2023-03-01 22:00:00,23527.45,23528.625,23577.6,23482.0,56.04691062,1319321.944877765,red,87.9411292885
2023-03-01 22:21:00,23493.75,23482.725,23501.7,23441.7,35.00226262,821559.361853829,red,87.7619664203
2023-03-01 22:42:00,23505.5,23511.550000000003,23552.6,23482.6,33.78562489,794778.610929211,green,87.69599289130001
2023-03-01 23:03:00,23534.15,23530.15,23547.5,23504.8,20.21609157,475621.632001198,green,86.86311054619999
2023-03-01 23:24:00,23584.75,23588.2,23653.5,23529.8,62.65156581,1478760.349141421,green,86.88142051519999
2023-03-01 23:45:00,23626.7,23635.225,23673.9,23613.6,36.79297001,869960.325754002,red,86.7913776669
2023-03-02 00:06:00,23667.95,23687.9,23796.7,23619.0,88.42617043,2096607.66899598,green,87.22213901739998
2023-03-02 00:27:00,23681.75,23681.925000000003,23717.1,23647.1,26.93109114,637640.739755334,red,87.0993457681
2023-03-02 00:48:00,23632.15,23623.025,23658.8,23569.0,52.0748427,1230148.658191474,red,87.2667025235
2023-03-02 01:09:00,23580.15,23582.875,23634.7,23536.5,47.49809529,1120902.861070024,red,87.4244220917
2023-03-02 01:30:00,23543.85,23528.75,23584.8,23442.5,50.28546434,1181785.0723380551,red,86.1117251494
2023-03-02 01:51:00,23521.5,23521.675,23539.7,23504.0,15.72641469,369895.263476811,red,85.4622548793
2023-03-02 02:12:00,23519.2,23512.7,23538.4,23474.0,27.27211159,641275.848728575,green,84.86156705129999
2023-03-02 02:33:00,23503.55,23496.425,23528.1,23450.5,25.15634726,590741.016876136,red,84.4954204577
2023-03-02 02:54:00,23486.55,23476.35,23506.1,23426.2,55.66811366,1306422.329873224,green,84.2508626258
2023-03-02 03:15:00,23493.3,23492.9,23504.4,23480.6,15.56793251,365781.972136121,green,84.11944382509999
2023-03-02 03:36:00,23495.550000000003,23492.925000000003,23510.3,23470.3,11.26860265,264678.749475768,green,83.89637669770002
2023-03-02 03:57:00,23495.4,23494.0,23502.3,23482.9,12.56246559,295127.0017504,red,83.76339818299999
2023-03-02 04:18:00,23503.6,23500.324999999997,23520.5,23473.6,13.08862227,307561.280515464,green,83.46312951720002
2023-03-02 04:39:00,23526.050000000003,23527.325000000004,23543.8,23513.4,24.54234491,577266.513196503,green,83.31759534870001
2023-03-02 05:00:00,23516.5,23512.75,23542.5,23475.5,18.43194304,433231.965005035,red,83.1204700678
2023-03-02 05:21:00,23470.050000000003,23470.875,23501.5,23441.9,12.79420617,300354.011895193,red,82.8708561194
2023-03-02 05:42:00,23439.15,23438.200000000004,23463.4,23411.1,20.86214418,489057.05675426,red,82.77341917240001
2023-03-02 06:03:00,23444.1,23429.449999999997,23455.5,23374.1,45.77677776,1071829.817457697,green,82.6203472145
2023-03-02 06:24:00,23456.4,23458.000000000004,23472.4,23446.8,20.71340729,485888.416456808,green,81.6285504687
2023-03-02 06:45:00,23443.55,23447.275,23472.2,23429.8,25.01762538,586465.554425615,red,81.1085905287
2023-03-02 07:06:00,23392.95,23393.600000000002,23442.2,23346.3,44.62609778,1043894.905703514,red,81.0677113569
2023-03-02 07:27:00,23379.0,23378.025,23413.0,23341.1,53.24192112,1244667.553680069,green,81.1604685774
2023-03-02 07:48:00,23390.35,23392.424999999996,23416.1,23372.9,28.68705359,671023.293230457,red,80.9601529374
2023-03-02 08:09:00,23391.05,23389.274999999998,23403.3,23371.7,28.75764085,672703.297820418,green,80.41162426870001
2023-03-02 08:30:00,23428.0,23416.725,23460.8,23350.1,50.43383467,1180624.042383558,green,78.9754812985
2023-03-02 08:51:00,23447.4,23445.074999999997,23462.1,23423.4,21.97563169,515100.078584983,red,78.4030659318
2023-03-02 09:12:00,23450.55,23442.649999999998,23455.8,23413.7,25.23506974,591390.189264135,green,78.0948936749
2023-03-02 09:33:00,23442.65,23444.05,23467.7,23423.2,17.61156016,412832.807809467,red,77.8939366286
2023-03-02 09:54:00,23407.550000000003,23402.125,23429.4,23364.0,27.16505735,635367.843457434,red,77.5816910433
2023-03-02 10:15:00,23392.25,23393.525,23413.8,23375.8,40.83100125,955261.417041615,green,77.4805443717
2023-03-02 10:36:00,23385.1,23378.875,23405.0,23340.3,33.23460927,776842.130229462,red,77.3703124539
2023-03-02 10:57:00,23372.95,23372.75,23386.8,23358.3,26.78111001,625942.645318481,green,77.1348920988
2023-03-02 11:18:00,23390.45,23387.275,23408.8,23359.4,31.53516563,737268.444067501,green,77.0181782281
2023-03-02 11:39:00,23409.4,23407.65,23424.8,23387.0,33.02028289,773027.490370882,green,76.0438860648
2023-03-02 12:00:00,23403.45,23407.25,23428.0,23394.1,25.98282541,608227.362336009,red,75.8679756166
2023-03-02 12:21:00,23386.0,23371.875,23394.5,23321.0,70.93884015,1657088.878169639,red,76.0353949728
2023-03-02 12:42:00,23373.4,23363.05,23383.1,23322.3,43.0288644,1004490.8066632468,red,75.9840184866
2023-03-02 13:03:00,23379.85,23351.699999999997,23397.0,23250.1,89.64399262,2090740.325933897,green,76.3479432986
2023-03-02 13:24:00,23382.7,23372.824999999997,23410.0,23315.9,63.75866818,1489618.541314002,red,76.6581593275
2023-03-02 13:45:00,23337.3,23333.75,23378.7,23281.7,47.7412401,1113564.5591817931,red,76.7241776619
2023-03-02 14:06:00,23288.35,23270.425,23305.0,23200.0,135.78729307999998,3157149.233519923,red,76.1458456732
2023-03-02 14:27:00,23272.9,23282.600000000002,23339.9,23244.7,86.14801949,2006598.301608694,red,76.2880556232
2023-03-02 14:48:00,23310.4,23316.475000000002,23371.9,23273.2,54.19350397,1263851.87706631,green,76.4937101421
2023-03-02 15:09:00,23341.800000000003,23331.950000000004,23368.8,23275.4,53.22967071,1242073.115221094,red,76.59916992939999
2023-03-02 15:30:00,23336.2,23341.35,23378.0,23315.0,47.5746518,1110575.9672611,grey,75.3463046176
2023-03-02 15:51:00,23350.65,23351.4,23373.3,23331.0,52.60296878,1228825.364989609,green,74.01215757530001
2023-03-02 16:12:00,23342.1,23347.475,23386.7,23319.0,45.86915301,1071332.734407848,red,73.6666855558
2023-03-02 16:33:00,23293.1,23292.175000000003,23319.4,23263.1,42.29750216,985291.33029735,red,73.3873047217
2023-03-02 16:54:00,23262.35,23265.9,23284.8,23254.1,36.21500832,842803.521646936,red,73.4601942397
2023-03-02 17:15:00,23270.65,23274.025,23317.8,23237.0,65.08802809,1515279.673435848,green,73.80504990749999
2023-03-02 17:36:00,23275.699999999997,23268.175,23284.1,23237.2,45.12426119,1049731.621323149,red,73.7595263729
2023-03-02 17:57:00,23275.75,23277.125,23298.3,23258.7,20.89035007,486228.18674525,green,73.21312489190001
2023-03-02 18:18:00,23331.95,23339.85,23422.0,23273.5,66.25283448,1546372.660217747,green,73.1046229417
2023-03-02 18:39:00,23412.95,23409.475,23454.0,23358.0,68.29433331999999,1598636.041575682,green,73.4129892246
2023-03-02 19:00:00,23440.05,23442.425000000003,23499.7,23389.9,95.74756293,2245655.332740413,red,73.73382486290001
2023-03-02 19:21:00,23457.75,23457.075,23487.0,23425.8,44.73854053,1049496.542969329,green,73.7992910727
2023-03-02 19:42:00,23464.5,23468.949999999997,23499.7,23447.1,28.47358461,668311.378256563,red,72.47927827090001
2023-03-02 20:03:00,23464.2,23461.925,23491.8,23427.5,42.00711445,985382.284038342,green,72.202988647
2023-03-02 20:24:00,23493.15,23493.35,23534.2,23452.9,55.9155859,1313135.647748783,green,72.3145893525
2023-03-02 20:45:00,23471.15,23483.925000000003,23560.3,23433.1,59.39175484,1395331.130722805,red,72.5818442117
2023-03-02 21:06:00,23442.9,23444.525,23469.2,23423.1,35.52092965,832750.808235833,green,72.0510896795
2023-03-02 21:27:00,23440.15,23429.9,23454.9,23384.4,28.01011264,655892.831588363,red,72.0582208294
2023-03-02 21:48:00,23433.55,23429.825,23443.0,23409.2,24.24112445,567942.186732163,green,71.78677868320001
2023-03-02 22:09:00,23483.1,23482.375,23535.0,23428.3,34.39507963,807412.604030462,green,71.8009639542
2023-03-02 22:30:00,23508.3,23513.475,23554.7,23482.6,38.46653536,904352.899336586,red,71.92072824990001
2023-03-02 22:51:00,23479.15,23471.0,23491.3,23434.4,42.43507436,995770.464204831,red,72.1223642019
2023-03-02 23:12:00,23460.95,23463.725,23495.0,23438.0,28.62286088,671968.907758157,red,72.0991759761
2023-03-02 23:33:00,23454.9,23456.65,23486.0,23430.8,25.0851279,588600.256556778,green,71.87499182420001
2023-03-02 23:54:00,23446.2,23449.2,23471.7,23432.7,25.72401126,603362.7815104,red,71.6834023998
2023-03-03 00:15:00,23441.95,23435.775,23454.8,23404.4,30.20726799,707752.173951511,green,71.4865495856
2023-03-03 00:36:00,23434.65,23430.275,23450.8,23401.0,29.38958893,688382.5876708761,red,70.3059012569
2023-03-03 00:57:00,23408.050000000003,23410.850000000002,23431.0,23396.3,11.84691578,277359.899900893,red,69.162984849
2023-03-03 01:18:00,22906.2,22809.475,23397.5,22028.0,1052.40288443,23905153.10611009,red,77.8767909722
2023-03-03 01:39:00,22284.4,22238.0,22420.8,21962.4,493.57230478,10984358.482324366,red,79.593891415
2023-03-03 02:00:00,22274.75,22263.25,22399.0,22104.5,252.97334682,5636044.173020493,green,79.74955328210001
2023-03-03 02:21:00,22372.4,22379.5,22452.2,22321.0,145.26946797,3250379.930249554,red,79.36150919800001
2023-03-03 02:42:00,22336.6,22333.725,22373.1,22288.6,100.22871438,2238488.129516425,red,78.8185600997
2023-03-03 03:03:00,22332.05,22323.075,22346.2,22282.0,66.03008235,1473157.020381825,green,77.40896638
2023-03-03 03:24:00,22348.300000000003,22354.300000000003,22399.6,22321.0,102.42547627,2291705.941957969,green,76.7196434202
2023-03-03 03:45:00,22328.4,22320.725,22369.1,22257.0,91.0978935,2032109.531301836,red,75.56090304850001
2023-03-03 04:06:00,22319.6,22322.275,22350.0,22299.9,42.04749662,939139.124820708,green,74.3078658427
2023-03-03 04:27:00,22341.75,22341.275,22361.7,22319.9,69.44207846,1551752.1330293522,green,73.8033127395
2023-03-03 04:48:00,22363.25,22371.175,22414.0,22344.2,56.78960695,1271181.685654054,green,72.9859996684
2023-03-03 05:09:00,22362.15,22363.675,22393.1,22337.3,45.69015502,1021814.685465242,red,72.26430081500001
2023-03-03 05:30:00,22342.949999999997,22346.175,22364.3,22334.5,25.76446839,575847.811020475,green,71.3549741895
2023-03-03 05:51:00,22349.95,22350.6,22372.3,22330.2,27.62388926,617438.076969187,green,70.5089361246
2023-03-03 06:12:00,22374.7,22376.6,22402.9,22354.1,53.91581984,1206457.27224074,green,69.6273932505
2023-03-03 06:33:00,22389.4,22387.850000000002,22400.8,22371.8,35.05978695,784786.075120455,red,65.7341147963
2023-03-03 06:54:00,22372.35,22369.0,22393.0,22338.3,36.80479545,822931.1735019049,red,63.1565973871
2023-03-03 07:15:00,22370.5,22365.625,22384.5,22337.0,38.71313068,865584.351665198,green,61.6012309935
2023-03-03 07:36:00,22376.35,22380.899999999998,22404.7,22366.2,41.83768828,936588.721051822,red,61.16423290349999
2023-03-03 07:57:00,22374.15,22373.0,22383.7,22360.0,36.31455762,812409.374573943,green,60.866132989300006
2023-03-03 08:18:00,22379.6,22383.1,22399.2,22374.0,39.75137371,889750.367270502,green,60.6440356632
2023-03-03 08:39:00,22407.0,22411.275,22450.0,22381.1,45.55721405,1020898.564488676,green,60.57489197569999
2023-03-03 09:00:00,22419.800000000003,22430.525,22481.1,22401.4,70.05185529,1571163.513764427,red,60.7149414224
2023-03-03 09:21:00,22397.45,22396.15,22408.9,22380.8,50.60169212,1133104.155331418,red,60.8709357174
2023-03-03 09:42:00,22380.25,22375.0,22386.0,22353.5,33.50048539,749364.455777991,red,60.8680843224
2023-03-03 10:03:00,22382.65,22379.050000000003,22393.8,22357.1,20.02500727,448048.735604387,green,60.8661734794
2023-03-03 10:24:00,22386.300000000003,22382.625,22390.7,22367.2,14.75634356,330235.02509158,red,60.387221256900006
2023-03-03 10:45:00,22369.9,22366.800000000003,22381.9,22345.5,33.7330555,754300.593334856,red,60.35662211180001
2023-03-03 11:06:00,22348.6,22341.4,22365.4,22303.0,63.763314730000005,1423979.824547091,red,60.109993554800006
2023-03-03 11:27:00,22347.2,22348.675000000003,22365.2,22335.1,22.51119075,503072.920044335,green,60.0657945509
2023-03-03 11:48:00,22356.199999999997,22353.699999999997,22361.2,22341.2,16.83714549,376364.17122170096,green,59.7134175788
2023-03-03 12:09:00,22353.1,22349.65,22364.9,22327.5,22.93121721,512454.466985242,red,59.467748798
2023-03-03 12:30:00,22350.3,22345.65,22352.9,22329.1,31.90243307,712744.780695687,green,59.2839184853
2023-03-03 12:51:00,22346.2,22344.9,22354.2,22333.0,24.57602393,549113.682884492,red,59.3724145777
2023-03-03 13:12:00,22351.9,22352.100000000002,22386.9,22317.7,29.74788278,664735.875144291,green,59.3971722896
2023-03-03 13:33:00,22363.05,22324.325,22391.2,22180.0,222.963116,4964625.781553782,red,61.375239977
2023-03-03 13:54:00,22380.35,22402.15,22496.3,22351.6,147.199756,3298950.648819045,green,62.2905564004
2023-03-03 14:15:00,22397.2,22393.75,22415.6,22365.0,36.97315287,827737.989750702,red,62.504608604
2023-03-03 14:36:00,22393.0,22393.449999999997,22421.4,22366.4,55.9663914,1253094.4461372138,green,62.9515864915
2023-03-03 14:57:00,22390.199999999997,22356.699999999997,22413.4,22233.0,209.2986071,4672858.130710509,red,64.91894790660001
2023-03-03 15:18:00,22363.0,22363.05,22393.7,22332.5,50.50164807,1129126.752343333,red,65.2930781646
2023-03-03 15:39:00,22337.0,22334.15,22351.1,22311.5,32.96624442,736264.450702804,red,65.3773171597
2023-03-03 16:00:00,22338.4,22341.95,22367.0,22324.0,41.68164005,931429.838612213,green,65.6098141298
2023-03-03 16:21:00,22338.15,22341.025,22363.2,22324.6,31.69215669,708012.86343547,red,65.798793635
2023-03-03 16:42:00,22361.4,22360.8,22390.6,22329.8,33.961431680000004,759153.537178103,green,65.92978651
2023-03-03 17:03:00,22397.15,22397.775,22426.4,22370.4,68.69256665,1538221.212406732,green,66.1589443989
2023-03-03 17:24:00,22408.2,22406.9,22424.9,22386.3,44.84175322,1004683.170706633,green,66.4002278582
2023-03-03 17:45:00,22407.45,22412.675000000003,22444.4,22391.4,35.63440253,798776.686746928,red,66.5063956297
2023-03-03 18:06:00,22397.699999999997,22398.1,22422.0,22375.0,35.61962844,797867.8833058081,red,66.4163309363
2023-03-03 18:27:00,22348.449999999997,22331.199999999997,22397.0,22230.9,133.13927351,2970465.12020776,red,67.2153044602
2023-03-03 18:48:00,22311.7,22318.05,22356.3,22292.5,72.50167698999999,1618505.904476676,green,67.6534506942
2023-03-03 19:09:00,22316.25,22321.550000000003,22355.6,22298.1,28.48409131,635928.7562288521,red,67.6507151988
2023-03-03 19:30:00,22339.550000000003,22335.975,22363.9,22300.9,34.21164322,763810.173761765,green,67.4884932843
2023-03-03 19:51:00,22361.300000000003,22367.75,22396.9,22351.5,23.00855716,514683.830911934,red,67.498822539
2023-03-03 20:12:00,22354.199999999997,22352.699999999997,22369.9,22332.5,24.14020495,539568.348294183,red,67.4878738911
2023-03-03 20:33:00,22331.5,22322.925000000003,22349.6,22279.1,35.10768349,783201.759350384,red,67.6628351244
2023-03-03 20:54:00,22279.050000000003,22281.75,22324.4,22244.5,44.15429279,983819.09318708,red,67.83272747880001
2023-03-03 21:15:00,22265.0,22246.9,22308.0,22149.6,103.7490873,2307265.993224235,green,68.4619083393
2023-03-03 21:36:00,22261.9,22243.25,22296.3,22152.9,92.04464322,2046106.814627279,red,69.0500086788
2023-03-03 21:57:00,22246.7,22245.225,22262.4,22225.1,35.13322154,781495.4833370231,green,69.1335297941
2023-03-03 22:18:00,22273.35,22276.75,22306.4,22253.9,28.64851234,638142.531222275,green,69.1046632612
2023-03-03 22:39:00,22305.6,22304.524999999998,22336.7,22270.2,28.02332816,625053.005448652,green,69.05469371390001
2023-03-03 23:00:00,22317.7,22324.6,22347.6,22315.4,27.1508784,606443.620679546,red,69.0663742438
2023-03-03 23:21:00,22336.05,22339.75,22371.0,22315.9,25.71173066,574742.879614464,green,68.6141031489
2023-03-03 23:42:00,22346.2,22345.449999999997,22359.5,22329.9,37.64249618,841126.15839116,red,68.56023946670001
2023-03-04 00:03:00,22353.050000000003,22352.525,22371.9,22332.1,31.17339743,696594.759514351,green,67.9755335148
2023-03-04 00:24:00,22371.35,22367.800000000003,22387.9,22340.6,79.80963876,1785313.35830306,green,68.1360432206
2023-03-04 00:45:00,22379.65,22377.95,22388.5,22364.0,20.65299078,462057.720013777,green,67.8651607274
2023-03-04 01:06:00,22376.0,22376.15,22389.0,22363.6,22.90106704,512469.481213411,red,66.736298467
2023-03-04 01:27:00,22364.95,22362.825,22373.9,22347.5,19.12407882,427657.874278058,red,66.0660590603
2023-03-04 01:48:00,22352.85,22350.375,22363.0,22332.8,22.2231411,496584.961710496,red,65.7463554316
2023-03-04 02:09:00,22346.75,22347.75,22355.1,22342.4,10.31922508,230643.302656713,green,65.3172509753
2023-03-04 02:30:00,22344.550000000003,22345.325000000004,22354.1,22338.1,21.23614391,474590.389184593,red,65.0538658964
2023-03-04 02:51:00,22333.800000000003,22335.550000000003,22345.3,22329.3,19.10704849,426779.007843283,red,64.71890669349999
2023-03-04 03:12:00,22332.35,22331.95,22340.9,22322.2,8.934193239999999,199545.313075164,green,64.3495570958
2023-03-04 03:33:00,22342.1,22341.525,22350.4,22331.5,13.34310583,298092.652910371,green,64.0600131325
2023-03-04 03:54:00,22353.300000000003,22351.475,22357.7,22341.6,14.64001308,327161.453377139,green,63.84426318010001
2023-03-04 04:15:00,22349.4,22348.625000000004,22364.9,22330.8,18.2989467,408900.051850192,red,63.3763723662
2023-03-04 04:36:00,22336.949999999997,22337.125,22346.6,22328.0,9.80315026,218970.482982342,red,63.0231612569
2023-03-04 04:57:00,22333.55,22335.775,22345.0,22331.0,9.61963826,214891.014788918,green,62.9104541388
2023-03-04 05:18:00,22325.699999999997,22314.65,22335.8,22271.4,34.14954169,761905.919384112,red,62.5894212109
2023-03-04 05:39:00,22320.949999999997,22318.1,22328.2,22302.3,23.3939615,522080.975365332,green,62.1404174927
2023-03-04 06:00:00,22354.550000000003,22357.35,22405.9,22314.4,49.6418095,1109846.295183861,green,61.6793599584
2023-03-04 06:21:00,22386.25,22387.225,22406.4,22370.0,35.52663008,795414.194214056,green,61.5872408539
2023-03-04 06:42:00,22375.65,22377.05,22394.2,22362.7,12.79250935,286262.333215716,red,61.4304301013
2023-03-04 07:03:00,22364.699999999997,22365.699999999997,22374.2,22359.2,13.77790226,308162.564286495,green,61.148137979400005
2023-03-04 07:24:00,22368.45,22367.875,22374.7,22359.9,16.32703704,365191.941459361,green,60.7522524908
2023-03-04 07:45:00,22365.0,22363.25,22370.2,22352.8,19.52353859,436586.216217823,red,60.3535703283
2023-03-04 08:06:00,22358.199999999997,22355.374999999996,22359.9,22345.2,13.43572258,300306.49744418403,red,60.1327182576
2023-03-04 08:27:00,22346.75,22345.75,22356.7,22332.8,20.34124251,454420.343984259,red,60.05602955630001
2023-03-04 08:48:00,22338.65,22340.575,22350.0,22335.0,19.23982122,429798.058633416,green,60.006016524
2023-03-04 09:09:00,22350.95,22353.625,22372.2,22340.4,21.82868139,488078.107351081,green,59.8803525416
2023-03-04 09:30:00,22353.9,22352.975,22361.5,22342.6,21.05935292,470676.561097055,red,59.7062807172
2023-03-04 09:51:00,22348.4,22349.7,22355.8,22346.2,11.7902764,263516.823569464,green,59.3998327376
2023-03-04 10:12:00,22345.8,22346.024999999998,22352.3,22340.2,15.23870886,340511.409027689,red,59.2659912174
2023-03-04 10:33:00,22342.8,22338.025,22345.4,22321.1,17.06265042,381091.111568395,green,59.1857664426
2023-03-04 10:54:00,22340.35,22339.35,22344.7,22332.0,9.5164561,212557.515659841,red,59.023690891
2023-03-04 11:15:00,22337.449999999997,22340.025,22349.1,22336.1,10.09824713,225615.914685808,green,58.82260068240001
2023-03-04 11:36:00,22340.5,22343.225,22354.5,22337.4,6.9881052200000005,156151.297325183,green,58.5985858453
2023-03-04 11:57:00,22350.0,22350.975,22362.5,22341.4,9.11143387,203665.135944057,green,58.5712310262
2023-03-04 12:18:00,22352.35,22351.850000000002,22362.4,22340.3,16.58582479,370677.225062503,red,48.2130604298
2023-03-04 12:39:00,22366.0,22368.325,22395.3,22346.0,24.02990125,537670.125896144,green,43.5176363945
2023-03-04 13:00:00,22373.95,22373.9,22384.9,22362.8,11.23904083,251442.825749669,red,41.1002933346
2023-03-04 13:21:00,22362.3,22362.5,22368.8,22356.6,15.25111397,341064.434377799,red,39.8001097946
2023-03-04 13:42:00,22353.4,22352.925000000003,22367.8,22337.1,14.08006028,314736.621586332,red,38.9386232536
2023-03-04 14:03:00,22354.3,22354.025,22363.4,22344.1,18.88859316,422153.830127914,green,38.4672083617
2023-03-04 14:24:00,22352.2,22350.625,22363.3,22334.8,14.76000651,329841.344722139,red,37.5905536641
2023-03-04 14:45:00,22342.4,22343.15,22347.8,22340.0,6.13376855,137046.694384628,green,36.7409124146
2023-03-04 15:06:00,22345.35,22345.199999999997,22350.6,22339.5,13.52865882,302305.798256004,green,36.4557240366
2023-03-04 15:27:00,22342.05,22337.9,22347.1,22320.4,14.90217336,332870.877757792,red,35.9103249856
2023-03-04 15:48:00,22327.25,22321.774999999998,22337.9,22294.7,42.02485763,937691.069663722,red,35.7626774924
2023-03-04 16:09:00,22321.300000000003,22319.475000000002,22329.6,22305.7,19.19927945,428507.383507351,green,35.4977687367
2023-03-04 16:30:00,22317.85,22322.075,22342.3,22310.3,46.835527850000005,1045322.260557618,red,35.7084793313
2023-03-04 16:51:00,22311.35,22315.299999999996,22328.1,22310.4,48.48710912,1081979.043828148,green,35.917111529900005
2023-03-04 17:12:00,22312.85,22316.175,22330.0,22309.0,29.57130025,659957.9521030961,green,35.673666334
2023-03-04 17:33:00,22311.2,22311.75,22318.9,22305.7,7.93521037,177069.160375684,red,35.40242056820001
2023-03-04 17:54:00,22309.8,22294.375,22310.9,22247.0,51.10224734,1138767.799480467,green,35.5453950871
2023-03-04 18:15:00,22313.65,22313.575,22327.2,22299.8,25.71928318,573956.574425608,green,35.4154566121
2023-03-04 18:36:00,22317.550000000003,22318.575,22323.9,22315.3,11.29025926,251980.613819503,green,35.1099823219
2023-03-04 18:57:00,22306.85,22307.225,22320.5,22294.7,27.7603347,619481.749686698,red,35.024440092700004
2023-03-04 19:18:00,22280.75,22277.775,22298.2,22251.4,32.08629201,714728.068636993,red,34.9477892757
2023-03-04 19:39:00,22255.15,22256.925000000003,22287.4,22230.0,32.15216572,715533.718394089,red,34.8137387924
2023-03-04 20:00:00,22231.6,22228.975,22260.6,22192.1,47.88604355,1064026.470240449,red,34.592080675000005
2023-03-04 20:21:00,22216.75,22225.525,22258.3,22210.3,53.51732114,1189775.7424515511,red,34.6212369652
2023-03-04 20:42:00,22225.0,22221.775,22252.0,22185.1,38.78904302,861443.9267612561,green,34.6741225415
2023-03-04 21:03:00,22223.550000000003,22220.75,22243.0,22192.9,31.67656761,703709.811307871,red,34.7906381449
2023-03-04 21:24:00,22198.199999999997,22204.249999999996,22235.9,22184.7,60.07268447,1334360.089291744,red,35.243801554
2023-03-04 21:45:00,22196.4,22198.525,22243.0,22158.3,71.14818257,1580056.541607208,green,35.6179528247
2023-03-04 22:06:00,22267.449999999997,22274.125,22360.8,22200.8,42.69265188,951235.8781662992,green,35.4072461962
2023-03-04 22:27:00,22332.2,22329.975,22355.9,22299.6,26.34409934,588396.373409316,green,35.4455752821
2023-03-04 22:48:00,22326.7,22320.325,22337.4,22290.5,33.34845989,744044.991031573,red,35.6106884261
2023-03-04 23:09:00,22313.0,22315.4,22332.3,22303.3,22.12538287,493685.281015948,red,35.6026300827
2023-03-04 23:30:00,22320.550000000003,22322.9,22340.7,22309.8,11.2958723,252242.355707213,green,35.396564475
2023-03-04 23:51:00,22337.949999999997,22340.475,22354.8,22331.2,21.65244934,483817.967754494,green,35.3673287291
2023-03-05 00:12:00,22336.45,22333.0,22344.6,22314.5,14.04209132,313607.054354479,red,35.21027081450001
2023-03-05 00:33:00,22330.85,22335.949999999997,22358.2,22323.9,39.87895033,890742.556547557,green,33.3794291578
2023-03-05 00:54:00,22364.8,22364.2,22398.0,22329.2,58.75093377,1314307.700112074,green,32.4949409355
2023-03-05 01:15:00,22496.65,22510.875,22658.0,22392.2,253.46066348,5716173.290614138,green,34.6598160416
2023-03-05 01:36:00,22581.050000000003,22584.200000000004,22621.1,22553.6,81.87278102,1850003.159105496,red,34.9188799378
2023-03-05 01:57:00,22575.1,22581.05,22608.8,22565.2,43.48523221,982361.153814889,green,33.2607461889
2023-03-05 02:18:00,22422.1,22405.65,22594.4,22184.0,177.69087578,3975675.220928428,red,34.532638466
2023-03-05 02:39:00,22310.449999999997,22308.074999999997,22374.9,22236.5,56.23974282,1256011.560188779,green,34.76537345
2023-03-05 03:00:00,22391.550000000003,22394.5,22434.8,22360.1,36.24585553,812068.803699189,green,34.7110156048
2023-03-05 03:21:00,22420.85,22410.575,22423.8,22376.8,53.318216500000005,1195266.108423575,red,34.9272762029
2023-03-05 03:42:00,22415.55,22404.775,22418.9,22369.1,27.08348338,606569.449809075,red,34.8584967199
2023-03-05 04:03:00,22429.8,22432.524999999998,22465.8,22404.7,41.44498905,930370.668838787,green,34.5860209439
2023-03-05 04:24:00,22444.05,22437.25,22447.9,22413.0,11.60639676,260373.167208303,red,34.2536673793
2023-03-05 04:45:00,22436.5,22441.9,22466.3,22428.3,24.64486878,553057.698838709,red,34.1437720418
2023-03-05 05:06:00,22431.65,22428.200000000004,22434.9,22414.6,8.050268599999999,180554.023122564,red,33.8680784434
2023-03-05 05:27:00,22418.7,22415.675,22431.1,22394.2,11.65722313,261260.564952608,red,32.6532579396
2023-03-05 05:48:00,22412.85,22414.6,22426.3,22406.4,15.90494404,356554.36710748,green,32.0872906101
2023-03-05 06:09:00,22413.0,22412.75,22422.9,22402.1,30.91345201,692917.216627544,red,32.111584217099995
2023-03-05 06:30:00,22409.65,22411.525,22420.8,22406.0,17.76278542,398120.636001505,green,31.9470956391
2023-03-05 06:51:00,22401.300000000003,22398.425000000003,22423.1,22368.0,21.52576427,482150.452175609,red,31.9322677102
2023-03-05 07:12:00,22384.3,22384.550000000003,22403.0,22366.6,19.0521323,426480.834887417,red,31.8813869837
2023-03-05 07:33:00,22374.9,22376.774999999998,22388.6,22368.7,7.17690739,160592.286276458,red,31.6020792227
2023-03-05 07:54:00,22381.7,22381.350000000002,22392.2,22369.8,11.97938611,268065.181714455,green,31.2803301559
2023-03-05 08:15:00,22380.75,22381.0,22395.1,22367.4,8.79744619,196881.904751865,red,30.330813744800004
2023-03-05 08:36:00,22349.4,22349.350000000002,22369.3,22329.3,24.01676454,536753.543308643,red,29.650534958
2023-03-05 08:57:00,22350.45,22348.75,22377.1,22317.0,19.06375915,425904.499468483,green,29.489840334100005
2023-03-05 09:18:00,22372.050000000003,22375.4,22394.2,22363.3,18.33191012,410210.314556785,green,29.3866743119
2023-03-05 09:39:00,22371.2,22375.175000000003,22388.7,22369.6,10.30782533,230680.815908464,red,29.2095192836
2023-03-05 10:00:00,22369.800000000003,22371.300000000003,22378.1,22367.5,6.4307138,143866.39546802102,green,29.0023176376
2023-03-05 10:21:00,22387.1,22397.6,22446.3,22369.9,42.92945539,962396.3163674128,green,29.1744948849
2023-03-05 10:42:00,22407.300000000003,22405.35,22416.2,22390.6,15.79486671,353845.808283286,green,28.956018590200003
2023-03-05 11:03:00,22412.0,22412.175000000003,22418.3,22406.4,14.37405429,322141.540253887,green,28.7880251588
2023-03-05 11:24:00,22398.75,22397.825,22412.3,22381.5,31.14362357,697685.279619536,red,28.3013650069
2023-03-05 11:45:00,22388.55,22395.149999999998,22421.8,22381.7,22.13196342,495711.50341203,green,28.316154733300003
2023-03-05 12:06:00,22396.7,22401.399999999998,22420.5,22391.7,17.33667035,388359.833191375,green,28.2605107664
2023-03-05 12:27:00,22405.9,22404.125,22410.5,22394.2,12.03892527,269731.620132336,green,28.1896592309
2023-03-05 12:48:00,22419.0,22420.35,22443.5,22399.9,13.32585586,298776.596868636,green,28.1006863785
2023-03-05 13:09:00,22429.35,22430.424999999996,22443.1,22419.9,24.7152505,554332.549476823,green,28.2446466327
2023-03-05 13:30:00,22441.95,22449.8,22491.0,22424.3,50.71563172,1138856.832025265,green,28.539441510800003
2023-03-05 13:51:00,22445.25,22448.4,22474.5,22428.6,43.73403635,981878.147638745,red,28.7857113894
2023-03-05 14:12:00,22441.300000000003,22444.95,22460.0,22437.2,13.24352712,297318.261608942,green,28.8288047282
2023-03-05 14:33:00,22445.45,22438.524999999998,22446.5,22416.7,13.08841919,293624.510312721,red,28.8262578618
2023-03-05 14:54:00,22445.1,22439.475,22445.3,22422.4,9.72918976,218265.928311229,red,28.7771496286
2023-03-05 15:15:00,22448.75,22447.325,22466.0,22425.8,11.75472643,263842.024499005,green,28.7117074259
2023-03-05 15:36:00,22446.6,22447.375,22457.3,22439.0,8.83091433,198213.115654748,red,28.7019850666
2023-03-05 15:57:00,22435.85,22435.975,22444.3,22427.9,15.92109433,357195.931330423,red,28.764999627300003
2023-03-05 16:18:00,22434.6,22432.699999999997,22441.0,22420.6,28.99142352,650194.706378681,green,28.7134184456
2023-03-05 16:39:00,22439.050000000003,22440.675000000003,22454.3,22430.3,26.31392008,590482.425925217,green,28.742618031400003
2023-03-05 17:00:00,22436.800000000003,22437.075000000004,22445.3,22429.4,11.9779087,268752.138230843,red,28.3659790234
2023-03-05 17:21:00,22436.949999999997,22439.149999999998,22449.5,22433.2,6.988881,156817.89387974,green,28.080601532600003
2023-03-05 17:42:00,22431.0,22432.074999999997,22450.2,22416.1,14.87385293,333686.166433482,red,28.1014149684
2023-03-05 18:03:00,22427.5,22428.074999999997,22435.9,22421.4,19.93390782,447047.159297875,green,28.162975024
2023-03-05 18:24:00,22434.85,22434.375,22444.9,22422.9,11.10604703,249143.079507136,green,28.1107651239
2023-03-05 18:45:00,22431.300000000003,22432.9,22443.6,22425.4,23.51577203,527547.9378416929,red,28.1506874583
2023-03-05 19:06:00,22415.1,22416.975,22444.6,22393.1,17.373621919999998,389573.990174566,red,28.1900664517
2023-03-05 19:27:00,22399.050000000003,22394.725000000002,22408.8,22372.0,28.95558991,648272.616241568,red,28.2762099257
2023-03-05 19:48:00,22399.300000000003,22401.275,22413.0,22393.5,9.85539416,220796.37432151,green,28.182365655100003
2023-03-05 20:09:00,22402.6,22405.275,22420.0,22395.9,13.94176852,312396.739801598,green,28.1034965264
2023-03-05 20:30:00,22405.4,22404.975000000002,22416.9,22392.2,15.67409547,351161.18142737,green,28.0496439519
2023-03-05 20:51:00,22412.0,22411.025,22420.5,22399.6,13.89752622,311448.297850895,green,28.0707164501
2023-03-05 21:12:00,22442.05,22463.0,22549.9,22418.0,92.47163128,2079088.037692142,green,28.8430456743
2023-03-05 21:33:00,22440.55,22420.95,22469.0,22333.7,55.42026496,1240386.920525356,red,29.226621819700004
2023-03-05 21:54:00,22428.75,22446.7,22524.5,22404.8,45.44836375,1021355.912868629,green,29.5859408962
2023-03-05 22:15:00,22433.2,22421.875,22440.7,22380.4,22.32740828,500347.439817681,red,29.7082325077
2023-03-05 22:36:00,22427.2,22428.25,22449.9,22408.7,12.20131331,273633.434640059,green,29.7603645886
2023-03-05 22:57:00,22405.7,22401.175,22429.3,22364.0,22.05500208,494112.979171099,red,29.8898002707
2023-03-05 23:18:00,22407.6,22411.275,22455.3,22374.6,24.17638153,541806.859650207,green,29.9657058381
2023-03-05 23:39:00,22429.55,22425.725000000002,22442.0,22401.8,11.09963527,248875.188748991,red,29.8364031783
2023-03-06 00:00:00,22422.3,22410.45,22433.2,22364.0,38.53328932,863537.768482974,red,30.109345663200003
2023-03-06 00:21:00,22435.7,22438.425,22465.1,22417.2,12.46916545,279819.08022213203,green,30.081526178
2023-03-06 00:42:00,22447.8,22450.125,22465.2,22439.7,13.42802577,301479.429908245,red,30.0750058329
2023-03-06 01:03:00,22417.5,22414.675000000003,22464.3,22359.4,36.5616432,819407.005374486,red,30.2517363333
2023-03-06 01:24:00,22393.3,22419.65,22506.5,22385.5,61.49380073,1380601.676748058,red,30.7190742755
2023-03-06 01:45:00,22370.199999999997,22369.875,22412.0,22327.1,45.69610062,1021809.955916692,red,31.1146975962
2023-03-06 02:06:00,22343.95,22333.199999999997,22383.8,22261.1,97.37559983,2174190.653030007,red,31.9531670063
2023-03-06 02:27:00,22357.0,22360.425000000003,22401.6,22326.1,26.75847619,598401.857687443,green,32.0717300346
2023-03-06 02:48:00,22377.65,22384.625,22416.3,22366.9,14.37082177,321773.766146049,green,31.795189676
2023-03-06 03:09:00,22387.199999999997,22385.274999999998,22394.4,22372.3,31.14612038,697127.50524807,green,31.9146580853
2023-03-06 03:30:00,22388.4,22389.45,22402.2,22378.8,10.63640106,238170.092429532,red,31.5526668174
2023-03-06 03:51:00,22387.75,22386.175,22396.2,22373.0,10.84756479,242845.590023465,green,31.1762713741
2023-03-06 04:12:00,22364.199999999997,22365.95,22397.6,22337.8,18.55460357,415092.836972639,red,31.0661044073
2023-03-06 04:33:00,22344.15,22346.425,22363.1,22334.3,17.451667660000002,390017.015772755,green,31.1612689802
2023-03-06 04:54:00,22347.25,22340.4,22354.5,22312.6,16.79865242,375232.41378364,green,30.818233031
2023-03-06 05:15:00,22350.75,22349.825,22362.0,22335.8,13.0325637,291282.655348074,green,30.691365836200003
2023-03-06 05:36:00,22360.0,22359.824999999997,22368.7,22350.6,13.36689202,298865.016433609,green,30.7121321638
2023-03-06 05:57:00,22375.5,22378.149999999998,22395.9,22365.7,16.58075635,371132.062216446,green,30.6003363803
2023-03-06 06:18:00,22392.550000000003,22400.025,22432.9,22382.1,25.12924989,562932.4988940629,green,30.5307659591
2023-03-06 06:39:00,22404.85,22403.824999999997,22409.6,22396.0,14.27701657,319844.220494123,green,30.3520144676
2023-03-06 07:00:00,22409.5,22406.375,22416.8,22389.7,10.41000341,233212.588510931,green,29.9772540662
2023-03-06 07:21:00,22409.5,22411.8,22427.5,22400.7,15.44515685,346174.639492504,red,29.5965324233
2023-03-06 07:42:00,22400.0,22401.3,22412.9,22392.3,16.31567759,365510.259181065,red,29.371798769
2023-03-06 08:03:00,22385.95,22380.775,22393.9,22357.3,17.82502252,398858.925454858,red,29.2332833181
2023-03-06 08:24:00,22400.65,22407.300000000003,22448.9,22379.0,26.20281423,587289.805573048,green,28.8945846157
2023-03-06 08:45:00,22414.25,22411.9,22422.3,22396.8,16.381308830000002,367116.2405314,red,28.346915878299995
2023-03-06 09:06:00,22393.1,22393.325,22419.9,22367.2,31.15609462,697928.9467733101,red,28.2315503057
2023-03-06 09:27:00,22384.5,22386.425,22401.2,22375.5,9.41203581,210750.547610555,green,28.0622296704
2023-03-06 09:48:00,22395.949999999997,22394.949999999997,22405.9,22382.0,15.10561672,338287.296930738,green,27.8798012387
2023-03-06 10:09:00,22394.35,22396.15,22410.8,22385.1,27.23046358,609820.765515744,red,27.9308520458
2023-03-06 10:30:00,22388.35,22385.449999999997,22393.5,22371.6,17.1732685,384386.172017116,red,27.9896260078
2023-03-06 10:51:00,22386.15,22390.4,22405.0,22384.3,22.14450064,495895.382197671,red,27.9945465208
2023-03-06 11:12:00,22387.800000000003,22389.525,22398.5,22384.0,13.45948982,301352.569996349,green,27.9887205058
2023-03-06 11:33:00,22380.9,22377.975,22390.1,22360.0,25.10631011,561743.142095208,red,27.8409941036
2023-03-06 11:54:00,22371.05,22369.625,22377.9,22358.5,11.94346375,267182.404794258,red,27.3729194034
2023-03-06 12:15:00,22383.2,22387.15,22412.3,22369.9,15.94252679,356923.327434664,green,24.9977380365
2023-03-06 12:36:00,22397.449999999997,22393.399999999998,22400.2,22378.5,16.853192879999998,377345.120587414,green,24.3475421551
2023-03-06 12:57:00,22395.65,22397.625000000004,22406.4,22392.8,16.87372923,377956.687903583,red,24.0814271253
2023-03-06 13:18:00,22415.1,22414.225,22439.5,22387.2,35.47071516,794847.2998073039,green,22.6592255191
2023-03-06 13:39:00,22439.25,22447.5,22488.6,22422.9,47.2932968,1061531.038254739,green,22.5697610589
2023-03-06 14:00:00,22434.800000000003,22429.375,22441.2,22406.7,21.15679391,474508.218440843,red,22.4188704427
2023-03-06 14:21:00,22432.949999999997,22441.85,22482.2,22419.3,24.83122227,557143.052583267,green,22.134000500400003
2023-03-06 14:42:00,22442.55,22438.75,22458.4,22411.5,21.54659416,483473.426282212,green,22.0786316082
2023-03-06 15:03:00,22450.15,22457.775,22483.2,22447.6,30.78291819,691554.138069892,green,21.9720108996
2023-03-06 15:24:00,22464.45,22459.75,22474.9,22435.2,30.52102752,685268.512529486,green,22.1611572072
2023-03-06 15:45:00,22523.300000000003,22530.325,22599.9,22474.8,200.8848736,4531463.958912543,green,23.9235572554
2023-03-06 16:06:00,22540.15,22539.35,22571.7,22505.4,83.88865541,1890665.207768781,red,24.6819411235
2023-03-06 16:27:00,22502.85,22496.774999999998,22510.7,22470.7,70.82555171999999,1593172.860562337,red,25.2736244094
2023-03-06 16:48:00,22501.35,22513.050000000003,22552.4,22497.1,29.53024576,665195.6979737809,green,25.4098774266
2023-03-06 17:09:00,22508.75,22513.725,22531.9,22505.5,15.40539182,346894.028102378,green,25.2547968247
2023-03-06 17:30:00,22494.85,22497.5,22523.4,22476.9,33.97082042,764436.637970831,red,25.4168771747
2023-03-06 17:51:00,22478.199999999997,22480.399999999998,22494.5,22470.7,25.77310704,579396.999052009,green,25.4593506024
2023-03-06 18:12:00,22498.15,22502.5,22535.0,22478.7,39.89637726,898095.143861538,green,25.667793052
2023-03-06 18:33:00,22521.75,22518.65,22535.8,22495.3,16.662137870000002,375209.302001633,green,25.7626453568
2023-03-06 18:54:00,22511.1,22509.775,22525.9,22491.0,31.82389487,716195.180709752,red,25.9610904444
2023-03-06 19:15:00,22437.199999999997,22433.249999999996,22497.9,22360.7,132.07732513,2959267.644857279,red,27.1938892338
2023-03-06 19:36:00,22398.85,22404.225,22451.3,22367.9,80.51045519,1802683.480141413,green,27.7588261403
2023-03-06 19:57:00,22404.9,22402.275,22419.5,22379.8,32.58709811,729887.315641968,red,27.894059529899994
2023-03-06 20:18:00,22385.050000000003,22381.0,22393.3,22360.6,24.41124593,546291.484295386,red,27.954852887999994
2023-03-06 20:39:00,22364.6,22365.399999999998,22400.1,22332.3,54.14526251,1211132.058947609,red,28.3932272598
2023-03-06 21:00:00,22357.15,22351.5,22370.6,22321.1,28.97041943,647542.954664531,green,28.6186243161
2023-03-06 21:21:00,22382.85,22391.949999999997,22438.6,22363.5,26.31389142,589522.749144464,green,28.4524686764
2023-03-06 21:42:00,22410.8,22409.274999999998,22420.3,22395.2,21.59960362,483911.703199965,green,28.5105160455
2023-03-06 22:03:00,22422.15,22425.4,22437.7,22419.6,28.45182937,638155.429787267,green,28.651293796300003
2023-03-06 22:24:00,22429.2,22431.675,22446.6,22421.7,18.14645248,407078.35516797897,green,28.5213220854
2023-03-06 22:45:00,22430.5,22428.475,22438.5,22414.4,20.3175983,455642.904958367,red,28.5031784342
2023-03-06 23:06:00,22427.75,22430.275,22443.3,22422.3,22.00347347,493612.379490909,green,28.5498464654
2023-03-06 23:27:00,22417.2,22417.1,22437.4,22396.6,19.26514379,431848.956363073,red,28.6221086506
2023-03-06 23:48:00,22410.65,22408.000000000004,22418.9,22391.8,18.33044864,410744.729629172,green,28.6721545784
2023-03-07 00:09:00,22404.15,22398.550000000003,22415.5,22370.4,21.95480586,491591.319840588,red,28.644550132
2023-03-07 00:30:00,22393.449999999997,22400.45,22424.6,22390.3,16.02453,359089.408382642,green,28.2976391148
2023-03-07 00:51:00,22412.949999999997,22411.975,22433.0,22389.0,29.49578432,661134.876323452,green,28.155256594500003
2023-03-07 01:12:00,22447.85,22459.074999999997,22510.0,22430.6,42.70545198,959806.145957007,green,28.4498758431
2023-03-07 01:33:00,22472.0,22469.725000000002,22492.6,22442.3,69.0153153,1549892.5874489949,green,29.0091448042
2023-03-07 01:54:00,22468.75,22472.4,22493.7,22458.4,34.38914383,773140.961947221,red,29.2557443449
2023-03-07 02:15:00,22479.65,22478.475,22500.0,22454.6,14.10265291,316952.361666098,green,29.2792236097
2023-03-07 02:36:00,22493.35,22491.55,22506.8,22472.7,15.00354085,337451.568055345,red,29.3409498749
2023-03-07 02:57:00,22485.85,22503.225000000002,22561.4,22479.8,47.88086889,1078102.828811089,red,29.6605476205
2023-03-07 03:18:00,22468.2,22470.625,22496.1,22450.0,22.14796681,497741.749695839,red,29.5921130534
2023-03-07 03:39:00,22455.3,22456.475,22465.1,22450.2,8.31274067,186695.526440489,green,29.4121012593
2023-03-07 04:00:00,22462.15,22461.899999999998,22469.6,22453.7,10.83936606,243465.370022284,green,29.4007158329
2023-03-07 04:21:00,22463.65,22463.525,22469.8,22457.0,12.79307478,287370.165678172,red,29.4587577707
2023-03-07 04:42:00,22466.75,22467.625,22475.0,22462.0,9.1493668,205555.860217243,green,29.4015129094
2023-03-07 05:03:00,22469.65,22470.125,22477.6,22463.6,8.33872535,187380.424262208,red,29.2855610847
2023-03-07 05:24:00,22465.85,22466.225000000002,22470.9,22462.3,5.57014087,125134.949103218,red,29.2302020231
2023-03-07 05:45:00,22459.55,22457.05,22464.1,22445.0,8.29072667,186179.925567239,red,29.0779515695
2023-03-07 06:06:00,22444.449999999997,22444.05,22455.8,22431.5,19.22820547,431543.557542499,red,29.096497405
2023-03-07 06:27:00,22435.5,22433.175000000003,22446.3,22415.4,13.77617362,309044.873881371,green,28.9447032421
2023-03-07 06:48:00,22432.8,22433.75,22444.2,22425.2,17.72557918,397702.940093443,red,29.0234050923
2023-03-07 07:09:00,22425.5,22428.1,22450.7,22410.7,49.37784769,1107321.8438555049,red,29.377765884
2023-03-07 07:30:00,22421.15,22423.425000000003,22436.5,22414.9,17.31058798,388239.330318417,red,29.3941308091
2023-03-07 07:51:00,22410.9,22410.8,22428.2,22393.2,31.76141615,711669.332667036,red,29.572769708400003
2023-03-07 08:12:00,22407.1,22409.15,22421.9,22400.5,20.28886826,454671.043858644,green,28.8509420782
2023-03-07 08:33:00,22415.75,22412.350000000002,22420.1,22397.8,20.90859455,468516.214208609,green,28.5058253741
2023-03-07 08:54:00,22414.25,22415.625,22425.0,22409.0,19.55032726,438300.501278643,red,28.2468450092
2023-03-07 09:15:00,22399.9,22395.575000000004,22410.4,22372.1,36.02049256,806530.527525496,red,28.383775852000003
2023-03-07 09:36:00,22388.3,22382.075,22400.0,22351.7,33.59790304,751831.292445518,red,28.5977417493
2023-03-07 09:57:00,22395.3,22395.649999999998,22414.3,22377.7,18.43103703,412712.89169208496,green,28.5615020988
2023-03-07 10:18:00,22404.75,22409.825,22426.5,22403.3,15.24236188,341601.850071883,green,28.4721619023
2023-03-07 10:39:00,22388.25,22387.25,22405.1,22367.4,21.0309602,470777.069271698,red,28.5714751516
2023-03-07 11:00:00,22372.5,22377.525,22395.1,22370.0,17.3924546,389257.899634317,green,28.3600668044
2023-03-07 11:21:00,22372.4,22375.525,22390.8,22366.5,16.2034019,362619.582881073,red,28.397409168900005
2023-03-07 11:42:00,22358.5,22354.725,22375.9,22326.0,60.25849538,1346655.255706342,red,28.865713865
2023-03-07 12:03:00,22361.65,22364.275,22388.3,22345.5,24.7440224,553612.072760513,green,28.747537657
2023-03-07 12:24:00,22380.1,22375.5,22383.8,22358.0,31.13753766,696628.358438612,green,28.4439750263
2023-03-07 12:45:00,22389.1,22389.85,22406.6,22374.6,26.73245092,598529.70202281,green,28.254338529300004
2023-03-07 13:06:00,22395.8,22397.15,22408.2,22388.8,36.1711841,810051.630925762,green,27.642294371999995
2023-03-07 13:27:00,22392.9,22388.550000000003,22396.3,22372.1,12.02354755,269159.820033884,red,27.4949450856
2023-03-07 13:48:00,22372.8,22367.300000000003,22389.7,22333.9,60.43725915,1352271.410864505,red,27.9556094594
2023-03-07 14:09:00,22345.699999999997,22340.149999999998,22379.4,22289.8,72.246915,1613323.987739315,red,28.3666174056
2023-03-07 14:30:00,22324.699999999997,22305.5,22357.6,22215.0,109.90875718,2449558.411438563,red,29.3593409668
2023-03-07 14:51:00,22181.8,22156.125,22329.1,21931.8,587.46458037,12983364.09946538,red,35.1255111226
2023-03-07 15:12:00,22153.6,22176.899999999998,22396.1,22004.3,399.50968566,8870185.651046915,green,38.9350619435
2023-03-07 15:33:00,22288.65,22330.750000000004,22484.9,22260.8,205.55378168,4598030.415523859,green,40.8160830837
2023-03-07 15:54:00,22308.65,22326.825,22389.8,22300.2,90.20031759,2015556.210289159,red,41.5500997354
2023-03-07 16:15:00,22256.5,22261.475,22324.9,22208.0,192.60368736,4286713.301354937,red,43.345810972
2023-03-07 16:36:00,22233.1,22243.574999999997,22312.0,22196.1,96.21791089,2141877.128174284,green,44.1743211607
2023-03-07 16:57:00,22253.050000000003,22253.425000000003,22286.6,22221.0,71.15312474,1582595.279403951,red,44.7200448446
2023-03-07 17:18:00,22281.5,22292.375,22355.5,22251.0,55.01283412,1228064.924389859,green,45.018880686900005
2023-03-07 17:39:00,22308.050000000003,22315.9,22355.8,22291.7,59.49922435,1328216.235186815,red,45.4711027647
2023-03-07 18:00:00,22292.0,22296.325,22328.6,22272.7,36.95952555,823940.9013034119,red,45.7365979861
2023-03-07 18:21:00,22254.2,22252.699999999997,22284.3,22218.1,40.71704458,905876.590177231,red,45.9893168634
2023-03-07 18:42:00,22219.05,22207.275,22231.0,22160.0,56.9283042,1263750.15871978,red,46.3954431295
2023-03-07 19:03:00,22205.4,22210.175000000003,22244.9,22185.0,40.13750385,891849.527592825,red,46.6185679428
2023-03-07 19:24:00,22195.449999999997,22199.1,22222.9,22182.6,18.23637537,404918.64785177,red,46.5389035542
2023-03-07 19:45:00,22132.55,22130.875,22213.4,22045.0,127.44000647,2819745.483099538,red,47.649490530600005
2023-03-07 20:06:00,22058.6,22053.100000000002,22102.9,21992.3,138.59944857,3056946.291837974,red,48.7239240701
2023-03-07 20:27:00,22063.95,22064.825,22131.4,22000.0,90.88597351,2005930.820713821,green,49.5386634471
2023-03-07 20:48:00,22072.7,22068.824999999997,22084.3,22045.6,59.88572107,1321323.318204593,red,49.9864644906
2023-03-07 21:09:00,22040.75,22022.55,22062.5,21946.2,236.05302073,5192896.695791308,red,52.0746900621
2023-03-07 21:30:00,22045.15,22056.1,22115.0,22019.1,67.53365761,1490127.559917894,green,52.5782939532
2023-03-07 21:51:00,22041.8,22035.325,22074.7,21983.0,62.23938492,1371396.231713609,red,52.97924279600001
2023-03-07 22:12:00,22051.6,22057.199999999997,22115.2,22010.4,45.46544909,1003010.021854296,green,53.2993023887
2023-03-07 22:33:00,22088.05,22092.550000000003,22120.0,22074.1,32.89441956,727027.67662315,red,53.37718348320001
2023-03-07 22:54:00,22095.2,22095.225,22117.1,22073.4,23.40070188,517121.057262301,green,53.4917558645
2023-03-07 23:15:00,22136.550000000003,22140.575,22196.5,22092.7,49.04996857,1086282.971067701,green,53.8228302823
2023-03-07 23:36:00,22185.0,22193.625,22234.3,22170.2,42.29269268,938968.53491678,green,54.077225280300006
2023-03-07 23:57:00,22221.4,22229.475,22282.0,22193.1,85.32011447000001,1896762.875131689,green,54.761689132700006
2023-03-08 00:18:00,22227.9,22232.625000000004,22264.9,22209.8,43.71267942,972030.562970754,red,54.8441087753
2023-03-08 00:39:00,22228.15,22229.425000000003,22248.5,22212.9,18.51941623,411703.617117965,green,54.5563699696
2023-03-08 01:00:00,22240.15,22236.35,22254.7,22210.4,13.22677167,294095.690009046,red,54.47706974719999
2023-03-08 01:21:00,22222.9,22224.175000000003,22252.3,22198.6,24.33278124,540781.143168317,red,54.4720853369
2023-03-08 01:42:00,22186.65,22180.925000000003,22209.4,22141.0,26.19358204,580733.4403890651,red,54.518555215700005
2023-03-08 02:03:00,22172.25,22177.649999999998,22199.9,22166.2,19.95397275,442680.344444052,green,54.4102657613
2023-03-08 02:24:00,22184.85,22185.725000000002,22197.9,22175.3,13.62994252,302393.621042002,green,54.24135491130001
2023-03-08 02:45:00,22188.6,22187.0,22202.8,22168.0,8.65319223,191985.675002756,red,52.31903809760001
2023-03-08 03:06:00,22152.4,22145.275,22188.2,22088.1,22.29964359,493714.070897487,red,51.7031479794
2023-03-08 03:27:00,22128.45,22123.475,22143.6,22093.4,29.05560308,642880.257293695,green,51.285448493
2023-03-08 03:48:00,22143.9,22146.324999999997,22163.6,22133.9,36.20226339,801887.8619444619,green,51.3521686693
2023-03-08 04:09:00,22139.800000000003,22142.425,22164.4,22125.7,14.72441461,326027.725848443,red,51.34535889719999
2023-03-08 04:30:00,22127.35,22123.975000000002,22134.4,22106.8,12.09848759,267697.967625251,green,51.1266355689
2023-03-08 04:51:00,22119.9,22122.275,22149.0,22100.3,17.83287533,394630.027588576,red,51.0472332518
2023-03-08 05:12:00,22070.4,22070.5,22113.5,22027.7,18.55038552,409355.983954615,red,50.83377333439999
2023-03-08 05:33:00,21998.050000000003,21973.25,22046.9,21850.0,230.32300719,5054343.5570973,red,52.97038202760001
2023-03-08 05:54:00,21993.1,21983.4,22019.9,21927.5,60.909789360000005,1338010.16819808,green,53.26124097250001
2023-03-08 06:15:00,22027.7,22020.2,22049.9,21975.5,24.8562377,547120.114955096,green,52.1890300982
2023-03-08 06:36:00,22037.75,22025.775,22040.1,21987.5,24.33865432,535699.682085673,green,51.6273120895
2023-03-08 06:57:00,22031.05,22028.225,22040.4,22010.4,43.52508057,958848.4509237652,red,51.7366919141
2023-03-08 07:18:00,22026.0,22016.275,22037.3,21975.8,17.52114517,385461.437522574,green,51.6677909065
2023-03-08 07:39:00,22000.75,21998.3,22029.9,21961.8,19.01622747,418369.675101729,red,51.3165005561
2023-03-08 08:00:00,21973.449999999997,21968.524999999998,21988.9,21938.3,37.26302106,818672.36401251,green,51.3994265724
2023-03-08 08:21:00,21992.7,21997.6,22029.9,21975.1,27.69549404,609519.529044023,green,51.4132425986
2023-03-08 08:42:00,22005.550000000003,22002.725000000002,22015.1,21984.7,13.77617422,303148.284362977,red,51.3350083046
2023-03-08 09:03:00,21993.75,21996.925000000003,22014.1,21986.1,25.13750404,552997.963986369,red,51.3018650513
2023-03-08 09:24:00,21987.45,21987.324999999997,22000.5,21973.9,10.23104679,224962.867775389,green,51.2227109944
2023-03-08 09:45:00,21996.25,22001.899999999998,22026.9,21988.2,22.43211052,493693.668356805,green,51.2438561166
2023-03-08 10:06:00,22022.35,22027.975000000002,22065.4,22001.8,37.26856326,820995.50144085,green,51.3965070145
2023-03-08 10:27:00,22081.55,22084.8,22139.8,22036.3,47.91587285,1058875.96270476,green,51.6830143051
2023-03-08 10:48:00,22103.85,22104.025,22132.9,22075.5,37.71210245,833791.552458864,red,51.8768308432
2023-03-08 11:09:00,22085.65,22084.824999999997,22101.6,22066.4,10.89793635,240643.10511312,green,51.7662621481
2023-03-08 11:30:00,22078.15,22077.325000000004,22094.4,22058.6,20.25031809,447104.137551841,red,51.808520029
2023-03-08 11:51:00,22072.85,22073.15,22083.9,22063.0,17.03231312,375983.344742124,green,51.683885317000005
2023-03-08 12:12:00,22061.35,22066.8,22105.5,22039.0,34.42904846,759975.510918516,red,51.6011212818
2023-03-08 12:33:00,22022.8,22028.2,22067.2,22000.0,41.81366709,921425.904294221,red,51.329104799700005
2023-03-08 12:54:00,21995.0,21996.074999999997,22023.9,21970.4,37.22609455,819121.907600877,red,51.3574743069
2023-03-08 13:15:00,21999.199999999997,22005.374999999996,22054.9,21968.2,58.72733088,1292578.547549694,green,51.8037210866
2023-03-08 13:36:00,21994.95,21994.825,22043.9,21945.5,44.08657769,969729.605781349,red,52.094551455
2023-03-08 13:57:00,21995.65,21983.075,22013.0,21928.0,70.41963912,1547689.439093894,green,52.319939157300006
2023-03-08 14:18:00,21987.75,21988.075,22024.8,21952.0,69.43354433,1526689.500377822,red,52.7927949325
2023-03-08 14:39:00,21966.55,21977.8,22014.3,21963.8,42.99797636,945487.765930305,green,53.1396472894
2023-03-08 15:00:00,22019.35,22035.875,22223.8,21881.0,387.76588455,8557448.201537063,green,56.9089124743
2023-03-08 15:21:00,22112.55,22111.6,22199.2,22022.1,137.44422641,3042442.60842024,green,58.1554239906
2023-03-08 15:42:00,22150.75,22145.225,22172.2,22107.2,65.67150035,1453966.856919788,red,58.72064532609999
2023-03-08 16:03:00,22132.85,22149.074999999997,22212.0,22118.6,46.77629914,1037007.524708094,red,59.105021064
2023-03-08 16:24:00,22110.65,22100.750000000004,22124.9,22056.8,47.39669227,1046932.365666108,red,59.523286578
2023-03-08 16:45:00,22113.35,22123.225000000002,22173.4,22092.8,49.04685777,1085770.473537525,green,59.930847889
2023-03-08 17:06:00,22110.6,22107.025,22126.0,22080.9,43.79963976,968089.845322354,red,60.1765622319
2023-03-08 17:27:00,22088.15,22081.325000000004,22098.4,22050.6,37.19423499,821051.955860186,red,60.4107428456
2023-03-08 17:48:00,22064.1,22049.425000000003,22077.9,21991.6,38.81225047,855124.6798049,red,60.621609558500005
2023-03-08 18:09:00,22007.1,22005.275,22050.3,21956.6,38.72730548,852027.863672757,red,60.5151041364
2023-03-08 18:30:00,21975.050000000003,21974.575000000004,22001.1,21947.1,41.38395002,909534.8413267052,green,60.7558377568
2023-03-08 18:51:00,22003.0,22008.35,22043.0,21984.4,18.23186504,401496.048607424,green,60.62054224570001
2023-03-08 19:12:00,22017.95,22017.399999999998,22027.0,22006.7,13.00936931,286413.63261237,red,60.5477472562
2023-03-08 19:33:00,22011.300000000003,22018.425000000003,22058.6,21992.5,22.71256356,500205.283210687,red,60.5657869463
2023-03-08 19:54:00,21996.4,21994.4,22015.9,21968.9,34.40931179,756516.9796426169,red,60.7143767916
2023-03-08 20:15:00,22050.0,22048.075,22126.0,21966.3,62.26902307,1373199.106601124,green,60.9768620967
2023-03-08 20:36:00,22100.6,22096.699999999997,22116.0,22069.6,30.24324533,668123.671391313,red,60.9433155196
2023-03-08 20:57:00,22086.45,22087.275,22112.1,22064.1,39.64826439,875708.106519641,red,61.15548779320001
2023-03-08 21:18:00,22046.05,22049.45,22097.7,22008.0,26.54684937,585700.1030897651,red,61.26853266809999
2023-03-08 21:39:00,22009.05,21987.275,22016.5,21914.5,57.03460234,1252897.46282455,green,61.6285690895
2023-03-08 22:00:00,22004.3,21996.675,22017.3,21960.8,38.15552538,839106.187542058,red,61.8361997973
2023-03-08 22:21:00,21989.5,21986.175,22003.0,21962.7,19.67691726,432569.83224585,red,61.8709349509
2023-03-08 22:42:00,21882.0,21852.0,21989.0,21655.0,270.93189892,5903771.884400645,red,63.9776689863
2023-03-08 23:03:00,21743.4,21715.425000000003,21797.9,21577.0,259.61761808,5631104.361505608,red,66.3264049431
2023-03-08 23:24:00,21701.6,21706.225,21746.2,21675.5,53.960773,1171286.540200188,red,66.55463729649999
2023-03-08 23:45:00,21702.6,21702.675,21728.1,21677.4,50.85222118,1103811.739031981,green,66.7958349991
2023-03-09 00:06:00,21725.35,21721.274999999998,21744.2,21690.2,39.62600393,860497.5293211361,green,66.83038319740001
2023-03-09 00:27:00,21737.85,21734.574999999997,21762.1,21700.5,42.44648895,922375.092669598,red,67.1346126114
2023-03-09 00:48:00,21696.6,21693.475,21745.6,21635.1,36.07269204,782782.736891398,red,66.8909669403
2023-03-09 01:09:00,21697.2,21702.100000000002,21757.2,21656.8,33.69582414,731886.96627544,green,66.50545603169999
2023-03-09 01:30:00,21729.05,21723.575,21744.0,21692.2,33.22356185,721464.6431717119,red,65.7386040784
2023-03-09 01:51:00,21720.55,21719.1,21734.6,21700.7,23.23544239,504512.928099706,red,60.0963126986
2023-03-09 02:12:00,21742.85,21746.725,21790.0,21711.2,23.47790231,511062.440251625,green,56.3359948651
2023-03-09 02:33:00,21770.7,21768.1,21781.0,21750.0,20.84599643,453645.983964051,green,54.488917012600005
2023-03-09 02:54:00,21759.65,21762.0,21780.9,21747.8,11.65493561,253703.873200168,red,53.7034631928
2023-03-09 03:15:00,21761.1,21761.074999999997,21774.5,21747.6,16.2636884,353807.696731189,green,51.940063203200005
2023-03-09 03:36:00,21768.75,21774.35,21804.9,21755.0,28.3503856,617501.918985493,red,51.2613879503
2023-03-09 03:57:00,21753.45,21754.875,21772.2,21740.4,15.10965587,328710.667934751,red,50.7009532616
2023-03-09 04:18:00,21743.9,21739.375,21749.3,21720.4,21.512029,467589.585345033,grey,50.36594521039999
2023-03-09 04:39:00,21742.5,21741.35,21746.4,21734.0,11.81275237,256795.484117425,red,49.8890804906
2023-03-09 05:00:00,21740.0,21743.9,21759.9,21735.7,11.89356082,258654.191650998,red,49.6384208433
2023-03-09 05:21:00,21735.15,21736.425000000003,21745.8,21729.6,8.30551958,180528.624470839,red,49.3143055933
2023-03-09 05:42:00,21731.8,21736.575,21751.2,21731.5,8.84307114,192254.429946207,green,48.8334532627
2023-03-09 06:03:00,21734.949999999997,21733.35,21742.8,21720.7,19.27876507,418962.60084693,green,48.6248658749
2023-03-09 06:24:00,21734.5,21723.575,21737.8,21687.5,12.40121503,269302.82294664404,red,48.5665142715
2023-03-09 06:45:00,21731.800000000003,21726.575,21742.7,21700.0,21.17848382,459995.284558224,green,47.503899045
2023-03-09 07:06:00,21725.6,21724.675,21736.8,21710.7,16.33099193,354765.076706963,red,46.281214478600006
2023-03-09 07:27:00,21710.699999999997,21703.425,21718.8,21673.5,21.59755306,468575.63734964,red,45.5883302741
2023-03-09 07:48:00,21674.25,21662.775,21702.6,21600.0,57.53627825,1245963.132269268,red,45.5648358459
2023-03-09 08:09:00,21641.800000000003,21643.65,21663.5,21627.5,40.63601215,879730.271267758,red,43.6106657601
2023-03-09 08:30:00,21655.199999999997,21652.074999999997,21693.8,21604.1,55.97306545,1211922.95830682,green,43.4950598385
2023-03-09 08:51:00,21673.4,21672.225,21693.7,21648.4,29.31416524,635368.9507560839,green,43.16580764169999
2023-03-09 09:12:00,21658.699999999997,21664.125,21696.0,21643.1,27.7933722,602325.405966255,red,42.9890868728
2023-03-09 09:33:00,21640.95,21629.350000000002,21648.7,21586.8,53.89951024,1165333.015551067,red,43.1991377796
2023-03-09 09:54:00,21643.550000000003,21635.15,21649.3,21604.2,21.99332111,475616.157888848,green,43.1850639719
2023-03-09 10:15:00,21633.85,21632.125,21651.0,21609.8,35.65616736,771115.391204291,red,43.05112595979999
2023-03-09 10:36:00,21642.75,21624.55,21679.0,21533.7,145.33024662,3140541.053412822,green,44.0815014992
2023-03-09 10:57:00,21654.55,21652.574999999997,21667.3,21633.9,42.524375410000005,920508.154778403,red,43.6535441086
2023-03-09 11:18:00,21646.6,21643.55,21658.4,21622.6,15.6501604,338641.420042926,green,43.37291891839999
2023-03-09 11:39:00,21661.15,21661.45,21673.2,21650.3,13.93024892,301690.139259663,green,43.3270272453
2023-03-09 12:00:00,21648.5,21648.225,21672.0,21623.9,17.09968379,370183.505888862,red,43.3657563665
2023-03-09 12:21:00,21624.9,21625.025,21640.8,21609.5,30.49790741,659506.5593900019,red,43.4274076282
2023-03-09 12:42:00,21611.1,21611.975,21633.3,21592.4,36.67888369,792899.598820239,red,43.5322606447
2023-03-09 13:03:00,21589.2,21591.525,21616.6,21571.1,17.22152069,371893.073870819,red,43.504936124100006
2023-03-09 13:24:00,21610.9,21618.2,21692.0,21559.0,103.86206918,2247855.716670801,green,44.4072573907
2023-03-09 13:45:00,21679.25,21684.925,21737.0,21644.2,102.41476237,2222089.3034289703,green,45.3448730921
2023-03-09 14:06:00,21729.75,21751.2,21831.1,21714.2,140.21070332,3053411.353380919,green,46.523983689400005
2023-03-09 14:27:00,21748.550000000003,21749.675000000003,21789.5,21712.1,49.55600134,1077758.962732225,green,46.728987672
2023-03-09 14:48:00,21760.050000000003,21758.25,21806.3,21706.6,69.8729198,1520496.917083031,green,47.0656942361
2023-03-09 15:09:00,21748.95,21737.125,21774.1,21676.5,70.90627044,1539698.442641801,red,47.6275127944
2023-03-09 15:30:00,21717.75,21718.775,21738.1,21701.5,25.03914864,543894.660964976,red,47.7569194049
2023-03-09 15:51:00,21670.85,21655.65,21708.9,21572.0,102.72297773,2223130.707000071,red,48.6058204289
2023-03-09 16:12:00,21626.9,21631.225000000002,21670.9,21600.2,47.73457725,1032785.701172101,red,48.89766234620001
2023-03-09 16:33:00,21563.1,21544.475,21628.7,21423.0,320.09441388,6884499.355259862,red,49.7953764131
2023-03-09 16:54:00,21487.5,21470.225,21523.0,21382.9,141.23962243,3031189.307048754,red,50.59867474379999
2023-03-09 17:15:00,21472.3,21483.175,21520.0,21468.1,58.76035575,1262876.0231548431,green,50.9377159243
2023-03-09 17:36:00,21468.65,21458.375,21476.1,21420.1,79.97193125,1715419.290812861,red,51.49404869360001
2023-03-09 17:57:00,21447.45,21438.15,21488.6,21369.1,104.72472779,2244495.452163768,red,52.1060451658
2023-03-09 18:18:00,21264.25,21245.65,21457.3,20996.8,648.5374212300001,13712241.501939176,red,58.416207926400006
2023-03-09 18:39:00,21054.5,21050.975,21124.9,20970.0,279.84097096,5888209.982160906,red,61.02445536130001
2023-03-09 19:00:00,20989.9,20952.5,21013.4,20816.8,455.34639224,9523547.64671068,red,65.2052890731
2023-03-09 19:21:00,20930.5,20917.25,20982.0,20826.0,120.43977946,2517318.568640646,red,66.1327319273
2023-03-09 19:42:00,20867.45,20852.300000000003,20907.9,20766.4,143.3670809,2986755.10620666,red,67.4286409941
2023-03-09 20:03:00,20703.85,20692.05,20841.7,20518.8,427.01910287,8828883.272041176,red,71.4474569824
2023-03-09 20:24:00,20567.55,20596.125,20749.4,20500.0,366.94386636,7560067.524510863,green,75.01458517809999
2023-03-09 20:45:00,20432.15,20368.125,20582.3,20025.9,1014.00553829,20577856.54137615,red,84.9303194558
2023-03-09 21:06:00,20318.75,20318.6,20416.8,20220.1,421.42972809,8565078.479533099,green,88.7719311041
2023-03-09 21:27:00,20296.55,20300.25,20388.0,20219.9,145.19478153,2947833.885928555,red,89.74472019090001
2023-03-09 21:48:00,20298.15,20286.325,20360.0,20189.0,170.32008944,3451030.330662454,green,91.0708000608
2023-03-09 22:09:00,20346.1,20369.8,20495.0,20292.0,193.03698093,3932596.151272896,green,92.8921905066
2023-03-09 22:30:00,20340.55,20340.1,20391.3,20288.0,83.41755140000001,1697399.753163397,red,93.52386283970002
2023-03-09 22:51:00,20338.4,20330.15,20364.9,20278.9,64.89331818,1318687.337518182,green,94.0024728903
2023-03-09 23:12:00,20345.85,20343.225,20360.0,20321.2,67.44311913,1371948.4339516489,red,94.332613597
2023-03-09 23:33:00,20348.85,20343.699999999997,20363.0,20314.1,44.50386303,905104.439092897,green,94.3595155564
2023-03-09 23:54:00,20283.15,20286.025,20375.8,20202.0,72.03322539,1462573.201370437,red,94.7075868648
2023-03-10 00:15:00,20170.1,20149.25,20242.2,20014.6,314.76430055000003,6334945.773455526,red,97.2679565615
2023-03-10 00:36:00,20124.75,20109.9,20144.8,20045.3,102.30551185,2057426.455517736,red,97.8501459031
2023-03-10 00:57:00,19992.800000000003,19989.075,20140.9,19829.8,484.1950149,9679354.01163321,red,101.9878996609
2023-03-10 01:18:00,19972.449999999997,19952.274999999998,20095.9,19768.3,425.71859515,8487966.149095114,green,105.5507501691
2023-03-10 01:39:00,20093.2,20094.85,20160.0,20033.0,107.27335765,2154322.968171709,green,106.193503982
2023-03-10 02:00:00,20085.800000000003,20092.075,20141.7,20055.0,97.73122368,1964353.817188638,red,103.2931573733
2023-03-10 02:21:00,20072.300000000003,20072.425000000003,20106.7,20038.4,58.22966785,1169069.87292991,green,102.5010117877
2023-03-10 02:42:00,20060.7,20060.8,20091.8,20030.0,70.350655,1410766.282374161,red,102.5478033342
2023-03-10 03:03:00,20065.449999999997,20052.125,20094.0,19983.6,70.03049945,1403058.9677675809,green,102.7803453373
2023-03-10 03:24:00,20094.1,20098.875,20134.0,20073.3,49.0535187,985804.353928583,green,102.7969136016
2023-03-10 03:45:00,20045.75,20045.35,20102.8,19987.1,55.08584495,1103929.653672246,red,102.8573034734
2023-03-10 04:06:00,19979.3,19981.95,20031.0,19938.2,104.34412117,2084500.590306384,red,103.4627482875
2023-03-10 04:27:00,19922.199999999997,19919.225,19971.6,19860.9,123.92721554,2467640.183429063,red,104.330078093
2023-03-10 04:48:00,19889.6,19886.725,19927.5,19840.2,118.7153037,2360044.053415026,green,105.1291086253
2023-03-10 05:09:00,19925.1,19922.574999999997,19984.0,19856.1,81.69033069,1627902.286711815,green,105.5587388774
2023-03-10 05:30:00,19986.95,19994.975,20054.3,19951.7,65.9215792,1319425.582137525,green,105.8041151692
2023-03-10 05:51:00,19994.75,19990.3,20022.4,19949.3,92.45211974,1848461.204890304,red,106.5463177162
2023-03-10 06:12:00,19961.6,19953.6,19974.2,19917.0,64.10293253,1278470.078523033,red,107.0572533484
2023-03-10 06:33:00,19914.25,19921.875,19991.2,19867.8,105.34214177,2098767.576967061,red,107.8835491305
2023-03-10 06:54:00,19860.75,19855.9,19924.9,19777.2,152.99181906,3038248.401945291,red,109.0693742032
2023-03-10 07:15:00,19913.5,19901.425,19996.9,19781.8,341.40424204000004,6786626.339916357,green,111.8607263929
2023-03-10 07:36:00,19967.300000000003,19979.575,20035.9,19947.8,95.9169704,1917362.391631362,red,112.5174636436
2023-03-10 07:57:00,19924.4,19924.225,19963.5,19884.6,75.32650099,1501590.427729669,red,112.8742460096
2023-03-10 08:18:00,19908.15,19913.175000000003,19940.0,19896.4,82.95882973,1651969.166261441,green,113.4383658132
2023-03-10 08:39:00,19938.2,19932.225000000002,19972.7,19879.8,48.18635998,959913.028941347,green,113.3498833896
2023-03-10 09:00:00,19937.75,19932.45,19966.1,19888.2,63.55617821,1266063.548736032,red,113.6038899179
2023-03-10 09:21:00,19893.199999999997,19895.125,19931.6,19862.5,136.67547005,2720201.073611243,red,114.7738754458
2023-03-10 09:42:00,19858.5,19864.775,19908.0,19834.1,136.42075961,2710458.942913116,red,113.4287640527
2023-03-10 10:03:00,19863.85,19870.425,19920.0,19834.0,94.41453658,1876065.216435736,green,111.7767332377
2023-03-10 10:24:00,19776.85,19774.5,19878.3,19666.0,594.40034471,11753312.11062103,red,117.1811289548
2023-03-10 10:45:00,19656.85,19650.675,19730.9,19558.1,286.93001313,5635586.9423128925,red,119.5419068743
2023-03-10 11:06:00,19633.0,19637.025,19709.0,19573.1,175.77809226,3454180.489554211,red,120.9034277576
2023-03-10 11:27:00,19649.7,19648.15,19683.9,19609.3,99.13669122,1948369.155743095,green,121.4703297803
2023-03-10 11:48:00,19704.35,19719.324999999997,19800.0,19668.6,124.68007184,2463137.428887341,green,122.35640357830002
2023-03-10 12:09:00,19803.3,19810.425,19905.1,19730.0,225.19857999,4464295.466445449,green,124.2714311368
2023-03-10 12:30:00,19883.449999999997,19884.424999999996,19956.7,19814.1,306.06057801000003,6080605.926877222,green,126.9998012984
2023-03-10 12:51:00,19918.6,19930.025,19999.9,19883.0,165.20563718,3294406.679431773,green,128.4195032463
2023-03-10 13:12:00,20000.05,20019.625,20189.3,19889.1,418.3199964,8370695.9823008785,green,132.3679241872
2023-03-10 13:33:00,20151.3,20149.125,20305.9,19988.0,396.62334679,8008671.229339376,green,136.1256976908
2023-03-10 13:54:00,20086.35,20091.725,20277.6,19916.6,349.71690951,7030534.297069511,red,139.5063174298
2023-03-10 14:15:00,19938.4,19948.7,20050.6,19867.4,248.48242043,4954907.341776957,green,141.8285047501
2023-03-10 14:36:00,19886.1,19857.325,19996.8,19660.3,387.20649969,7672061.940751664,red,145.417065891
2023-03-10 14:57:00,19830.3,19858.6,19967.2,19806.6,189.42004892,3766410.9934769417,green,147.1601698215
2023-03-10 15:18:00,19883.75,19871.949999999997,19948.2,19772.1,121.40899114,2411078.969396088,green,148.15913944290003
2023-03-10 15:39:00,19969.9,19958.5,20036.6,19857.6,134.03851323,2673636.88555604,green,149.38139705150002
2023-03-10 16:00:00,20008.95,19991.925,20017.8,19932.0,91.30120951,1823787.864321025,green,150.1754735384
2023-03-10 16:21:00,20074.6,20115.85,20298.9,20015.3,285.33518196,5753928.165254132,green,152.9457701622
2023-03-10 16:42:00,20064.4,20064.55,20140.2,19989.2,113.06305139,2267171.096408553,red,153.9879699647
2023-03-10 17:03:00,19943.699999999997,19929.175,19996.3,19833.0,162.28818343,3230704.429379731,red,155.4180641483
2023-03-10 17:24:00,19937.85,19935.925,20018.0,19850.0,97.47141726,1944143.025801782,green,156.2687661706
2023-03-10 17:45:00,19964.050000000003,19977.800000000003,20079.0,19904.1,101.46794412,2026695.786498456,red,157.0716607736
2023-03-10 18:06:00,19926.15,19940.675000000003,20006.5,19903.9,80.74217652,1610638.2790431129,red,157.7157726195
2023-03-10 18:27:00,19918.6,19910.85,19937.1,19869.1,74.72151464,1487530.961037621,green,158.24701223530002
2023-03-10 18:48:00,19914.5,19900.175,19944.0,19827.7,106.2189777,2111369.837798933,red,158.7338392298
2023-03-10 19:09:00,19905.35,19925.024999999998,19988.6,19900.8,74.12131562,1478254.443001718,green,159.0686922645
2023-03-10 19:30:00,19949.45,19956.6,20019.4,19908.1,65.88482045,1315086.816787248,green,159.1678098145
2023-03-10 19:51:00,20027.1,20028.074999999997,20072.5,19985.6,88.52126453,1772525.903245366,green,159.7598808074
2023-03-10 20:12:00,20037.7,20026.75,20065.0,19966.6,74.00792971,1480957.004626747,red,160.22202638250002
2023-03-10 20:33:00,19998.85,19987.5,20013.4,19938.9,55.2533416,1103451.217552051,red,160.2355646961
2023-03-10 20:54:00,19964.75,19960.475,19988.1,19924.3,76.67962371,1529879.005722485,red,160.7824277221
2023-03-10 21:15:00,19933.6,19921.625,19967.9,19851.4,203.56212289,4052315.576456606,red,162.46148727739998
2023-03-10 21:36:00,19999.2,19990.699999999997,20079.3,19885.1,144.30162031999998,2879646.448604086,green,162.4512010144
2023-03-10 21:57:00,20083.05,20089.3,20164.0,20027.1,200.52376311,4032670.190097952,green,164.03119489140002
2023-03-10 22:18:00,20095.8,20098.675,20140.0,20063.1,141.63884221,2846861.087448732,green,165.2910817095
2023-03-10 22:39:00,20099.95,20098.225,20166.0,20027.0,122.46418591,2460171.816356533,green,166.37642107940002
2023-03-10 23:00:00,20135.25,20143.55,20214.0,20089.7,135.32155431,2727159.820771425,green,167.5586397846
2023-03-10 23:21:00,20174.6,20165.6,20190.7,20122.5,80.6141254,1625545.398178274,green,168.0598019645
2023-03-10 23:42:00,20175.800000000003,20171.875,20235.9,20100.0,155.88761427,3144530.556264438,red,169.2518892703
2023-03-11 00:03:00,20179.35,20179.675,20222.8,20137.2,78.02191941,1574305.710023278,green,169.8598932575
2023-03-11 00:24:00,20207.05,20216.225,20264.0,20186.8,145.09147349,2935733.176602828,green,170.27218730060002
2023-03-11 00:45:00,20256.75,20258.475,20323.0,20197.4,185.28342778,3752864.903562302,green,171.1008739547
2023-03-11 01:06:00,20290.800000000003,20301.325,20349.0,20274.7,158.56098075,3221415.99817024,green,171.284376729
2023-03-11 01:27:00,20404.45,20445.25,20679.7,20292.4,596.06763433,12219055.45676032,green,176.7494930589
2023-03-11 01:48:00,20531.85,20563.9,20679.9,20512.0,247.84337799,5104425.516826897,green,178.52919764080002
2023-03-11 02:09:00,20488.4,20485.55,20562.1,20403.3,287.52175882,5888266.859371763,red,180.6953525246
2023-03-11 02:30:00,20462.050000000003,20454.9,20519.1,20376.4,213.83788809,4374751.013244835,green,182.5833399191
2023-03-11 02:51:00,20425.8,20422.425,20511.1,20327.0,201.7131344,4121324.641788113,red,183.5732414858
2023-03-11 03:12:00,20362.5,20358.35,20381.2,20327.2,191.74671828,3903585.553078626,green,185.0133628961
2023-03-11 03:33:00,20396.9,20398.4,20445.0,20354.8,140.1857578,2861006.169246024,green,183.2142763353
2023-03-11 03:54:00,20359.15,20355.0,20429.4,20272.3,220.73283658,4492503.523499619,red,184.0092084768
2023-03-11 04:15:00,20322.4,20329.575,20379.4,20294.1,253.34912516,5152858.20316056,green,185.9550961709
2023-03-11 04:36:00,20340.35,20337.225,20364.1,20304.1,208.05772802,4230672.133972985,red,187.2359541386
2023-03-11 04:57:00,20359.35,20365.7,20424.9,20319.2,229.31515038,4668932.795151004,green,188.4818583645
2023-03-11 05:18:00,20404.35,20407.6,20445.0,20376.7,311.03115241,6348252.071781209,green,185.10679567630004
2023-03-11 05:39:00,20412.75,20408.65,20424.0,20385.1,212.53061359,4336908.837409714,red,184.4336921026
2023-03-11 06:00:00,20386.7,20390.9,20421.1,20369.1,142.12094386,2899067.822295373,red,181.3014376188
2023-03-11 06:21:00,20318.65,20303.975000000002,20375.4,20203.2,250.44639192,5079102.361362484,red,182.60150374340003
2023-03-11 06:42:00,20279.95,20266.425000000003,20300.4,20205.4,289.06155841,5855906.067636701,green,184.0584485185
2023-03-11 07:03:00,20234.050000000003,20230.475000000002,20324.9,20128.9,310.68793289,6284072.120795375,red,182.8951368187
2023-03-11 07:24:00,20054.2,20055.925000000003,20228.2,19887.1,502.93974749,10089382.996514956,red,184.25509563
2023-03-11 07:45:00,19885.3,19891.274999999998,20025.3,19769.2,401.88429823,7994691.359941451,red,178.13388322939997
2023-03-11 08:06:00,19910.65,19906.975,20018.0,19788.6,294.39608368,5863974.437647794,green,176.86354678529997
2023-03-11 08:27:00,20062.85,20071.774999999998,20211.7,19949.7,277.99709213,5575556.465405888,green,178.1915698913
2023-03-11 08:48:00,20114.15,20113.575,20182.0,20044.0,301.07869547,6050503.800755248,red,179.49915595159996
2023-03-11 09:09:00,20066.75,20077.175,20148.2,20027.0,228.5852907,4589655.269542536,red,179.85463904929998
2023-03-11 09:30:00,20071.85,20051.425,20101.0,19961.0,176.22695141,3530007.398252563,green,180.7827330494
2023-03-11 09:51:00,20102.9,20103.9,20139.0,20070.8,95.03678318,1910175.994818693,green,181.0841676994
2023-03-11 10:12:00,20111.0,20113.324999999997,20159.2,20072.1,136.19598773,2740654.448324353,green,181.7716963854
2023-03-11 10:33:00,20080.449999999997,20073.675,20124.0,20009.8,180.04262596,3612226.4965437967,red,183.1270840147
2023-03-11 10:54:00,20043.8,20040.85,20065.2,20010.6,105.92243033,2122948.260296257,red,183.46597606410003
2023-03-11 11:15:00,20020.8,20034.675,20104.0,19993.1,154.76907863,3104472.293706413,red,181.8660238449
2023-03-11 11:36:00,20024.1,20025.425,20077.6,19975.9,122.03876743,2445364.398931657,green,182.0633564007
2023-03-11 11:57:00,20049.25,20060.75,20098.7,20045.8,114.73421197,2303240.026954618,red,178.3687483714
2023-03-11 12:18:00,20063.5,20074.25,20133.8,20036.2,83.39404107,1675436.283146877,green,174.94550283060002
2023-03-11 12:39:00,20057.15,20057.95,20087.7,20029.8,89.13927469,1787479.040906145,red,174.76416200100002
2023-03-11 13:00:00,20079.7,20079.725,20126.9,20032.6,85.75235707,1721615.537046401,green,174.64437333489997
2023-03-11 13:21:00,20125.1,20116.35,20133.0,20082.2,113.70355801,2286494.84839415,green,175.1991122365
2023-03-11 13:42:00,20113.05,20108.9,20143.5,20066.0,96.9070958,1948594.944230537,red,175.46467664450003
2023-03-11 14:03:00,20112.35,20109.75,20137.9,20076.4,138.0088586,2776142.651529136,green,176.144460236
2023-03-11 14:24:00,20150.9,20156.375,20206.0,20117.7,174.13755376,3512535.465490479,green,177.3953005866
2023-03-11 14:45:00,20132.65,20132.6,20178.0,20087.1,181.15709409,3647196.642100686,red,178.65601307800003
2023-03-11 15:06:00,20093.800000000003,20094.9,20127.0,20065.0,117.12840937,2353715.006266408,green,178.78385596
2023-03-11 15:27:00,20093.5,20095.65,20119.7,20075.9,104.20179498,2093855.8076581152,red,178.5866017544
2023-03-11 15:48:00,20048.75,20048.775,20099.6,19998.0,146.53190249,2939331.078834072,red,178.8647677423
2023-03-11 16:09:00,20020.5,20031.4,20079.0,20005.6,166.46950501,3336948.72240276,green,179.71255948549998
2023-03-11 16:30:00,20058.85,20058.95,20104.9,20013.2,135.74663211,2723231.493202209,green,180.4108100146
2023-03-11 16:51:00,20088.95,20096.95,20142.6,20067.3,124.42260886,2500675.703800494,green,180.7305149058
2023-03-11 17:12:00,20117.4,20121.475,20160.0,20091.1,147.23933805,2962824.929344866,green,181.561878961
2023-03-11 17:33:00,20188.95,20206.65,20324.2,20124.5,290.3105786,5872973.061355039,green,183.4115633293
2023-03-11 17:54:00,20216.5,20226.925,20284.4,20190.3,161.29958434,3262591.479433687,red,183.4946409821
2023-03-11 18:15:00,20219.25,20240.225,20321.0,20201.4,196.42990389,3980498.360091589,green,182.0448976006
2023-03-11 18:36:00,20244.6,20245.725,20273.5,20220.2,120.05036479,2430610.043990924,green,182.2862315445
2023-03-11 18:57:00,20218.3,20212.149999999998,20261.8,20150.2,161.95581322,3271361.390608465,red,183.1525246668
2023-03-11 19:18:00,20186.2,20194.525,20233.6,20172.1,105.71558545,2135958.085644206,green,183.380092224
2023-03-11 19:39:00,20208.9,20212.325,20237.0,20194.5,124.87291278,2525142.520199078,green,184.146957752
2023-03-11 20:00:00,20240.25,20242.199999999997,20267.7,20220.6,90.97684576,1841448.56113208,green,184.4211644275
2023-03-11 20:21:00,20320.199999999997,20332.949999999997,20452.3,20239.1,271.36326961,5517904.765498969,green,185.7680424231
2023-03-11 20:42:00,20361.1,20363.65,20410.4,20322.0,100.1458132,2038878.357065245,red,185.405292959
2023-03-11 21:03:00,20323.35,20324.75,20361.3,20291.0,160.894113,3270334.108885475,red,186.0700887232
2023-03-11 21:24:00,20329.85,20325.3,20358.3,20283.2,81.21797877,1649740.7480013738,green,180.9382650638
2023-03-11 21:45:00,20351.9,20342.6,20362.0,20304.6,41.43449254,842618.931804822,green,178.4833098579
2023-03-11 22:06:00,20381.6,20387.8,20450.0,20338.0,81.1996026,1657057.201845291,green,177.5375249613
2023-03-11 22:27:00,20364.9,20362.875,20417.5,20304.2,72.28135986,1471198.588808551,red,177.26897164770003
2023-03-11 22:48:00,20350.9,20356.125,20405.4,20317.3,89.20267019,1815465.407360973,green,176.9141976312
2023-03-11 23:09:00,20391.699999999997,20390.875,20415.0,20365.1,49.70510558,1013113.408045851,green,175.1592628871
2023-03-11 23:30:00,20414.25,20413.175000000003,20445.8,20378.4,64.10095691000001,1308529.843869749,green,172.7396666761
2023-03-11 23:51:00,20432.8,20454.6,20527.8,20425.0,210.07687443,4299638.923386925,green,173.1883790486
2023-03-12 00:12:00,20411.800000000003,20401.725000000002,20437.3,20346.0,117.78920606,2401231.334303795,red,170.18307114519996
2023-03-12 00:33:00,20407.1,20404.649999999998,20441.2,20363.2,53.50092351,1091053.701870719,green,166.7518469124
2023-03-12 00:54:00,20434.35,20439.3,20480.9,20407.6,110.94050848,2268633.053687287,green,164.36408290210002
2023-03-12 01:15:00,20438.0,20443.875,20476.2,20423.3,43.65191056,892807.958583074,red,162.3157778034
2023-03-12 01:36:00,20414.85,20411.949999999997,20435.0,20383.1,49.95739912,1019468.065839329,red,158.9432867977
2023-03-12 01:57:00,20376.0,20380.775,20426.1,20345.0,47.51814805,968490.373735784,red,157.524267789
2023-03-12 02:18:00,20344.95,20344.3,20375.1,20312.2,58.38549242,1187536.813467883,red,156.8940328018
2023-03-12 02:39:00,20354.55,20359.6,20408.9,20320.4,53.68798428,1093618.866424236,green,156.0905275123
2023-03-12 03:00:00,20386.1,20400.449999999997,20463.2,20366.4,58.35256362,1191231.697849226,green,155.7610410534
2023-03-12 03:21:00,20386.3,20380.425,20396.1,20353.0,33.04760141,673116.275300152,red,153.2381652479
2023-03-12 03:42:00,20374.05,20376.425000000003,20396.2,20361.4,23.1246731,471204.983612094,red,152.338781465
2023-03-12 04:03:00,20366.9,20369.325,20387.6,20355.9,18.54458458,377780.692095997,red,150.90134547649998
2023-03-12 04:24:00,20376.85,20368.725,20392.2,20329.0,40.48530423,824202.320140098,green,150.3314843462
2023-03-12 04:45:00,20403.9,20401.300000000003,20425.0,20372.4,39.70626603,809782.103808158,green,149.71386756529998
2023-03-12 05:06:00,20405.4,20409.675000000003,20439.0,20388.9,29.24487784,597213.190573143,red,149.19889457850002
2023-03-12 05:27:00,20385.6,20391.25,20420.0,20373.8,38.82268548,791898.214646049,red,148.8399062869
2023-03-12 05:48:00,20364.35,20364.1,20377.1,20350.6,45.46808131,925836.160178338,red,148.232397323
2023-03-12 06:09:00,20363.65,20363.475,20382.7,20343.9,48.89463198,995742.3821779388,green,147.98013048660002
2023-03-12 06:30:00,20351.5,20349.25,20376.2,20317.8,93.30306138,1898031.416602081,red,148.2543128959
2023-03-12 06:51:00,20335.2,20337.5,20351.6,20328.0,30.72135543,624755.289952507,green,147.6763138049
2023-03-12 07:12:00,20343.75,20350.35,20374.0,20339.9,76.26046999,1552165.191882561,green,147.6988392077
2023-03-12 07:33:00,20329.9,20320.5,20347.1,20275.1,66.48233318,1350622.961036561,red,147.8111291235
2023-03-12 07:54:00,20340.550000000003,20342.95,20376.6,20314.1,48.70534403,990944.649457713,green,147.53138632670002
2023-03-12 08:15:00,20360.3,20366.9,20392.9,20354.1,57.8485936,1178487.912061749,red,146.0742510338
2023-03-12 08:36:00,20364.35,20361.35,20374.7,20342.0,29.09079207,592122.969728717,green,144.9221427513
2023-03-12 08:57:00,20371.8,20380.325,20413.0,20364.7,48.32986608,985252.258602982,red,143.400203781
2023-03-12 09:18:00,20386.3,20385.675,20406.0,20364.1,59.27108019,1208485.259017392,green,142.5765261608
2023-03-12 09:39:00,20392.9,20395.075,20430.0,20364.5,66.54416519,1357145.813716207,red,142.0173259536
2023-03-12 10:00:00,20392.55,20389.95,20408.5,20366.2,20.1295086,410253.836434197,green,140.8654054965
2023-03-12 10:21:00,20407.9,20406.775,20415.0,20396.3,42.11075521,859314.416076552,green,140.4803717946
2023-03-12 10:42:00,20418.4,20424.15,20447.2,20412.6,37.59668343,767989.528291772,green,139.29746248619998
2023-03-12 11:03:00,20442.7,20447.4,20484.0,20420.2,54.45567166,1113660.063168196,green,139.0618000087
2023-03-12 11:24:00,20471.25,20468.85,20494.0,20438.9,59.49021348,1217616.95969932,green,138.2057874086
2023-03-12 11:45:00,20449.95,20446.75,20481.3,20405.8,45.97700204,939984.0136473,red,136.8127231512
2023-03-12 12:06:00,20402.8,20385.05,20418.6,20316.0,107.543159,2190423.120147919,red,136.3025449337
2023-03-12 12:27:00,20382.1,20382.425,20410.0,20355.5,41.62928705,848574.194213368,red,130.7581614609
2023-03-12 12:48:00,20381.45,20378.65,20392.2,20359.5,43.58472663,888201.19549796,green,128.71557494729998
2023-03-12 13:09:00,20402.35,20412.75,20460.8,20385.5,66.49110343,1358445.654308438,green,126.5052683934
2023-03-12 13:30:00,20419.9,20420.925,20434.1,20409.8,46.78005974,955310.701505147,green,124.8346901099
2023-03-12 13:51:00,20400.8,20394.1,20420.6,20354.2,58.10825002,1184328.859255457,red,123.3986412661
2023-03-12 14:12:00,20384.5,20378.275,20391.8,20352.3,48.90989694,996400.770310715,green,121.9702730527
2023-03-12 14:33:00,20380.9,20383.15,20401.9,20368.9,74.84672578,1525710.401995929,red,121.3168827325
2023-03-12 14:54:00,20384.15,20366.550000000003,20412.8,20285.1,170.00216835,3458169.695724465,green,120.8095760502
2023-03-12 15:15:00,20385.199999999997,20381.675,20399.3,20357.0,50.25724634,1024114.488918731,red,118.778657262
2023-03-12 15:36:00,20368.05,20360.325,20381.4,20323.8,34.84338281,709073.846378798,red,117.0465138099
2023-03-12 15:57:00,20360.1,20361.949999999997,20385.1,20342.5,28.85253335,587494.415347809,red,115.0418876396
2023-03-12 16:18:00,20356.9,20362.5,20384.9,20351.3,36.99904683,753732.428030629,red,112.3015665838
2023-03-12 16:39:00,20372.5,20379.475,20418.9,20354.0,34.21164931,697513.082995643,green,110.518376941
2023-03-12 17:00:00,20387.6,20390.0,20407.8,20377.0,43.77026441,892587.557167879,red,109.5348701465
2023-03-12 17:21:00,20526.25,20555.025,20783.4,20384.2,432.66825201,8920730.396718822,green,111.3570887474
2023-03-12 17:42:00,20745.5,20750.675,20869.0,20642.7,281.26614966,5839913.649450829,green,111.2791346599
2023-03-12 18:03:00,20817.25,20794.875,20851.7,20693.3,189.26123771,3928077.781860497,red,110.0648677081
2023-03-12 18:24:00,20999.7,21030.5,21320.0,20802.6,557.80217217,11740290.391858302,green,110.6134919549
2023-03-12 18:45:00,21199.9,21182.0,21246.0,21082.2,358.95439271000004,7594287.58041619,green,110.1841928997
2023-03-12 19:06:00,21070.85,21046.85,21219.9,20825.8,250.36168403,5265317.047632318,red,109.74384890320002
2023-03-12 19:27:00,20903.9,20878.525,20941.3,20765.0,156.66478941,3264961.313368811,red,108.530525876
2023-03-12 19:48:00,20869.05,20842.0,20895.7,20734.2,164.25016733,3418343.132651185,red,107.1622405946
2023-03-12 20:09:00,20926.449999999997,20924.75,21018.0,20828.1,169.28623197,3537390.433546251,green,106.5692500073
2023-03-12 20:30:00,21068.1,21106.375,21300.0,20989.3,406.42643475,8609679.727744183,green,108.8712448407
2023-03-12 20:51:00,21167.55,21198.55,21359.9,21099.2,278.82498423,5909606.504398997,green,110.7091268512
2023-03-12 21:12:00,21179.15,21184.975,21243.2,21138.4,141.24656542,2992419.549098663,red,110.7596326281
2023-03-12 21:33:00,21195.25,21203.3,21274.0,21148.7,130.76330637,2772729.412496336,green,110.2668394322
2023-03-12 21:54:00,21197.699999999997,21194.35,21278.0,21104.0,223.4408659,4733318.013630778,red,111.4420237879
2023-03-12 22:15:00,21437.85,21491.074999999997,21931.0,21157.6,902.11878532,19521268.96888744,green,118.9155208548
2023-03-12 22:36:00,21676.3,21702.675,21816.9,21641.2,289.14648907000003,6281531.313054187,red,120.5865980712
2023-03-12 22:57:00,21683.8,21681.125,21753.8,21603.1,244.27558096,5297176.640365951,green,121.8820117611
2023-03-12 23:18:00,21784.65,21791.75,21896.0,21701.7,328.73286863,7170523.972726702,green,124.3354000367
2023-03-12 23:39:00,21924.2,21944.975,22100.0,21831.5,394.06257494,8652446.388319511,green,127.3846330392
2023-03-13 00:00:00,22030.15,22003.025,22100.0,21851.8,248.14217706,5455385.395412568,green,129.0085312391
2023-03-13 00:21:00,22210.0,22223.05,22423.0,22049.2,368.39457762,8180946.109956364,green,131.55544143519998
2023-03-13 00:42:00,22377.7,22417.475,22589.0,22325.5,345.24912714,7746580.732068897,green,134.0388617486
2023-03-13 01:03:00,22347.15,22355.050000000003,22437.9,22288.0,223.81008659,5001454.603922045,red,134.8968740285
2023-03-13 01:24:00,22316.65,22321.075000000004,22395.9,22255.1,100.71421832,2248640.228414025,green,134.1626406741
2023-03-13 01:45:00,22335.2,22331.324999999997,22375.5,22279.4,91.45080331,2041613.429039424,green,133.2655777663
2023-03-13 02:06:00,22292.75,22278.875,22359.8,22170.2,169.83669334,3780378.862378316,red,133.792660606
2023-03-13 02:27:00,22197.15,22203.15,22299.9,22118.4,142.07208272,3154499.485991572,red,134.1713634834
2023-03-13 02:48:00,22175.300000000003,22160.9,22224.0,22069.0,135.38610332,2999783.572330363,green,134.0599054917
2023-03-13 03:09:00,22205.85,22187.875,22225.9,22113.9,148.35606529,3287720.218219034,green,133.8787710945
2023-03-13 03:30:00,22222.35,22222.35,22281.6,22163.1,304.08983743,6766967.526447597,green,135.5622031477
2023-03-13 03:51:00,22258.55,22256.55,22279.4,22229.7,54.31303207,1208434.294024156,green,134.8611073798
2023-03-13 04:12:00,22307.949999999997,22338.15,22467.8,22268.9,216.0583739,4835630.388393769,green,135.5492977383
2023-03-13 04:33:00,22334.1,22343.975,22395.3,22312.4,81.49057223,1821902.219964863,red,133.46109767459998
2023-03-13 04:54:00,22332.4,22328.975000000002,22362.9,22288.2,70.54629041,1575277.508069803,red,132.5535647353
2023-03-13 05:15:00,22324.5,22322.199999999997,22350.7,22289.1,62.55189233,1396292.924172951,red,131.2147846197
2023-03-13 05:36:00,22345.050000000003,22348.05,22395.4,22306.7,67.38384701,1507000.015985492,green,130.6881194419
2023-03-13 05:57:00,22351.95,22380.325,22498.4,22319.0,130.15574426,2913331.381724192,red,130.3701187523
2023-03-13 06:18:00,22310.5,22309.800000000003,22364.8,22253.4,95.57938568,2132553.227177451,red,130.2687567546
2023-03-13 06:39:00,22335.95,22337.800000000003,22388.7,22290.6,71.44207418,1596581.070230547,green,129.7344483686
2023-03-13 07:00:00,22375.9,22365.250000000004,22386.4,22322.8,74.71620028,1669879.563320255,red,129.5718419138
2023-03-13 07:21:00,22399.55,22404.525,22460.9,22358.1,122.32128032,2740773.6186805163,green,128.08142202090002
2023-03-13 07:42:00,22450.4,22452.675000000003,22495.5,22414.4,174.90313042,3927722.217699571,green,128.8289951931
2023-03-13 08:03:00,22432.199999999997,22444.524999999998,22544.7,22369.0,167.51550285000002,3758965.049315061,red,128.89520909159998
2023-03-13 08:24:00,22338.85,22341.875,22403.7,22286.1,114.33186309,2555273.997988859,red,129.2263479348
2023-03-13 08:45:00,22268.5,22243.8,22316.9,22121.3,237.15885526,5269953.928485293,red,131.183591562
2023-03-13 09:06:00,22203.5,22199.375,22259.9,22130.6,147.74317881,3281421.670019083,red,131.84902732409998
2023-03-13 09:27:00,22067.25,22029.300000000003,22165.6,21817.1,335.11447308,7372871.0428295825,red,134.4773584563
2023-03-13 09:48:00,21986.2,21992.2,22060.9,21935.5,142.1116418,3125194.018374894,green,135.00644817239998
2023-03-13 10:09:00,21996.1,21956.275,22019.9,21813.0,183.28082385,4018195.601838309,green,136.34220535510002
2023-03-13 10:30:00,22021.95,22028.475,22101.0,21969.0,129.7421767,2860007.252035808,green,136.998617553
2023-03-13 10:51:00,22070.6,22092.8,22208.0,22022.0,312.69945502,6918609.877896695,green,138.0248433589
2023-03-13 11:12:00,22070.300000000003,22067.875,22109.5,22021.4,155.33871473,3428959.340448699,red,138.4003384456
2023-03-13 11:33:00,22075.5,22073.25,22124.0,22018.0,79.64756382,1757319.573988447,green,138.6618048487
2023-03-13 11:54:00,22077.949999999997,22070.075,22161.1,21963.3,140.42493530000002,3098493.55631148,red,138.9566491169
2023-03-13 12:15:00,22070.9,22073.350000000002,22151.9,21999.7,85.88983504,1897071.776141913,green,139.3790283617
2023-03-13 12:36:00,22093.25,22066.625,22108.9,21971.1,78.93522345,1740541.039478896,green,139.668806605
2023-03-13 12:57:00,22317.3,22318.225,22532.8,22105.5,294.31740195,6574268.96382209,green,142.136799144
2023-03-13 13:18:00,22413.1,22412.949999999997,22575.0,22250.6,288.89317751,6475731.046839992,red,144.4418759949
2023-03-13 13:39:00,22385.45,22406.425,22584.8,22270.0,232.12499062,5211684.504608615,green,146.2262460583
2023-03-13 14:00:00,22809.85,22801.9,23185.0,22402.9,630.24114017,14403471.32304713,green,151.9451318238
2023-03-13 14:21:00,23233.6,23280.5,23516.7,23138.1,527.15841963,12315037.294059023,green,156.886240006
2023-03-13 14:42:00,23595.95,23590.625,23891.4,23279.2,512.88600701,12079932.407022968,green,161.7838533451
2023-03-13 15:03:00,24024.449999999997,24067.675,24451.8,23770.0,1272.72205525,30712015.937928718,green,174.3256280518
2023-03-13 15:24:00,24154.05,24182.025,24520.0,23900.0,867.5133247699999,21019045.806390405,red,182.5959082572
2023-03-13 15:45:00,24050.6,24031.25,24119.8,23904.0,378.53988812,9086660.015203469,red,185.9842444781
2023-03-13 16:06:00,23992.0,24040.649999999998,24199.9,23978.7,255.89332081,6165089.279126562,green,188.2507289078
2023-03-13 16:27:00,23985.55,23948.425,24076.9,23745.7,296.73339183,7098055.289182991,red,190.8298359713
2023-03-13 16:48:00,23914.1,23918.575,24032.8,23813.3,165.36419932,3958025.099909042,red,192.0287971514
2023-03-13 17:09:00,23913.95,23918.475,23995.0,23851.0,180.94117781,4328992.7499286495,green,193.3492626097
2023-03-13 17:30:00,24018.550000000003,24042.550000000003,24165.3,23967.8,209.85188925,5051558.315818779,green,194.5147508884
2023-03-13 17:51:00,24082.85,24103.0,24259.5,23986.8,222.3756752,5364479.789723482,green,196.4312940861
2023-03-13 18:12:00,24120.15,24123.850000000002,24178.9,24076.2,160.26833378,3867127.542923053,green,197.27137272400003
2023-03-13 18:33:00,24173.550000000003,24167.5,24229.7,24093.2,127.30918914,3076804.821371555,green,197.8796412836
2023-03-13 18:54:00,24253.25,24275.85,24390.0,24206.9,226.82285443,5509824.649334837,green,199.6608163876
2023-03-13 19:15:00,24252.95,24231.225,24306.0,24113.0,245.91391255,5950269.90529369,red,201.5414695771
2023-03-13 19:36:00,24194.25,24217.125,24314.9,24165.1,202.07704324,4896893.487248123,red,203.2713320888
2023-03-13 19:57:00,24187.85,24201.199999999997,24300.1,24129.0,194.59992127,4713596.325482421,green,204.73403264070004
2023-03-13 20:18:00,24162.05,24145.125,24203.6,24052.8,133.247613,3214902.682904928,red,205.47379796880003
2023-03-13 20:39:00,24130.15,24139.574999999997,24202.6,24095.4,148.06146014,3575624.176404185,red,206.2889709183
2023-03-13 21:00:00,24142.1,24154.175000000003,24206.9,24125.6,92.69030208,2240311.488539156,green,207.0145788531
2023-03-13 21:21:00,24124.5,24115.975,24176.5,24038.4,114.30997901,2754837.501170558,red,207.7365710911
2023-03-13 21:42:00,24097.4,24102.275,24155.4,24058.9,113.64681641,2739885.642843352,green,208.4970724209
2023-03-13 22:03:00,24164.3,24165.325,24228.0,24104.7,155.29179967,3754176.164683343,green,209.505433701
2023-03-13 22:24:00,24204.35,24198.899999999998,24224.7,24162.2,126.70646779,3065218.787557749,red,210.1775962441
2023-03-13 22:45:00,24168.2,24160.774999999998,24206.5,24100.2,119.67247287,2891575.861675271,red,210.9145509524
2023-03-13 23:06:00,24073.65,24053.6,24167.1,23900.0,181.76451015,4368917.515689876,red,211.6567644639
2023-03-13 23:27:00,24019.55,24004.75,24079.9,23900.0,224.14570024,5382719.1850756975,green,213.4819285958
2023-03-13 23:48:00,24042.9,24061.025,24151.9,24006.4,186.05543089,4479975.114277629,red,214.9066356384
2023-03-14 00:09:00,24076.7,24068.475,24140.5,23980.0,148.86435615,3583730.161094266,green,215.7303681656
2023-03-14 00:30:00,24159.25,24157.875,24230.4,24082.6,175.81262642,4243449.918355413,green,217.0206938324
2023-03-14 00:51:00,24199.4,24186.0,24235.3,24109.9,107.14776902,2590229.620847228,red,217.5110890224
2023-03-14 01:12:00,24216.9,24211.375000000004,24280.9,24130.8,96.09351896,2326413.529667494,green,217.9829252426
2023-03-14 01:33:00,24295.75,24280.575,24349.8,24181.0,127.83252586,3101075.540426716,green,218.5127832434
2023-03-14 01:54:00,24332.8,24366.475,24490.2,24310.1,243.51256277,5941337.771850257,red,219.2478871876
2023-03-14 02:15:00,24306.1,24307.725,24368.7,24250.0,135.07710053,3281935.8995362967,red,220.0960857295
2023-03-14 02:36:00,24287.1,24281.075,24299.9,24250.2,48.08130575,1167088.782096757,red,220.2284649589
2023-03-14 02:57:00,24275.4,24263.55,24280.1,24223.3,49.59577993,1202952.628484212,red,220.4358974247
2023-03-14 03:18:00,24327.4,24326.025,24383.9,24265.4,70.66740815,1718392.674879852,green,220.7725810379
2023-03-14 03:39:00,24373.35,24368.95,24399.9,24329.2,71.76391317,1748550.915710087,red,221.1481036765
2023-03-14 04:00:00,24358.0,24354.6,24381.4,24321.0,90.97146843,2215582.777700434,red,221.6201157167
2023-03-14 04:21:00,24351.9,24364.800000000003,24421.9,24333.5,177.69249669,4330187.48287602,green,219.07035816350003
2023-03-14 04:42:00,24373.35,24374.225000000002,24421.9,24328.3,87.83620167,2140647.050135605,green,217.1360586836
2023-03-14 05:03:00,24366.300000000003,24458.225,24814.2,24286.1,544.86303354,13377316.183409393,red,220.6920766419
2023-03-14 05:24:00,24319.4,24322.625,24425.7,24226.0,165.21521474,4017284.849183859,red,216.7662070676
2023-03-14 05:45:00,24311.2,24303.15,24350.6,24239.6,59.59294734,1449011.206312315,green,213.7725926139
2023-03-14 06:06:00,24334.1,24352.074999999997,24430.0,24310.1,71.17398072,1735464.819512872,green,211.9807155808
2023-03-14 06:27:00,24332.75,24340.925,24404.2,24294.0,31.03695158,755749.070630442,red,210.7244372025
2023-03-14 06:48:00,24346.55,24344.574999999997,24389.6,24295.6,42.75997298,1041029.1994939168,green,209.509535259
2023-03-14 07:09:00,24299.5,24308.05,24398.2,24235.0,57.01863799,1388092.249453,red,208.3868593192
2023-03-14 07:30:00,24221.7,24214.45,24274.2,24140.2,82.24996673,1991276.889402235,red,205.145094639
2023-03-14 07:51:00,24190.35,24206.800000000003,24292.4,24154.1,111.72034698,2708468.809475638,red,203.4740482665
2023-03-14 08:12:00,24216.2,24201.9,24262.9,24112.3,86.80970316,2099215.206355984,green,202.9296796439
2023-03-14 08:33:00,24239.65,24239.6,24279.6,24199.5,79.22292828,1919962.214024144,red,202.414275863
2023-03-14 08:54:00,24221.35,24215.8,24245.2,24175.3,49.67738639,1202643.964411478,green,200.6766410679
2023-03-14 09:15:00,24225.5,24207.574999999997,24232.2,24147.1,61.11984631,1478394.717327335,green,192.2666516778
2023-03-14 09:36:00,24249.35,24244.05,24275.0,24202.5,62.5438639,1515777.315669939,green,190.0006254261
2023-03-14 09:57:00,24266.85,24271.5,24305.0,24247.3,54.0209174,1311455.74336903,red,188.0980787905
2023-03-14 10:18:00,24319.2,24332.050000000003,24427.4,24262.4,90.99026232,2217111.886449157,green,185.7206527274
2023-03-14 10:39:00,24475.15,24481.025,24613.2,24360.6,188.65453663,4621383.690300928,green,183.6665723443
2023-03-14 11:00:00,24651.949999999997,24643.949999999997,24818.9,24453.0,285.47312726,7040529.324344361,green,184.0398818463
2023-03-14 11:21:00,24693.95,24680.800000000003,24781.2,24554.1,221.03745307,5452538.2069789525,red,182.5663106008
2023-03-14 11:42:00,24723.5,24747.525,24889.0,24654.1,197.34556765,4885180.179929931,green,181.0872750059
2023-03-14 12:03:00,24740.9,24736.500000000004,24842.9,24621.3,231.89466518,5734400.737271819,red,181.1681207918
2023-03-14 12:24:00,25086.45,25051.949999999997,25500.0,24534.9,1342.66899602,33606801.606430925,green,193.5876685688
2023-03-14 12:45:00,25877.9,25877.074999999997,26389.6,25362.9,1149.56466168,29711245.340332054,green,204.1688071525
2023-03-14 13:06:00,26048.25,26011.675000000003,26281.8,25668.4,657.5707661,17110460.038653307,red,209.0461478801
2023-03-14 13:27:00,25910.25,25927.175000000003,26083.1,25805.1,377.02694423,9780709.589057276,green,211.3956964952
2023-03-14 13:48:00,25893.449999999997,25831.125,26011.0,25526.6,514.47599431,13252158.668139525,red,215.1865954051
2023-03-14 14:09:00,25884.2,25866.875,25981.0,25718.1,172.29520051,4449189.422760686,green,215.4259867573
2023-03-14 14:30:00,25921.85,25903.074999999997,25963.6,25805.0,214.84192032,5563261.762640386,red,214.5335075862
2023-03-14 14:51:00,25874.65,25908.875000000004,26112.9,25773.3,303.30462886,7866207.420204516,red,217.0234235541
2023-03-14 15:12:00,25886.55,25874.725,25953.9,25771.9,221.0392914,5718719.471231176,green,217.0732327291
2023-03-14 15:33:00,25885.45,25876.975,25927.0,25810.0,141.11340608,3650563.289559173,red,217.66946106760005
2023-03-14 15:54:00,25930.65,25927.9,25991.0,25859.3,205.38825095,5324296.03250979,green,219.017880673
2023-03-14 16:15:00,25895.1,25872.199999999997,25987.6,25711.0,273.09070565,7055701.890754472,red,221.12326880620003
2023-03-14 16:36:00,25823.949999999997,25821.549999999996,25893.9,25744.4,166.98676431,4313929.941682664,green,222.1192979792
2023-03-14 16:57:00,25784.45,25787.1,25890.1,25689.4,156.12704537,4029577.542782395,red,222.3790109903
2023-03-14 17:18:00,25740.1,25729.225,25785.6,25651.1,167.20139925,4298158.412998594,green,223.095231126
2023-03-14 17:39:00,25692.25,25692.35,25800.0,25584.9,204.1160366,5241878.902245589,red,224.4219707502
2023-03-14 18:00:00,25513.65,25479.65,25639.9,25251.4,599.67377934,15231309.56097801,red,229.6715465408
2023-03-14 18:21:00,25384.7,25418.699999999997,25550.0,25355.4,179.3061687,4566385.93168136,red,230.2413954246
2023-03-14 18:42:00,25211.6,25169.574999999997,25443.2,24811.9,547.1342773599999,13735190.99150776,red,233.963706894
2023-03-14 19:03:00,24813.3,24743.2,25125.0,24221.2,674.05535661,16603976.123273358,red,239.0291054316
2023-03-14 19:24:00,24563.65,24546.825,24661.0,24399.0,354.32958752,8683500.14095908,red,241.4290826759
2023-03-14 19:45:00,24794.1,24805.55,25171.0,24463.0,443.27107289,11019097.325024243,green,243.4902048522
2023-03-14 20:06:00,24950.25,24945.15,25080.1,24800.0,159.62499132,3977706.049742024,red,243.6090229773
2023-03-14 20:27:00,24779.65,24737.15,24941.3,24448.0,186.88558736,4616703.588436579,red,242.1267341201
2023-03-14 20:48:00,24445.1,24404.75,24770.0,23958.8,280.58143434,6830851.101459953,red,243.5114320455
2023-03-14 21:09:00,24293.5,24250.4,24415.0,23999.6,255.43659089,6195522.374038437,green,244.2329897159
2023-03-14 21:30:00,24428.45,24442.275,24574.7,24337.5,110.75689938,2711535.859393392,green,244.0431369427
2023-03-14 21:51:00,24508.449999999997,24495.649999999998,24587.7,24378.0,73.32726965,1795424.85826738,green,241.649415089
2023-03-14 22:12:00,24554.4,24598.825,24779.5,24507.0,93.68933403,2307111.929670756,green,241.032921282
2023-03-14 22:33:00,24584.550000000003,24591.075,24661.0,24534.2,44.15207789,1086815.186470582,green,240.6779664227
2023-03-14 22:54:00,24648.25,24669.775,24774.0,24608.6,78.88808046,1947757.007188159,green,240.0625978743
2023-03-14 23:15:00,24651.199999999997,24666.824999999997,24748.8,24616.1,84.04403413,2073124.277634825,red,240.0441398652
2023-03-14 23:36:00,24658.75,24673.35,24768.9,24607.0,86.19140021000001,2128935.116242814,green,240.1167016328
2023-03-14 23:57:00,24656.2,24643.375,24721.0,24540.1,81.56195837,2009633.784397247,red,237.989147197
2023-03-15 00:18:00,24518.15,24490.050000000003,24616.9,24307.0,177.28379588,4335717.564915303,red,236.8730533807
2023-03-15 00:39:00,24570.3,24565.925000000003,24732.2,24390.9,90.40962974,2222509.806375275,green,235.4558997719
2023-03-15 01:00:00,24835.3,24820.949999999997,24959.6,24653.6,231.99288312,5772594.150755514,green,231.4734172014
2023-03-15 01:21:00,24929.75,24936.6,25064.0,24822.9,120.62973141,3009486.228974028,red,227.4081303192
2023-03-15 01:42:00,24906.3,24889.425000000003,24941.0,24804.1,53.31903071,1326623.020267443,green,222.8124605562
2023-03-15 02:03:00,24882.800000000003,24890.875,24972.4,24825.5,27.36922524,681201.725327583,red,210.3589322561
2023-03-15 02:24:00,24849.800000000003,24845.225000000002,24876.3,24805.0,29.15787291,724258.278787451,red,201.9753777375
2023-03-15 02:45:00,24836.2,24844.725,24889.9,24816.6,25.04374172,622091.561275537,green,198.4404162735
2023-03-15 03:06:00,24781.05,24779.45,24847.0,24708.7,59.04118539,1462559.606540824,red,196.4718949193
2023-03-15 03:27:00,24723.5,24715.75,24760.0,24656.0,49.51623691,1223605.231128044,red,193.9997233701
2023-03-15 03:48:00,24742.75,24736.774999999998,24769.9,24691.7,36.85434558,911637.703982151,green,192.7146248327
2023-03-15 04:09:00,24752.05,24736.9,24769.2,24674.3,53.69919746,1326974.086742491,red,191.4422050292
2023-03-15 04:30:00,24770.45,24765.100000000002,24807.7,24711.8,37.76153968,935054.9806750772,green,189.7213015335
2023-03-15 04:51:00,24817.9,24820.15,24864.0,24780.8,40.58560118,1007547.110800979,green,187.9034007933
2023-03-15 05:12:00,24799.199999999997,24804.524999999998,24857.7,24762.0,34.11198842,846889.871743001,red,186.6418373397
2023-03-15 05:33:00,24725.55,24730.375,24789.3,24681.1,50.21886991,1242095.517985946,red,185.8709341474
2023-03-15 05:54:00,24685.85,24680.550000000003,24731.4,24619.1,72.7665464,1794916.079743713,red,184.3303710671
2023-03-15 06:15:00,24694.05,24694.1,24754.9,24633.4,61.5029426,1519003.487425658,green,182.4862613676
2023-03-15 06:36:00,24752.550000000003,24761.25,24835.0,24704.9,76.13408946999999,1887634.138791927,green,181.2268318299
2023-03-15 06:57:00,24761.65,24759.4,24801.8,24712.5,42.11474737,1043217.131098722,red,179.7019800909
2023-03-15 07:18:00,24741.9,24749.0,24797.2,24715.0,46.71937833,1156738.35703457,green,178.8366977442
2023-03-15 07:39:00,24816.35,24825.825,24909.9,24760.7,74.42749631000001,1848935.887348123,green,178.1003581059
2023-03-15 08:00:00,24870.85,24871.175,24910.8,24832.2,61.71050099,1534576.354405975,green,177.790560095
2023-03-15 08:21:00,24828.0,24822.45,24873.8,24760.0,75.94589681,1883085.25637843,red,177.40691927300003
2023-03-15 08:42:00,24769.05,24767.325,24793.2,24738.0,51.74465605,1281742.336081856,red,176.7878976694
2023-03-15 09:03:00,24741.449999999997,24741.024999999998,24777.5,24703.7,51.11849352,1264608.652822217,red,175.7461646079
2023-03-15 09:24:00,24646.55,24634.025,24728.0,24515.0,104.48021867,2573141.318994345,red,175.5239021167
2023-03-15 09:45:00,24581.1,24567.125,24637.9,24468.4,119.19784549,2927055.198285196,green,175.5191558429
2023-03-15 10:06:00,24564.75,24564.175000000003,24622.6,24504.6,80.60833423,1980021.073090779,red,174.50759408369998
2023-03-15 10:27:00,24550.35,24532.6,24639.7,24390.0,165.00787773,4040257.323289649,green,173.9162158586
2023-03-15 10:48:00,24510.15,24524.325,24632.8,24444.2,108.65731545,2666225.094669403,red,173.14223470419998
2023-03-15 11:09:00,24366.4,24383.700000000004,24526.9,24275.1,219.13884988,5344741.3806269765,red,173.8449796415
2023-03-15 11:30:00,24393.1,24414.4,24620.0,24251.4,181.4972332,4437985.486865286,green,173.9018257093
2023-03-15 11:51:00,24621.550000000003,24638.075000000004,24820.3,24488.9,162.25255909,4010036.812867088,green,174.45287361
2023-03-15 12:12:00,24895.949999999997,24866.475,25162.0,24512.0,262.38547755,6513670.755139927,green,176.1157931959
2023-03-15 12:33:00,24921.95,24840.574999999997,25102.3,24416.1,279.26697043,6921324.235358545,red,177.63013764160002
2023-03-15 12:54:00,24915.15,24893.25,25028.6,24714.1,157.4397087,3908585.417855146,green,176.76940910090002
2023-03-15 13:15:00,24986.550000000003,24991.300000000003,25126.0,24866.1,171.91297141,4296444.676019946,red,177.13776780970002
2023-03-15 13:36:00,24866.9,24863.050000000003,24973.0,24745.4,152.58824559,3792759.047123753,red,178.18283720809998
2023-03-15 13:57:00,24831.0,24831.0,24942.9,24719.1,98.17806064,2437995.814524938,green,178.6686600152
2023-03-15 14:18:00,24770.55,24767.699999999997,24913.1,24616.6,125.46707346,3104568.1160618803,red,179.21665666829998
2023-03-15 14:39:00,24685.45,24636.45,24742.9,24432.0,197.16560816,4844414.367738017,green,180.4706736182
2023-03-15 15:00:00,24730.35,24712.925,24802.0,24589.0,98.64209444,2436419.919522708,green,180.5473798783
2023-03-15 15:21:00,24651.05,24625.35,24759.3,24440.0,117.71230426,2892399.105787734,red,179.94757795399997
2023-03-15 15:42:00,24481.449999999997,24497.725,24653.0,24375.0,149.35963068,3658859.183390263,red,180.56281224410003
2023-03-15 16:03:00,24339.449999999997,24314.699999999997,24460.5,24119.4,281.32924722,6829237.063219875,red,177.92747438089998
2023-03-15 16:24:00,24216.65,24237.525,24435.0,24081.8,141.34508059,3427201.292371682,red,177.68877303939996
2023-03-15 16:45:00,24099.0,24088.975,24276.9,23881.0,241.99099204,5823265.202000913,red,179.5127534864
2023-03-15 17:06:00,24161.45,24171.8,24342.0,24022.3,151.60730174,3669815.014765367,green,180.31708669660003
2023-03-15 17:27:00,24248.0,24244.575,24357.0,24125.3,129.99625096,3153105.853327167,red,181.3066796904
2023-03-15 17:48:00,24207.35,24222.125,24326.9,24146.9,103.54158041,2509175.293294698,green,181.9144957647
2023-03-15 18:09:00,24305.25,24298.55,24450.0,24133.7,128.33502744999998,3112037.469021692,green,182.6276596593
2023-03-15 18:30:00,24350.050000000003,24367.225000000002,24496.0,24272.8,120.31425932,2935855.84569035,red,183.0083025852
2023-03-15 18:51:00,24305.35,24329.625,24439.8,24268.0,124.24148604,3026038.889496467,green,183.1335139758
2023-03-15 19:12:00,24363.9,24371.550000000003,24469.9,24288.5,87.37138079,2128537.759993307,green,183.1391307521
2023-03-15 19:33:00,24302.65,24304.050000000003,24453.0,24157.9,105.94851911,2569228.170478235,red,183.4063866604
2023-03-15 19:54:00,24213.5,24244.1,24368.9,24180.5,122.18041319,2967220.547250722,green,184.1314169284
2023-03-15 20:15:00,24292.75,24293.199999999997,24347.7,24239.6,62.27317244,1513137.563014488,green,184.1429501897
2023-03-15 20:36:00,24322.75,24344.050000000003,24425.6,24305.1,73.62723575,1795123.529981409,red,184.25378390820003
2023-03-15 20:57:00,24350.199999999997,24346.175,24395.3,24289.0,47.3337499,1152640.646694907,green,184.1869122332
2023-03-15 21:18:00,24391.85,24372.025,24404.0,24300.4,75.96349553,1850700.6014898496,red,184.0366445653
2023-03-15 21:39:00,24404.4,24410.375,24446.5,24386.2,45.72262989,1116610.694492199,green,182.6073254979
2023-03-15 22:00:00,24476.35,24500.025,24624.9,24422.5,141.83054664,3479952.854152271,green,181.1708996917
2023-03-15 22:21:00,24451.45,24436.7,24563.7,24280.2,113.64010835,2775056.384513507,red,180.0969262445
2023-03-15 22:42:00,24388.65,24387.600000000002,24429.9,24343.2,101.18373203,2467936.985816876,green,179.13530788830002
2023-03-15 23:03:00,24387.0,24377.625,24434.9,24301.6,72.31646362,1760946.3489517171,red,177.53952587269998
2023-03-15 23:24:00,24330.4,24332.9,24409.8,24261.0,54.96973605,1337700.387287334,red,164.662533273
2023-03-15 23:45:00,24306.85,24291.75,24325.0,24228.3,115.62629629,2807162.474220775,green,154.32314961909998
2023-03-16 00:06:00,24324.300000000003,24305.9,24375.0,24200.0,96.27649904,2338187.11766749,green,148.7102069485
2023-03-16 00:27:00,24282.1,24265.4,24347.4,24150.0,85.18076543,2063656.491207936,red,145.7917451605
2023-03-16 00:48:00,24237.0,24231.9,24280.6,24173.0,99.5305067,2412878.42928503,green,141.64229028440002
2023-03-16 01:09:00,24242.85,24221.45,24278.3,24121.8,102.21177001,2474126.082401683,green,140.9414559794
2023-03-16 01:30:00,24268.3,24267.975000000002,24316.0,24219.3,43.13667807,1046955.160645163,green,139.2244035569
2023-03-16 01:51:00,24330.6,24337.125,24396.0,24291.3,47.42549185,1154227.591469934,green,136.6656121868
2023-03-16 02:12:00,24386.5,24386.7,24433.0,24340.8,35.1622697,857687.293304689,green,134.8068419698
2023-03-16 02:33:00,24399.55,24394.75,24408.9,24371.0,25.38398036,619113.644544687,red,133.6495477126
2023-03-16 02:54:00,24326.199999999997,24326.85,24405.6,24249.4,84.00666595999999,2043212.914304351,red,132.43573186269998
2023-03-16 03:15:00,24270.05,24276.949999999997,24318.1,24249.6,43.49148126,1056459.679153439,green,130.1397396188
2023-03-16 03:36:00,24271.9,24266.625,24288.3,24234.4,55.49233099,1346059.19535115,red,129.0247952856
2023-03-16 03:57:00,24262.0,24267.375,24308.2,24237.3,56.61895885,1374318.450160305,green,128.02971442039998
2023-03-16 04:18:00,24251.9,24255.199999999997,24309.1,24207.9,54.9626865,1333603.426383899,red,126.9073272929
2023-03-16 04:39:00,24249.75,24236.75,24262.4,24185.1,75.9427954,1838859.0618093896,green,125.6255948809
2023-03-16 05:00:00,24269.550000000003,24261.75,24276.8,24231.1,30.31222242,735140.2416863891,green,119.9319793117
2023-03-16 05:21:00,24332.35,24347.85,24450.0,24276.7,139.09609289,3391874.882342591,green,119.5298785536
2023-03-16 05:42:00,24375.85,24372.199999999997,24400.0,24337.1,49.61079085,1209006.752784065,red,114.5546436885
2023-03-16 06:03:00,24402.550000000003,24421.45,24523.2,24357.5,152.58532938,3732067.307237151,green,109.3399434162
2023-03-16 06:24:00,24439.1,24453.35,24509.3,24425.9,68.58339159,1677567.734343021,green,106.4824814569
2023-03-16 06:45:00,24495.05,24500.5,24596.7,24415.2,118.40578175,2905876.847920239,green,103.2338285455
2023-03-16 07:06:00,24578.35,24581.325,24634.9,24533.7,72.48959836,1782332.694272084,green,102.3624746159
2023-03-16 07:27:00,24607.55,24612.95,24675.2,24561.5,99.58903433,2450048.10713829,green,101.4895090856
2023-03-16 07:48:00,24615.0,24609.675000000003,24633.6,24575.1,65.66833353,1615251.801205254,green,99.3403780775
2023-03-16 08:09:00,24604.699999999997,24609.375,24654.1,24574.0,126.73313687,3120080.175399939,red,98.0533435373
2023-03-16 08:30:00,24598.4,24589.699999999997,24616.1,24545.9,70.90652645,1743123.722904198,green,97.65483980800002
2023-03-16 08:51:00,24543.949999999997,24534.8,24606.3,24445.0,121.37471313,2974557.773658649,red,98.1353142428
2023-03-16 09:12:00,24463.35,24445.675,24483.7,24372.3,125.16477674,3056971.2348540663,red,98.4500686699
2023-03-16 09:33:00,24559.85,24603.299999999996,24858.1,24435.4,179.10195054,4422541.016396051,green,99.7995673964
2023-03-16 09:54:00,24705.0,24686.975,24772.9,24565.0,371.18524791,9164340.17865796,green,102.7225390709
2023-03-16 10:15:00,24805.25,24813.050000000003,24938.8,24702.9,208.73693492,5177484.483962078,green,103.9694680788
2023-03-16 10:36:00,24878.050000000003,24916.875,25050.0,24861.4,241.87171383,6029182.539167844,green,105.526271215
2023-03-16 10:57:00,24875.699999999997,24877.05,24936.0,24820.8,98.85976536,2459293.748255025,red,105.69924928490002
2023-03-16 11:18:00,24839.949999999997,24833.6,24913.0,24741.5,63.07881245,1567273.4130563498,red,104.5571994506
2023-03-16 11:39:00,24817.75,24809.45,24872.5,24729.8,89.27425111,2214801.872002585,green,104.54584566430002
2023-03-16 12:00:00,24788.4,24775.199999999997,24832.1,24691.9,115.36030664,2854770.185399136,red,103.3795198995
2023-03-16 12:21:00,24760.2,24790.325,24911.9,24729.0,129.58149564,3215992.739801285,green,103.4690375418
2023-03-16 12:42:00,24730.6,24726.1,24788.1,24655.1,104.90919876,2592822.761797944,red,103.9849392223
2023-03-16 13:03:00,24649.699999999997,24661.6,24827.0,24520.0,127.9327996,3154802.331225861,red,104.9905749659
2023-03-16 13:24:00,24679.1,24679.65,24773.9,24586.5,129.26171979,3190508.306043764,green,105.9916134347
2023-03-16 13:45:00,24760.85,24760.225,24848.7,24670.5,101.88357785,2524619.25397756,green,106.760011796
2023-03-16 14:06:00,24780.300000000003,24762.800000000003,24811.7,24678.9,81.30644089,2011344.950292059,green,106.98266435099998
2023-03-16 14:27:00,24874.050000000003,24878.2,24973.0,24791.7,103.14213334,2564676.908910158,green,107.5189233153
2023-03-16 14:48:00,24894.65,24888.95,25028.5,24738.0,152.21329785,3788652.726399988,red,108.672512838
2023-03-16 15:09:00,24835.55,24828.899999999998,24886.3,24758.2,57.80823232,1434766.291071135,green,108.7136031866
2023-03-16 15:30:00,24858.95,24855.324999999997,24919.0,24784.4,63.39296914,1575734.40464233,green,108.9699174812
2023-03-16 15:51:00,24827.6,24833.249999999996,24933.1,24744.7,93.28349744,2317541.203374951,red,109.4968964438
2023-03-16 16:12:00,24762.0,24766.875,24835.2,24708.3,86.98743648,2155543.643417426,red,110.0256509244
2023-03-16 16:33:00,24770.6,24769.9,24862.4,24676.0,140.21049926,3469131.607278232,green,110.92556721789998
2023-03-16 16:54:00,24755.800000000003,24753.475000000002,24808.6,24693.7,67.6460417,1674630.415568526,red,110.8743621709
2023-03-16 17:15:00,24720.75,24702.75,24748.4,24621.1,122.8795518,3034148.032799197,green,111.4881282629
2023-03-16 17:36:00,24723.6,24713.925,24754.5,24654.0,89.06195854,2200240.0023415512,red,111.6174069536
2023-03-16 17:57:00,24693.8,24682.300000000003,24721.5,24620.1,88.35873537,2179126.259051139,red,112.0798468336
2023-03-16 18:18:00,24693.3,24694.949999999997,24723.6,24669.6,72.59190152,1793002.715579888,green,112.3385720655
2023-03-16 18:39:00,24756.9,24749.625000000004,24831.4,24653.3,107.08462151,2648599.6049644803,green,112.6651433175
2023-03-16 19:00:00,24882.9,24885.0,24984.0,24790.2,140.07116002,3485268.438010126,green,113.4487499078
2023-03-16 19:21:00,24943.25,24980.6,25162.0,24873.9,251.5219776,6290611.438770626,red,115.2045107157
2023-03-16 19:42:00,24895.8,24914.675,24995.1,24872.0,118.7156495,2958664.658966556,red,115.8742206502
2023-03-16 20:03:00,24883.4,24927.025,25073.0,24868.3,328.02541432,8175608.407086301,green,118.6432898582
2023-03-16 20:24:00,24902.85,24909.65,24948.3,24884.6,88.33534873,2201411.214307004,green,118.4818411588
2023-03-16 20:45:00,24830.35,24800.55,24920.5,24621.0,263.03023849,6510336.871194799,red,119.9201650888
2023-03-16 21:06:00,24794.65,24791.225,24845.0,24730.6,72.71530123,1801952.627513593,green,119.8412347588
2023-03-16 21:27:00,24875.05,24902.275,25081.0,24778.0,121.09409728,3019799.7209096043,green,119.4020969543
2023-03-16 21:48:00,24893.449999999997,24899.449999999997,24947.9,24863.0,57.99415163,1444437.576118365,red,118.8954653161
2023-03-16 22:09:00,24889.4,24896.800000000003,24975.9,24832.5,64.89815988,1617051.271836679,green,117.3530584161
2023-03-16 22:30:00,24923.800000000003,24917.275,24949.4,24872.1,35.06027037,873575.957719215,green,115.8886887878
2023-03-16 22:51:00,24966.9,24969.425000000003,25020.9,24923.0,75.11441543000001,1875831.493162711,green,115.01730735120002
2023-03-16 23:12:00,24985.45,24973.875,25001.2,24923.4,66.22259713,1652532.258291273,green,113.055678547
2023-03-16 23:33:00,24999.15,25009.425,25064.6,24974.8,112.51352749,2814053.647239897,green,111.3881441176
2023-03-16 23:54:00,24988.95,24985.45,25012.9,24951.0,64.49630178,1611198.695746774,red,110.4587100484
2023-03-17 00:15:00,24939.0,24942.275,24991.0,24900.1,86.62062323,2161006.294839905,red,109.6057865666
2023-03-17 00:36:00,24918.6,24915.225,24934.1,24889.6,71.58436438,1783403.0857662351,green,108.79574775449998
2023-03-17 00:57:00,24977.5,24977.975,25044.0,24912.9,63.76653182,1591973.815768988,green,108.4516324663
2023-03-17 01:18:00,25177.15,25204.525,25449.8,25014.0,368.07419201,9286297.935233925,green,110.8777036518
2023-03-17 01:39:00,25498.4,25509.25,25724.0,25316.2,245.31485682,6260443.547478486,green,111.3591961384
2023-03-17 02:00:00,25717.1,25724.85,25892.0,25573.2,289.07295704,7446948.44844028,green,113.2635047644
2023-03-17 02:21:00,25724.35,25705.125,25891.9,25479.9,468.55595561,12038092.72558746,red,116.77194127789998
2023-03-17 02:42:00,25645.95,25616.175,25681.0,25491.8,283.48335142,7251635.894196012,red,118.1131784853
2023-03-17 03:03:00,25673.25,25670.875,25775.9,25561.1,148.45224525,3812499.134311509,green,116.7844084656
2023-03-17 03:24:00,25703.8,25699.325,25749.7,25640.0,94.66169756,2433483.127813538,red,116.3175746353
2023-03-17 03:45:00,25700.85,25707.175,25787.0,25640.0,70.38439439,1811119.870203885,green,114.6015086588
2023-03-17 04:06:00,25754.85,25767.949999999997,25835.0,25727.1,152.51980089,3930348.252474488,green,114.6106336503
2023-03-17 04:27:00,25756.85,25770.350000000002,25873.9,25693.8,278.78938469,7186432.210374816,red,116.0985649876
2023-03-17 04:48:00,25704.1,25704.199999999997,25752.5,25656.1,165.31945793,4252245.40775262,red,116.7163437628
2023-03-17 05:09:00,25693.050000000003,25703.7,25761.0,25667.7,113.14704041,2911156.0526614743,green,116.5644638924
2023-03-17 05:30:00,25705.4,25704.075000000004,25743.4,25662.1,102.16495348,2625902.668673941,red,116.382970834
2023-03-17 05:51:00,25752.949999999997,25753.124999999996,25811.9,25694.7,84.98745434,2189865.144633326,green,115.990430517
2023-03-17 06:12:00,25868.449999999997,25868.6,25965.0,25772.5,206.88958225,5353859.123229357,green,117.1856125316
2023-03-17 06:33:00,25997.1,26010.625,26143.9,25904.4,396.52379654,10320848.97175072,green,120.0913653059
2023-03-17 06:54:00,26041.95,26056.25,26193.4,25947.7,340.31657719,8873999.800680382,red,122.27272694590002
2023-03-17 07:15:00,26001.35,25984.675,26050.0,25886.0,164.77975983000002,4276784.283933744,red,123.2977928198
2023-03-17 07:36:00,26000.35,26012.699999999997,26081.0,25969.1,110.68622832,2880297.2505184,green,123.6683827455
2023-03-17 07:57:00,26021.6,26060.625,26199.4,25999.9,228.70509898,5970020.010000103,green,125.4820962363
2023-03-17 08:18:00,26015.25,26023.025,26135.8,25925.8,188.45117491,4906361.400254275,red,126.60697303009998
2023-03-17 08:39:00,25991.6,25994.225,26024.2,25969.5,117.88667805,3064407.551540029,red,127.3286135117
2023-03-17 09:00:00,26002.75,26015.45,26063.0,25993.3,134.48706248,3500640.688305319,green,127.2551786701
2023-03-17 09:21:00,26053.3,26072.375,26173.3,26009.6,184.73753001,4819626.126884946,green,127.9661528867
2023-03-17 09:42:00,26205.75,26206.85,26332.9,26083.0,307.23020613,8058560.097516006,green,130.0266176277
2023-03-17 10:03:00,26422.7,26436.925,26598.1,26304.2,389.30988265,10283272.908514636,green,133.19655181800002
2023-03-17 10:24:00,26604.55,26591.824999999997,26739.8,26418.4,254.11926733,6753282.57384674,green,135.18804713080002
2023-03-17 10:45:00,26680.8,26680.15,26788.0,26571.0,191.61774429,5112926.312185113,green,135.9479616108
2023-03-17 11:06:00,26675.15,26698.975,26860.0,26585.6,451.72265492,12054988.872342505,red,139.50242316959998
2023-03-17 11:27:00,26735.35,26738.925,26898.0,26587.0,257.63292764,6891500.37038868,green,141.22694479170002
2023-03-17 11:48:00,26764.4,26802.75,26965.0,26717.2,277.18030861,7444697.111706714,red,143.00344281079998
2023-03-17 12:09:00,26668.800000000003,26667.875,26764.0,26569.9,313.90059078,8375045.380799405,red,145.1203310185
2023-03-17 12:30:00,26635.75,26579.975,26695.4,26353.0,349.42209574,9270872.18071151,green,148.1831851952
2023-03-17 12:51:00,26660.65,26669.625,26747.3,26609.9,185.0770648,4938830.825011715,green,149.5597009247
2023-03-17 13:12:00,26629.2,26616.675,26682.3,26526.0,223.67369817,5946202.479608057,red,151.4448152094
2023-03-17 13:33:00,26492.050000000003,26496.775,26624.7,26378.3,315.64897904,8360948.242359692,red,154.3474651962
2023-03-17 13:54:00,26488.25,26494.375,26618.3,26382.7,233.55466569,6191641.458618693,green,155.8429451935
2023-03-17 14:15:00,26483.75,26486.524999999998,26616.9,26361.7,209.25034524,5545077.616343058,red,157.50053383329998
2023-03-17 14:36:00,26322.9,26300.25,26436.2,26119.0,387.54529966,10167136.43835171,red,160.82106352
2023-03-17 14:57:00,26375.7,26373.175,26504.1,26237.2,143.90999544,3790850.382850006,green,161.6939738859
2023-03-17 15:18:00,26431.8,26414.2,26506.7,26286.5,145.00409717,3826623.7000401,red,162.5943879926
2023-03-17 15:39:00,26397.55,26379.05,26436.1,26285.0,113.61850206,2995382.168205975,green,162.9711450592
2023-03-17 16:00:00,26449.65,26461.949999999997,26563.1,26385.4,197.22301787,5218785.883921473,green,164.64025301370003
2023-03-17 16:21:00,26431.45,26440.175000000003,26544.4,26353.4,142.67995323,3773830.288688991,red,164.67609161709998
2023-03-17 16:42:00,26435.800000000003,26440.325,26529.9,26359.8,145.19306395,3836661.662171999,green,165.6319143481
2023-03-17 17:03:00,26510.95,26533.949999999997,26649.8,26464.1,165.10703041,4387386.68173971,green,165.7571313584
2023-03-17 17:24:00,26487.4,26481.500000000004,26536.9,26414.3,89.70064114,2375717.893886767,red,165.9683038539
2023-03-17 17:45:00,26466.35,26469.875,26515.7,26431.1,73.95404802,1957537.255996451,green,165.5237865166
2023-03-17 18:06:00,26411.35,26391.5,26490.3,26253.0,152.19991328,4009415.496585904,red,166.3208896658
2023-03-17 18:27:00,26416.85,26418.525,26508.0,26332.4,108.64351408,2871113.214843555,green,166.41143446330005
2023-03-17 18:48:00,26593.55,26618.875,26795.6,26492.8,245.03773051,6521044.647397496,green,168.2051284331
2023-03-17 19:09:00,26753.25,26748.875,26845.0,26644.0,157.30233705,4208750.25313829,green,168.5108204349
2023-03-17 19:30:00,26785.75,26777.4,26850.0,26688.1,198.03081583,5304693.329054683,red,169.7820633287
2023-03-17 19:51:00,26755.35,26757.65,26839.9,26680.0,153.83880343,4117585.683228226,green,170.10670423169998
2023-03-17 20:12:00,26778.2,26783.85,26866.9,26712.1,192.33837871,5154070.174143838,green,170.7784402514
2023-03-17 20:33:00,26772.300000000003,26731.600000000002,26798.8,26583.0,176.99826493,4725701.718837296,red,170.7574033953
2023-03-17 20:54:00,26786.8,26776.4,26843.9,26688.1,98.98727735,2650271.481709924,green,168.0354236897
2023-03-17 21:15:00,26858.9,26846.775,26897.0,26772.3,116.34956284,3121223.396496093,green,167.1115499689
2023-03-17 21:36:00,27015.7,27016.5,27234.0,26800.6,475.77426817,12866571.408561446,green,169.4505755123
2023-03-17 21:57:00,27171.949999999997,27157.324999999997,27319.3,26966.1,259.76308737,7053552.280360299,green,171.05960873240002
2023-03-17 22:18:00,27410.85,27433.124999999996,27746.1,27164.7,413.10397511,11329380.643098123,green,174.55986035900003
2023-03-17 22:39:00,27565.75,27580.425,27750.2,27440.0,316.05950069,8728155.08790188,red,176.8277128548
2023-03-17 23:00:00,27514.3,27551.4,27692.0,27485.0,181.90676703,5015341.76636707,red,177.49317745869996
2023-03-17 23:21:00,27387.25,27383.699999999997,27507.9,27252.4,178.11062302,4878583.102275294,red,177.9784687325
2023-03-17 23:42:00,27310.15,27325.55,27424.6,27257.3,153.16491891,4186158.867592309,green,178.461025934
2023-03-18 00:03:00,27270.7,27251.324999999997,27411.8,27052.1,236.9140108,6450684.5657719,red,179.550838046
2023-03-18 00:24:00,27305.300000000003,27288.95,27423.9,27121.3,137.00542603,3739206.285156503,green,179.6282751084
2023-03-18 00:45:00,27538.8,27533.300000000003,27677.0,27378.6,218.79815335,6024963.872360287,green,180.7974208634
2023-03-18 01:06:00,27562.15,27550.075000000004,27720.9,27355.1,145.89520703,4011927.08882885,red,181.4433085248
2023-03-18 01:27:00,27422.55,27389.125,27481.6,27229.8,190.87012461,5217225.707426243,red,182.3205884375
2023-03-18 01:48:00,27329.3,27328.45,27389.7,27265.5,67.01824214,1830842.270401557,red,181.4686378804
2023-03-18 02:09:00,27335.25,27353.0,27476.5,27265.0,141.61723851,3876120.175946637,green,182.3067279423
2023-03-18 02:30:00,27346.0,27341.475,27466.4,27207.5,94.37813395,2581052.120308406,red,182.6165795904
2023-03-18 02:51:00,27282.75,27279.975,27334.4,27220.0,81.14533277,2214032.275725533,red,182.4951979437
2023-03-18 03:12:00,27284.6,27258.6,27300.1,27165.1,96.56430734,2629783.425024742,green,182.5909666523
2023-03-18 03:33:00,27306.9,27309.725,27350.0,27275.1,47.61108808,1300384.714334523,green,181.6649725405
2023-03-18 03:54:00,27269.1,27268.5,27323.7,27212.1,42.89997479,1169848.998888324,red,181.4175118714
2023-03-18 04:15:00,27272.65,27277.775,27342.4,27223.4,61.854059,1689334.273747112,green,180.8072569434
2023-03-18 04:36:00,27311.15,27325.0,27394.8,27282.9,62.39796245,1707199.547794028,red,180.5406169825
2023-03-18 04:57:00,27336.5,27334.025,27371.5,27291.6,33.78772639,923150.106237263,green,179.9949068927
2023-03-18 05:18:00,27436.8,27450.4,27568.0,27360.0,125.42701639,3445173.827675472,green,180.5232580414
2023-03-18 05:39:00,27539.199999999997,27534.375,27613.6,27445.5,157.2878197,4328858.423361144,green,181.0252900233
2023-03-18 06:00:00,27536.800000000003,27540.600000000002,27606.5,27482.3,97.59546376,2687877.49960659,red,180.6005330607
2023-03-18 06:21:00,27487.05,27487.225,27529.7,27445.1,63.5191516,1745613.785215845,red,178.7205048007
2023-03-18 06:42:00,27475.699999999997,27476.675,27510.1,27445.2,45.15485379,1240299.533646166,green,177.9848968436
2023-03-18 07:03:00,27478.0,27463.850000000002,27491.1,27408.3,57.00363478,1564536.4968913,red,175.27467904819997
2023-03-18 07:24:00,27448.4,27444.575,27491.7,27389.8,55.81225294,1530810.688294784,red,174.94944809030002
2023-03-18 07:45:00,27381.85,27368.899999999998,27425.7,27286.2,133.30516622,3644300.618722445,red,173.6521973676
2023-03-18 08:06:00,27285.6,27242.449999999997,27345.1,27053.5,152.1171939,4139715.321022711,red,174.4462162943
2023-03-18 08:27:00,27229.05,27242.475,27302.9,27208.9,51.91311054,1415065.440471806,green,173.75440642689998
2023-03-18 08:48:00,27224.15,27231.375,27345.2,27132.0,103.79910206,2826588.127447595,red,174.21245593120003
2023-03-18 09:09:00,27238.5,27249.175,27315.9,27203.8,78.0566903,2128558.665470454,green,174.3440412354
2023-03-18 09:30:00,27332.300000000003,27339.775,27437.5,27257.0,74.62455738,2041337.616283621,green,174.73968410550003
2023-03-18 09:51:00,27390.6,27396.299999999996,27433.1,27370.9,45.20902445,1238692.344728175,red,174.4406301957
2023-03-18 10:12:00,27384.75,27401.925,27478.0,27360.2,64.99603129,1781539.499887939,green,174.4283645373
2023-03-18 10:33:00,27398.25,27400.85,27426.3,27380.6,50.75898047,1390841.175974858,green,173.81081906710003
2023-03-18 10:54:00,27412.05,27431.2,27499.9,27400.8,131.09394261,3598588.295320232,green,174.4767954754
2023-03-18 11:15:00,27377.25,27377.324999999997,27436.7,27318.1,55.75737741,1527322.720204074,red,174.1681630172
2023-03-18 11:36:00,27377.6,27378.574999999997,27441.5,27317.6,41.20109155,1127583.163156141,green,173.8643302889
2023-03-18 11:57:00,27389.1,27397.175,27459.5,27351.0,54.92858333,1505109.340149639,red,173.77595080400002
2023-03-18 12:18:00,27411.1,27412.875,27541.0,27288.3,84.92255249,2328897.295041274,green,170.94443440880002
2023-03-18 12:39:00,27482.4,27517.4,27643.0,27461.8,101.21472028,2786694.582710126,green,169.5034330434
2023-03-18 13:00:00,27495.7,27472.35,27530.9,27367.1,70.45750808,1935391.4954406,red,167.31727855379998
2023-03-18 13:21:00,27443.5,27432.525,27493.1,27350.0,61.39359953,1682972.845090975,red,163.24565499300002
2023-03-18 13:42:00,27417.7,27421.725,27461.0,27390.5,31.17451804,855132.915770113,green,160.7225666592
2023-03-18 14:03:00,27491.35,27492.5,27586.2,27401.1,78.945154,2170429.027157712,green,160.0274957467
2023-03-18 14:24:00,27501.8,27513.175000000003,27606.0,27443.1,86.11819599,2371047.044288761,red,159.94206073099997
2023-03-18 14:45:00,27454.199999999997,27474.125,27547.8,27440.3,65.77782479,1809447.923885164,red,159.895995035
2023-03-18 15:06:00,27423.15,27421.85,27476.5,27364.6,132.72299342,3638745.324054753,red,159.69802696029998
2023-03-18 15:27:00,27308.550000000003,27263.75,27401.8,27036.1,331.38376162000003,9015200.4857393,red,160.2239707296
2023-03-18 15:48:00,27268.449999999997,27256.999999999996,27328.4,27162.7,161.7195053,4404776.896232485,green,160.1879712033
2023-03-18 16:09:00,27219.65,27223.825,27339.0,27117.0,72.36447531,1971420.973729199,red,159.7801455523
2023-03-18 16:30:00,27212.3,27110.65,27458.0,26560.0,719.76517667,19427335.797556933,green,165.9561477842
2023-03-18 16:51:00,27295.2,27330.199999999997,27480.3,27250.1,199.48462638,5455019.695158721,red,167.10111950459998
2023-03-18 17:12:00,27140.65,27124.475000000002,27328.4,26888.2,199.48866952,5417601.618087547,red,167.02711037729998
2023-03-18 17:33:00,27129.8,27135.425000000003,27289.0,26993.1,175.24896607,4761729.324699247,green,164.8143620726
2023-03-18 17:54:00,27294.55,27293.425000000003,27366.0,27218.6,92.07968335,2512972.399984226,green,162.3319931342
2023-03-18 18:15:00,27322.1,27316.824999999997,27353.1,27270.0,68.86984358,1880850.044723569,red,161.3728939717
2023-03-18 18:36:00,27310.65,27297.625,27335.1,27234.1,86.36213551,2355465.639763041,red,161.1296530436
2023-03-18 18:57:00,27296.1,27303.4,27345.3,27276.1,42.46099672,1159675.002970774,red,159.267212021
2023-03-18 19:18:00,27335.2,27339.024999999998,27418.0,27267.7,99.74335233,2728279.611822513,green,158.3801337952
2023-03-18 19:39:00,27353.55,27358.775,27425.0,27303.0,53.45209834,1462715.205893178,red,157.7357879981
2023-03-18 20:00:00,27329.9,27310.300000000003,27344.3,27237.1,49.39259471,1348369.751068792,green,156.8848433204
2023-03-18 20:21:00,27360.6,27352.625,27407.0,27282.3,45.70092339,1248954.916476535,green,155.49447725419998
2023-03-18 20:42:00,27352.6,27364.15,27443.8,27307.6,59.74641021,1635273.257269203,red,153.019639295
2023-03-18 21:03:00,27312.15,27316.225,27338.2,27302.4,31.46023865,859453.579039425,red,149.441142855
2023-03-18 21:24:00,27290.3,27290.399999999998,27319.8,27261.2,46.27547408,1263008.781144202,red,147.3627049225
2023-03-18 21:45:00,27243.15,27232.1,27287.7,27154.4,86.20885935,2345913.388828094,red,146.3086160731
2023-03-18 22:06:00,27178.95,27185.6,27240.0,27144.5,58.48217438,1590143.184155199,red,142.3762112677
2023-03-18 22:27:00,27078.65,27061.425000000003,27186.8,26901.6,163.48266915,4419007.357691551,red,141.4347086828
2023-03-18 22:48:00,26922.800000000003,26923.100000000002,27020.5,26826.3,117.94905249,3174781.994795595,red,139.84239612160002
2023-03-18 23:09:00,26846.199999999997,26893.775,27064.6,26818.1,122.90069372,3309827.697600752,green,137.932397151
2023-03-18 23:30:00,26850.85,26881.9,27017.9,26808.0,90.30285445,2429407.297602913,red,135.34120473809998
2023-03-18 23:51:00,26920.050000000003,26926.425000000003,27040.5,26825.1,65.24601425,1756919.113987686,green,134.1428942326
2023-03-19 00:12:00,27057.55,27044.300000000003,27124.0,26938.1,77.62995513,2097763.871890881,green,132.6824568022
2023-03-19 00:33:00,27101.3,27079.9,27116.9,27000.1,52.43068743,1419177.106843611,red,130.0502738861
2023-03-19 00:54:00,27075.05,27088.125,27162.0,27040.4,41.43099106,1122324.956133023,red,128.1290371398
2023-03-19 01:15:00,27091.2,27100.524999999998,27183.5,27036.2,40.20309269,1089822.628679127,green,126.4385646143
2023-03-19 01:36:00,27112.65,27113.65,27161.0,27068.3,45.1812381,1224360.705130924,red,123.0149239987
2023-03-19 01:57:00,27082.949999999997,27085.674999999996,27121.7,27055.1,27.68918497,750081.412198085,red,121.852715894
2023-03-19 02:18:00,27116.199999999997,27121.25,27183.5,27069.1,37.41560364,1015431.747274673,green,120.7768309587
2023-03-19 02:39:00,27134.35,27133.074999999997,27173.7,27089.9,14.80784295,401459.631110313,red,119.78872436759998
2023-03-19 03:00:00,27125.05,27128.949999999997,27166.3,27099.4,15.29718404,414827.712175699,green,117.9694660293
2023-03-19 03:21:00,27128.8,27119.35,27140.6,27079.2,20.32481593,550746.883913714,red,116.7459146563
2023-03-19 03:42:00,27185.15,27187.725,27284.7,27095.9,46.17054583,1255423.260770235,green,115.7556894751
2023-03-19 04:03:00,27194.4,27197.550000000003,27281.4,27120.0,142.19623092,3869516.381580762,red,115.52658148019998
2023-03-19 04:24:00,27144.0,27145.1,27172.4,27120.0,19.66864559,533839.494188974,green,114.8262615247
2023-03-19 04:45:00,27142.95,27136.100000000002,27166.2,27092.3,19.93533301,540865.401687743,red,114.2860743746
2023-03-19 05:06:00,27138.35,27134.824999999997,27154.6,27108.0,25.83454861,700747.909107078,green,113.0224207279
2023-03-19 05:27:00,27125.75,27138.375,27194.5,27107.5,47.43447449,1288235.806119753,red,112.41033033200002
2023-03-19 05:48:00,27079.1,27076.1,27126.1,27020.1,53.01656313,1435882.441239754,red,110.4901186582
2023-03-19 06:09:00,27011.35,27003.550000000003,27066.4,26925.1,52.32682185,1412244.530162727,red,109.4403635062
2023-03-19 06:30:00,26952.55,26953.45,27029.0,26879.7,85.87824501,2314916.4439572683,red,108.318837798
2023-03-19 06:51:00,26882.8,26890.699999999997,26970.6,26826.6,74.52829825,2005208.173484468,red,107.5257327462
2023-03-19 07:12:00,26909.9,26909.275,26993.0,26824.3,77.33851314,2083555.465504007,green,106.3757340905
2023-03-19 07:33:00,26985.35,26983.275,27007.0,26955.4,30.82666701,831693.071265652,red,104.9140181113
2023-03-19 07:54:00,26947.4,26941.125,26995.5,26874.2,29.52232377,795399.44853459,red,104.2193685755
2023-03-19 08:15:00,26987.65,26987.425000000003,27079.0,26895.4,50.38249972,1361345.292743748,green,103.5596979443
2023-03-19 08:36:00,27023.6,27031.9,27086.9,26993.5,59.94265266,1621282.715647172,red,99.4013817892
2023-03-19 08:57:00,26971.449999999997,26970.375,27012.6,26926.0,59.010503,1591068.030420173,red,97.3938559455
2023-03-19 09:18:00,26988.2,26980.25,27029.6,26915.0,42.88781367,1156872.325663748,green,93.6916943311
2023-03-19 09:39:00,27033.6,27030.2,27046.3,27007.3,20.12450228,543958.500126929,green,90.732344347
2023-03-19 10:00:00,27027.7,27020.300000000003,27046.9,26978.9,34.9154385,943134.011344067,red,89.26243106170001
2023-03-19 10:21:00,27033.35,27044.5,27101.9,27009.4,45.64988912,1235165.503249086,green,87.93782372269999
2023-03-19 10:42:00,27048.7,27044.45,27068.4,27012.0,28.35718466,767074.45650778,red,86.68974638019999
2023-03-19 11:03:00,27060.7,27032.725,27084.1,26925.4,112.29556937,3034921.169252537,green,85.4435619659
2023-03-19 11:24:00,27075.55,27063.525,27089.2,27013.8,40.3433651,1091298.297928924,red,84.4769413566
2023-03-19 11:45:00,27116.699999999997,27124.024999999998,27196.5,27066.2,80.75629714,2192501.903319804,green,83.0965227945
2023-03-19 12:06:00,27197.35,27236.825,27385.3,27167.3,133.15609027,3631290.255954233,green,82.9691316269
2023-03-19 12:27:00,27256.5,27234.649999999998,27289.9,27135.7,80.04896905,2179308.514638499,green,81.8609200713
2023-03-19 12:48:00,27223.15,27220.45,27291.3,27144.2,68.43043601,1863116.457255398,red,81.87504201
2023-03-19 13:09:00,27188.2,27177.774999999998,27225.0,27109.7,79.76151008,2167408.107897703,green,81.2564847257
2023-03-19 13:30:00,27198.65,27192.275,27248.0,27123.8,64.96449895,1766704.006099083,red,80.96234837569999
2023-03-19 13:51:00,27212.15,27205.25,27252.0,27144.7,48.59009273,1321222.078309203,green,80.6367959753
2023-03-19 14:12:00,27272.45,27275.225,27360.4,27195.6,70.72782204,1929428.785660507,green,80.3784311223
2023-03-19 14:33:00,27304.300000000003,27297.525,27320.8,27260.7,60.20598927,1643462.397127132,red,80.5043801342
2023-03-19 14:54:00,27369.75,27417.199999999997,27640.2,27289.1,263.52795962,7243394.691077575,green,82.7106599825
2023-03-19 15:15:00,27490.45,27481.425000000003,27563.4,27381.4,163.37671981,4493505.061496089,green,83.7258865906
2023-03-19 15:36:00,27565.35,27549.3,27605.0,27461.5,124.26478924,3423545.49298905,green,84.34455485849999
2023-03-19 15:57:00,27584.45,27589.449999999997,27750.0,27438.9,284.31355335,7842505.112605975,red,86.84981312810001
2023-03-19 16:18:00,27737.3,27757.800000000003,27988.0,27568.6,350.69601111,9749944.48964942,green,89.1025030753
2023-03-19 16:39:00,27911.45,27898.825,28194.9,27577.5,736.08492675,20568305.56207405,green,94.8904741458
2023-03-19 17:00:00,27922.0,27893.425,28014.7,27715.0,300.90397161,8390549.277950184,red,96.9235592243
2023-03-19 17:21:00,27962.1,27938.525,27999.9,27830.0,144.72561605,4038658.645860805,green,97.7356238688
2023-03-19 17:42:00,27931.050000000003,27936.5,28049.9,27834.0,203.0190846,5670941.740602829,red,99.3142661769
2023-03-19 18:03:00,27917.75,27919.324999999997,27987.4,27854.4,71.39261108,1992843.205614499,green,99.4581559399
2023-03-19 18:24:00,28047.0,28059.6,28193.7,27950.7,236.41034778,6641211.364887524,green,101.2641368883
2023-03-19 18:45:00,28192.0,28200.324999999997,28349.9,28067.4,228.50845228,6444944.2197340615,green,102.2161697489
2023-03-19 19:06:00,28244.8,28260.475,28372.3,28180.0,220.96110333,6248019.373695983,red,102.9046088432
2023-03-19 19:27:00,28208.85,28230.6,28342.3,28162.4,152.42982203,4303700.518633663,red,103.9097759581
2023-03-19 19:48:00,28251.85,28255.45,28337.3,28180.8,117.3332515,3316185.100581487,green,104.0451174525
2023-03-19 20:09:00,28141.5,28150.0,28387.7,27929.3,346.45472558,9734678.717111925,red,106.7290978053
2023-03-19 20:30:00,27933.85,27907.875,28047.9,27715.9,250.96296438,6991905.208696098,red,108.4924818753
2023-03-19 20:51:00,28004.65,28017.65,28206.8,27854.5,191.55530209,5368308.302510756,green,109.9559446517
2023-03-19 21:12:00,28109.800000000003,28121.375,28213.8,28052.1,194.98204203,5483821.531826702,green,111.2558047591
2023-03-19 21:33:00,28040.4,28039.550000000003,28124.4,27953.0,160.76243601,4505885.154719831,red,112.3558393145
2023-03-19 21:54:00,28003.449999999997,27990.649999999998,28081.5,27874.2,114.56350325,3206632.354750408,green,112.1905349209
2023-03-19 22:15:00,28031.75,28029.6,28098.7,27956.2,69.2103769,1939750.157506319,red,112.3250649158
2023-03-19 22:36:00,28074.25,28082.075,28160.0,28019.8,71.81018218,2018805.428198065,green,112.63115582209998
2023-03-19 22:57:00,28137.6,28131.800000000003,28186.9,28065.1,95.8187492,2695291.281907347,green,113.0400574808
2023-03-19 23:18:00,28151.1,28182.25,28288.4,28138.4,105.17519515,2968604.13250106,green,113.2425839074
2023-03-19 23:39:00,28059.85,28046.85,28177.7,27890.0,142.42123532,3993094.653665639,red,113.6546490578
2023-03-20 00:00:00,27962.800000000003,27934.025,28032.7,27777.8,138.66059153,3871299.852825619,red,114.3366798923
2023-03-20 00:21:00,27957.95,27977.575,28051.9,27942.5,57.89050588,1620982.932352376,green,114.3016489558
2023-03-20 00:42:00,27801.25,27798.525,27959.8,27631.8,236.17359273,6567363.871365644,red,116.3516397027
2023-03-20 01:03:00,27684.4,27718.725,27928.0,27578.1,268.77780715,7451337.4936298,green,118.2499662342
2023-03-20 01:24:00,27750.75,27756.45,27808.8,27715.5,62.03818236,1722600.485610802,green,118.0091660979
2023-03-20 01:45:00,27684.3,27684.5,27778.7,27590.7,107.37616859,2972133.218507942,red,118.4251495359
2023-03-20 02:06:00,27641.9,27632.25,27744.2,27501.0,68.16711197,1884516.171875252,green,117.7795907214
2023-03-20 02:27:00,27540.7,27499.1,27690.0,27225.0,213.49632982,5855403.782291919,red,116.6007164034
2023-03-20 02:48:00,27431.5,27426.149999999998,27492.9,27348.7,111.85222837,3067896.405853769,green,116.1020436341
2023-03-20 03:09:00,27374.550000000003,27349.125,27487.8,27159.6,142.84080999,3902181.095205699,red,116.8068069809
2023-03-20 03:30:00,27227.95,27233.875,27340.9,27138.7,139.65376143,3804561.423940196,red,111.0056928285
2023-03-20 03:51:00,27274.449999999997,27265.475,27379.2,27133.8,143.17880276,3898787.901323727,green,110.4426345923
2023-03-20 04:12:00,27384.75,27393.7,27442.8,27362.5,53.36775706,1462470.358829338,green,108.9814254677
2023-03-20 04:33:00,27405.6,27406.024999999998,27462.7,27350.2,51.81195582,1419306.810596379,green,107.7470553652
2023-03-20 04:54:00,27443.4,27446.275,27487.5,27410.8,62.86264207,1726446.798127409,green,107.4548849524
2023-03-20 05:15:00,27456.05,27442.625,27472.1,27386.3,28.64593703,785605.966153573,red,107.0526458869
2023-03-20 05:36:00,27446.15,27422.800000000003,27448.9,27350.0,40.43764559,1107881.445824251,green,106.5934009877
2023-03-20 05:57:00,27514.7,27513.625,27583.7,27441.4,61.8099125,1702286.37525401,green,106.7868901455
2023-03-20 06:18:00,27555.8,27559.65,27605.0,27522.0,48.59980075,1339082.914322197,red,106.2754546297
2023-03-20 06:39:00,27580.2,27589.225,27726.0,27470.5,91.56850775,2528596.934044519,green,106.6566187238
2023-03-20 07:00:00,27727.800000000003,27759.775,27955.2,27628.3,113.46035118,3154688.85331453,green,107.2972962885
2023-03-20 07:21:00,27949.35,27963.05,28147.5,27806.0,123.93428703,3463227.485468375,green,108.0796299249
2023-03-20 07:42:00,28156.15,28169.85,28307.1,28060.0,208.3668141,5875833.966695453,green,109.5658339638
2023-03-20 08:03:00,28183.1,28179.825,28341.4,28011.7,203.56569239,5735534.837179288,red,111.2868885012
2023-03-20 08:24:00,28157.65,28217.825000000004,28435.4,28120.6,221.66947822,6267267.075011095,green,113.0408285426
2023-03-20 08:45:00,28294.85,28310.825,28480.8,28172.8,162.22637505,4591983.261010076,green,113.8010036996
2023-03-20 09:06:00,28311.0,28292.75,28398.6,28150.4,130.87843203,3694714.395397269,red,114.5249662761
2023-03-20 09:27:00,28176.05,28163.95,28286.5,28017.2,114.66865785,3227240.461489217,red,114.0368261631
2023-03-20 09:48:00,28179.6,28176.55,28247.0,28100.0,81.04450910999999,2283293.707043854,green,113.6677807293
2023-03-20 10:09:00,28178.300000000003,28125.7,28253.0,27893.2,181.49215901,5092119.433557186,red,114.25369538219998
2023-03-20 10:30:00,28113.95,28127.85,28193.4,28090.1,111.83708162,3148435.206142241,red,114.4690376539
2023-03-20 10:51:00,28103.0,28103.075,28143.5,28062.8,60.43368439,1698059.251802593,red,114.4209143553
2023-03-20 11:12:00,28166.800000000003,28167.275,28262.3,28073.2,128.57014132999998,3626572.354521272,green,114.9303162173
2023-03-20 11:33:00,28203.6,28173.0,28248.8,28036.0,95.2116862,2680583.394500943,red,115.358126205
2023-03-20 11:54:00,28146.4,28157.225000000002,28242.9,28093.2,86.0046222,2422248.206141023,red,115.8038625164
2023-03-20 12:15:00,28170.8,28157.95,28219.5,28070.7,84.90786197,2390773.705578669,green,116.2509102092
2023-03-20 12:36:00,28211.85,28208.9,28254.3,28157.6,47.08248776,1328036.202374333,red,116.2699227058
2023-03-20 12:57:00,28153.85,28154.65,28225.9,28085.0,147.88708087999998,4163831.349405263,red,117.4719016649
2023-03-20 13:18:00,27957.0,27935.55,28126.0,27702.2,252.80996781,7062686.229920046,red,119.6258453066
2023-03-20 13:39:00,27811.6,27812.9,27893.4,27735.0,235.47815056,6547765.286461921,green,121.83254838269998
2023-03-20 14:00:00,27841.300000000003,27909.850000000002,28141.5,27815.3,206.31065099,5768624.28918094,green,123.7426830522
2023-03-20 14:21:00,27948.35,27960.175,28083.0,27861.0,92.52484542,2589774.212843459,green,124.46468334709998
2023-03-20 14:42:00,28038.949999999997,28026.0,28118.0,27908.1,121.54552588,3404367.577726809,green,125.2184331476
2023-03-20 15:03:00,27996.9,27988.625000000004,28073.4,27887.3,66.11003608,1848383.945837516,red,124.4575711992
2023-03-20 15:24:00,27936.55,27935.675,28019.6,27850.0,78.50568948,2191663.750596749,red,125.0459416381
2023-03-20 15:45:00,27850.35,27816.475000000002,27943.9,27621.3,202.18995025,5610623.031061735,red,126.8684878105
2023-03-20 16:06:00,27632.0,27620.75,27772.2,27446.8,237.04162073,6536968.004406927,red,128.98055853169998
2023-03-20 16:27:00,27527.25,27564.25,27716.0,27486.5,144.81337588,3996334.712081577,green,129.9543475456
2023-03-20 16:48:00,27612.6,27600.9,27692.0,27486.4,95.1952837,2625452.005658624,green,130.3761347513
2023-03-20 17:09:00,27662.050000000003,27672.525,27762.0,27604.0,112.22983611,3107022.265921487,green,130.9751648939
2023-03-20 17:30:00,27686.1,27697.275,27801.9,27615.0,80.34973006999999,2225874.583055571,green,130.9198797445
2023-03-20 17:51:00,27710.199999999997,27680.0,27728.6,27571.0,97.15281562,2685626.63130695,green,131.1461249182
2023-03-20 18:12:00,27817.35,27823.475,27986.5,27672.7,123.10211283,3424001.195329565,green,131.6037609151
2023-03-20 18:33:00,27932.05,27941.85,28036.4,27866.9,178.02717315,4976854.792440458,green,133.0757659765
2023-03-20 18:54:00,27913.5,27926.275,28013.1,27865.0,105.68953739,2952576.390322961,red,133.8374381127
2023-03-20 19:15:00,27809.8,27785.825,27887.7,27636.0,170.77224522,4739758.896019671,red,135.0413355677
2023-03-20 19:36:00,27765.5,27774.675,27839.4,27728.3,60.81482005,1690082.808774125,green,135.0500572416
2023-03-20 19:57:00,27831.45,27836.325,27918.9,27763.5,87.30529976,2430777.373867104,green,135.3330052092
2023-03-20 20:18:00,27883.55,27902.5,27976.9,27866.0,75.08604436,2096380.030712913,green,135.65498751610002
2023-03-20 20:39:00,27949.95,27945.074999999997,28029.0,27851.4,85.94775983,2404309.325516536,green,136.3132200916
2023-03-20 21:00:00,28049.6,28068.475,28187.8,27986.9,124.358987,3494022.955995727,green,137.20765557660002
2023-03-20 21:21:00,28087.5,28087.325,28116.8,28057.5,48.59161432,1364615.294790728,red,137.2370728286
2023-03-20 21:42:00,28005.1,28006.675,28091.2,27925.3,80.44034557,2251675.585313593,red,137.7579044377
2023-03-20 22:03:00,27939.9,27927.325,27967.5,27862.0,61.91778028,1728661.655258476,green,137.2541265468
2023-03-20 22:24:00,27985.7,27976.125,28046.2,27886.9,45.41668506,1269575.378296977,green,137.30485974639998
2023-03-20 22:45:00,27989.5,27985.550000000003,28021.6,27941.6,58.69291702,1642330.697346526,red,137.08422594520002
2023-03-20 23:06:00,27877.45,27853.774999999998,27957.5,27702.7,120.93766657,3364404.924491634,red,136.9620417082
2023-03-20 23:27:00,27731.300000000003,27726.525,27861.0,27582.5,136.94690264,3795264.609935464,red,137.5310210441
2023-03-20 23:48:00,27673.35,27685.050000000003,27757.9,27635.6,71.44217426,1979063.422747357,green,137.5611384266
2023-03-21 00:09:00,27752.5,27764.1,27884.0,27667.4,57.16419075,1588464.886350769,green,137.3351652333
2023-03-21 00:30:00,27860.55,27861.225000000002,27947.0,27776.8,62.50446902,1740473.133948901,green,137.31056493399998
2023-03-21 00:51:00,27843.1,27848.625,27929.8,27778.5,69.49084303,1935656.351055577,red,137.519572437
2023-03-21 01:12:00,27781.25,27784.649999999998,27862.9,27713.2,51.87216006,1441757.98024027,red,137.33101581719998
2023-03-21 01:33:00,27831.949999999997,27838.9,27925.8,27765.9,41.99434893,1170445.4235487771,green,137.1488994138
2023-03-21 01:54:00,27851.2,27850.975,27903.6,27797.9,29.95584197,834661.682736794,red,134.8131782373
2023-03-21 02:15:00,27836.3,27834.5,27870.2,27795.2,40.70461397,1133254.2931086111,green,133.5864571789
2023-03-21 02:36:00,27830.55,27827.5,27870.9,27778.0,65.82955684,1830817.6163112985,red,133.00210485489998
2023-03-21 02:57:00,27782.5,27782.825,27836.3,27730.0,31.04068898,862734.704707258,red,130.4693762112
2023-03-21 03:18:00,27753.949999999997,27761.375,27809.8,27727.8,24.63274446,683905.769430343,red,127.20874354469998
2023-03-21 03:39:00,27764.1,27763.9,27785.5,27741.9,21.81618935,605780.655551145,green,120.0660561707
2023-03-21 04:00:00,27836.85,27837.175,27891.0,27784.0,75.68421429,2107530.417058641,green,117.8138585975
2023-03-21 04:21:00,27883.45,27901.75,27968.6,27871.5,60.13896631,1679375.916625222,red,116.9679921001
2023-03-21 04:42:00,27871.35,27877.175,27927.5,27838.5,51.02244509,1422341.535633267,red,115.448025705
2023-03-21 05:03:00,27861.949999999997,27870.175,27910.0,27846.8,37.71724362,1051426.622523044,red,115.11127203040002
2023-03-21 05:24:00,27825.25,27823.6,27882.4,27761.5,97.12746205,2700210.5134065943,red,113.71844317309998
2023-03-21 05:45:00,27718.05,27719.85,27802.3,27641.0,99.61293177,2764252.400708935,red,112.429487968
2023-03-21 06:06:00,27671.55,27679.075,27732.9,27640.3,64.03261473,1773772.566298317,green,110.86020308199998
2023-03-21 06:27:00,27697.25,27689.8,27749.9,27614.8,69.20495781,1917009.814752921,red,110.0279544398
2023-03-21 06:48:00,27561.35,27547.15,27736.5,27329.4,229.34689381,6310503.705102485,red,111.1480908629
2023-03-21 07:09:00,27463.5,27441.5,27538.9,27300.1,250.05279357,6851628.181764168,green,110.1840715428
2023-03-21 07:30:00,27519.55,27510.2,27557.9,27443.8,120.36599962,3310336.318916715,green,108.8781018952
2023-03-21 07:51:00,27518.949999999997,27508.45,27548.1,27447.8,88.53029018,2435052.9626523512,red,107.8478517761
2023-03-21 08:12:00,27564.05,27546.75,27663.9,27395.0,131.35920081,3613795.039041997,green,107.2116233639
2023-03-21 08:33:00,27636.65,27627.5,27684.5,27552.2,81.06163513,2238766.240814984,green,106.4146153551
2023-03-21 08:54:00,27660.5,27665.025,27723.8,27615.3,56.68336319,1567939.311846029,green,105.8358139545
2023-03-21 09:15:00,27661.25,27654.225,27706.0,27588.4,77.01544272,2128762.116683207,red,105.9138646127
2023-03-21 09:36:00,27770.5,27822.05,28100.0,27647.2,216.1112287,6035153.1024483945,green,107.3568750779
2023-03-21 09:57:00,27962.050000000003,27960.4,28042.9,27874.6,109.49061814,3063549.575711483,green,107.4935937673
2023-03-21 10:18:00,28031.05,28059.850000000002,28170.0,28007.3,159.07734908,4467114.268443914,red,108.0326153066
2023-03-21 10:39:00,27994.0,27997.6,28058.0,27944.4,67.64513335,1893866.143973576,red,107.2848542869
2023-03-21 11:00:00,27950.05,27950.275,28018.0,27883.0,74.37554455,2078526.0937684,red,106.64200381710002
2023-03-21 11:21:00,27970.449999999997,27959.899999999998,28004.7,27894.0,47.00800378,1312894.248660969,green,106.5331787961
2023-03-21 11:42:00,28013.449999999997,28022.399999999998,28071.0,27991.7,54.87479234,1537941.020635728,green,104.7201907922
2023-03-21 12:03:00,27986.7,28000.675,28105.8,27923.5,61.63586543,1726318.47074324,red,102.648771375
2023-03-21 12:24:00,28030.75,28032.9,28132.7,27937.4,71.04364851,1991821.286033783,green,102.7388260365
2023-03-21 12:45:00,28120.3,28133.600000000002,28238.0,28055.8,173.89565883,4896668.962780614,green,103.4040209389
2023-03-21 13:06:00,28085.9,28097.825,28210.2,28009.3,175.25786056,4922262.748540445,red,104.4749284248
2023-03-21 13:27:00,28015.3,28016.300000000003,28129.5,27905.1,156.50724217,4386513.311684898,red,103.9050375483
2023-03-21 13:48:00,27973.3,27993.7,28115.0,27913.2,119.40774477,3344376.494155049,red,103.9805927123
2023-03-21 14:09:00,27904.050000000003,27873.45,27957.9,27727.8,169.49237039,4723684.53550938,red,104.2471083163
2023-03-21 14:30:00,27872.85,27880.375,27975.0,27800.8,85.43811550000001,2384662.237890748,green,103.704951857
2023-03-21 14:51:00,27915.0,27908.525,27970.0,27834.1,123.45349756,3443135.738775888,green,103.507698805
2023-03-21 15:12:00,27969.35,27961.75,28008.0,27900.3,76.55880383,2139371.941366741,green,103.7396092727
2023-03-21 15:33:00,28044.25,28041.1,28102.0,27973.9,139.29163968,3906430.822286519,green,104.6144061113
2023-03-21 15:54:00,28068.4,28072.45,28133.0,28020.0,97.25450505,2729577.391233322,red,104.9583247411
2023-03-21 16:15:00,28166.800000000003,28165.175000000003,28286.0,28041.1,158.37146195,4459272.7453689,green,106.2555799903
2023-03-21 16:36:00,28329.949999999997,28329.725,28434.6,28224.4,382.46139559,10841297.671641825,green,109.6758174903
2023-03-21 16:57:00,28287.25,28276.625,28415.0,28117.0,218.58253074,6179656.481699209,red,111.2435436727
2023-03-21 17:18:00,28208.15,28218.300000000003,28306.9,28150.0,130.24666488,3677058.907592453,green,112.060012314
2023-03-21 17:39:00,28107.1,28101.25,28225.2,27965.6,180.75531074,5074769.372961023,red,112.9518803439
2023-03-21 18:00:00,28052.35,28048.300000000003,28155.9,27932.6,92.29404703,2587098.647700424,green,112.7402173024
2023-03-21 18:21:00,28089.35,28082.999999999996,28163.1,27990.2,133.71231933,3756122.21243806,red,112.8379976254
2023-03-21 18:42:00,28091.2,28081.1,28140.0,28002.0,56.44126076,1585429.606661592,green,111.318742092
2023-03-21 19:03:00,28132.75,28138.575,28204.3,28084.5,70.95794839999999,1997755.191261061,green,109.9926646521
2023-03-21 19:24:00,28182.95,28173.399999999998,28220.0,28107.7,62.72064751,1765688.919608416,green,108.403176345
2023-03-21 19:45:00,28159.1,28149.025,28215.8,28062.1,67.23519141,1892110.994720429,red,107.4532645086
2023-03-21 20:06:00,28108.45,28104.574999999997,28129.5,28071.9,38.10958529,1070730.178041214,green,106.52557604119998
2023-03-21 20:27:00,28105.949999999997,28129.55,28206.0,28100.3,53.91257121,1517731.964693976,red,105.9180151748
2023-03-21 20:48:00,28079.25,28077.275,28110.6,28040.0,52.40072339,1471274.373511812,red,105.6315773176
2023-03-21 21:09:00,28030.95,28021.375,28066.9,27956.7,96.21428095,2693487.230672158,red,104.778798537
2023-03-21 21:30:00,28021.2,28008.325,28070.9,27920.0,70.39015516,1970524.652177034,green,104.36432927239998
2023-03-21 21:51:00,28029.15,28030.100000000002,28065.4,27996.7,37.34912993,1046739.061231461,red,104.1334837278
2023-03-21 22:12:00,28015.5,28026.325,28065.0,28009.3,28.55817363,800599.01556758,red,103.1333640508
2023-03-21 22:33:00,28011.8,27996.175000000003,28032.7,27928.4,40.59883942,1135781.730444537,green,102.587235583
2023-03-21 22:54:00,28013.6,28017.725,28053.0,27990.7,43.71436493,1225293.994185492,green,102.1643330103
2023-03-21 23:15:00,28048.3,28057.524999999998,28119.8,28013.7,40.56665689,1139326.968986288,green,101.72092095949998
2023-03-21 23:36:00,28101.35,28099.225000000002,28141.9,28052.3,37.52773742,1054482.12565269,green,101.6253734561
2023-03-21 23:57:00,28110.0,28110.0,28146.8,28073.2,32.22480132,905689.86957658,red,100.4687506605
2023-03-22 00:18:00,28041.75,28036.9,28112.1,27952.0,74.66714495,2093865.00589714,red,98.6873224319
2023-03-22 00:39:00,28009.25,28001.075,28036.8,27949.0,60.95476078,1707076.517892973,green,96.9420885341
2023-03-22 01:00:00,28023.9,28022.9,28067.5,27976.3,53.42056856,1496598.58819018,red,95.4131877098
2023-03-22 01:21:00,28023.0,28027.425,28076.9,27986.8,53.87236092,1510011.265535546,green,95.0266628648
2023-03-22 01:42:00,28052.9,28058.475,28099.0,28029.1,39.77249918,1116608.036798141,green,94.2089325978
2023-03-22 02:03:00,28073.4,28086.45,28144.0,28055.0,40.73232625,1144733.333998509,red,93.9551554995
2023-03-22 02:24:00,28068.949999999997,28076.25,28109.1,28058.0,47.73439818,1340544.185190048,red,93.6474425865
2023-03-22 02:45:00,28049.3,28054.825,28103.2,28017.5,52.03755745,1459862.121109778,red,92.1459186585
2023-03-22 03:06:00,28139.949999999997,28148.299999999996,28279.7,28033.6,132.68831927,3740388.228936839,green,91.1023856439
2023-03-22 03:27:00,28215.25,28213.65,28253.8,28170.3,86.37221879,2435978.234193427,red,90.517974073
2023-03-22 03:48:00,28173.2,28168.375,28200.5,28126.6,120.8193733,3402748.727404873,red,90.774214969
2023-03-22 04:09:00,28155.25,28165.65,28206.7,28145.4,71.61191083,2016862.369449176,red,90.3680357162
2023-03-22 04:30:00,28161.0,28161.65,28197.1,28127.5,57.12484835,1609025.882196425,green,90.135786899
2023-03-22 04:51:00,28178.65,28189.675000000003,28229.5,28171.9,34.23903684,965533.183568838,green,89.50664911119999
2023-03-22 05:12:00,28219.5,28223.475000000002,28269.6,28185.3,51.69008487,1459328.1079486262,green,88.7925288316
2023-03-22 05:33:00,28226.3,28234.175,28286.4,28197.7,60.29518928,1702367.140466066,red,87.6152089929
2023-03-22 05:54:00,28193.05,28189.675,28221.1,28151.5,38.71596966,1091060.251685568,red,86.94547331560001
2023-03-22 06:15:00,28200.1,28191.05,28215.0,28149.0,36.74730802,1035764.602107934,green,85.6052239436
2023-03-22 06:36:00,28195.55,28189.85,28214.4,28153.9,35.23212911,992616.3852208932,red,85.3493970342
2023-03-22 06:57:00,28184.7,28194.3,28237.0,28170.8,48.47930394,1367260.34219595,green,84.961137076
2023-03-22 07:18:00,28139.15,28131.699999999997,28218.6,28029.9,103.73057322,2916925.413540451,red,85.24758236459998
2023-03-22 07:39:00,28093.5,28090.175,28130.9,28042.8,101.65332691,2856016.044249999,green,85.40463803539998
2023-03-22 08:00:00,28133.65,28136.475000000002,28207.8,28070.8,84.93868922,2390711.755564127,green,85.01043505759999
2023-03-22 08:21:00,28159.550000000003,28161.875000000004,28203.1,28125.3,37.26811608,1049622.068295264,red,84.8972000752
2023-03-22 08:42:00,28126.1,28116.525,28161.9,28052.0,54.74921439,1538187.88489615,red,84.64028876339998
2023-03-22 09:03:00,28095.6,28075.475,28115.1,27995.6,58.24807869,1633859.529445422,red,84.60359174749999
2023-03-22 09:24:00,28089.35,28090.05,28129.7,28051.8,46.56991157,1308750.035439389,red,84.61512401259999
2023-03-22 09:45:00,28105.8,28095.175,28146.8,28022.3,52.27791488,1468591.164502071,green,84.5509739912
2023-03-22 10:06:00,28122.25,28109.6,28128.4,28065.5,46.31714604,1301557.430321351,red,83.80476878590001
2023-03-22 10:27:00,28115.9,28115.399999999998,28151.1,28078.7,42.28879973,1189104.63190574,red,82.85818775679999
2023-03-22 10:48:00,28137.25,28142.175,28186.0,28108.2,60.38924466,1700561.575846489,green,82.7476584608
2023-03-22 11:09:00,28169.15,28172.050000000003,28203.0,28146.9,39.17050438,1103361.118807916,green,82.5677215971
2023-03-22 11:30:00,28146.949999999997,28148.2,28178.6,28120.3,26.34434949,741785.475207551,red,82.20612040179999
2023-03-22 11:51:00,28145.1,28147.175,28194.0,28104.5,48.79664392,1372988.139841181,green,81.99917841069998
2023-03-22 12:12:00,28195.45,28196.175,28246.0,28147.8,86.4844531,2439586.895590826,green,82.3453013411
2023-03-22 12:33:00,28227.050000000003,28220.95,28249.5,28180.2,70.12918249,1979151.779558935,green,82.6266496767
2023-03-22 12:54:00,28228.1,28217.95,28249.3,28166.3,61.72734896,1741277.907491099,red,82.9443647466
2023-03-22 13:15:00,28261.15,28281.250000000004,28376.9,28225.8,166.53900424,4713043.658496678,green,84.2027086493
2023-03-22 13:36:00,28299.15,28307.575,28400.0,28232.0,176.19435568,4989904.845708462,green,85.30635663769999
2023-03-22 13:57:00,28335.35,28329.199999999997,28371.0,28275.1,136.78750469,3874865.240089073,green,86.3638247948
2023-03-22 14:18:00,28356.25,28381.275,28482.6,28330.0,230.22170499,6535784.880921566,red,88.41971440009998
2023-03-22 14:39:00,28452.15,28497.7,28744.0,28342.5,488.81390746,13969812.24280264,green,93.0896915812
2023-03-22 15:00:00,28604.3,28615.65,28693.1,28560.9,195.07284379,5585109.904662551,green,94.2835778762
2023-03-22 15:21:00,28630.9,28644.25,28727.8,28587.4,209.64778701,6009189.311277483,red,95.7786660832
2023-03-22 15:42:00,28604.9,28574.9,28654.9,28434.9,216.22190233,6175158.122529444,red,97.4306606556
2023-03-22 16:03:00,28569.85,28555.0,28636.2,28444.1,224.55250084,6409003.588701302,red,99.2990132278
2023-03-22 16:24:00,28606.0,28607.55,28684.0,28534.2,103.06855307,2949803.041300747,green,99.358424138
2023-03-22 16:45:00,28637.2,28643.875,28701.0,28600.1,91.10493524,2610420.056319036,red,99.2733441727
2023-03-22 17:06:00,28519.6,28498.1,28618.2,28335.0,239.37776258,6813394.820125335,red,101.0267956512
2023-03-22 17:27:00,28376.6,28375.0,28443.7,28303.1,206.97988202,5873344.250392339,red,102.4045448933
2023-03-22 17:48:00,28481.199999999997,28494.649999999998,28861.7,28154.5,700.62444134,20022281.058670387,green,107.11732036860002
2023-03-22 18:09:00,28556.75,28516.375,28642.2,28309.8,309.54832248,8807549.783629602,red,107.7122756577
2023-03-22 18:30:00,28442.2,28308.175000000003,28595.9,27752.4,646.92522548,18208621.03225881,red,112.9778679163
2023-03-22 18:51:00,27843.6,27817.449999999997,28424.6,27158.0,852.29812586,23597385.436051216,red,120.6155462731
2023-03-22 19:12:00,27348.300000000003,27364.9,27646.0,27117.0,641.85924691,17631181.552493125,green,125.7205467341
2023-03-22 19:33:00,27063.8,27062.225,27436.3,26685.0,740.7451422299999,20035141.410700653,red,132.3173818051
2023-03-22 19:54:00,26805.75,26808.525,27012.6,26610.0,523.36016597,14039862.640785957,green,136.98414983290002
2023-03-22 20:15:00,26984.75,27009.425,27168.4,26899.8,297.00790031,8036747.481659902,green,139.1840744088
2023-03-22 20:36:00,27175.55,27196.075,27378.9,27054.3,269.1082548,7326244.994172938,green,139.71404466980002
2023-03-22 20:57:00,27326.75,27317.875,27433.0,27185.0,210.26921178,5748641.398636378,green,140.7218306062
2023-03-22 21:18:00,27278.1,27278.925,27386.8,27172.7,135.78467333,3706158.854331059,red,140.4889038487
2023-03-22 21:39:00,27142.8,27149.975,27248.2,27066.1,119.44335707,3241877.8947938653,red,141.0068860859
2023-03-22 22:00:00,27114.2,27122.6,27200.0,27062.0,169.72634511,4604705.715894626,green,141.9603940915
2023-03-22 22:21:00,27110.95,27125.05,27200.1,27078.2,120.59079972,3273805.794753774,red,142.6962220509
2023-03-22 22:42:00,27155.6,27129.300000000003,27238.9,26967.1,187.78944133,5090460.026925303,green,144.0253685408
2023-03-22 23:03:00,27246.75,27251.949999999997,27296.7,27217.6,80.15251765,2184753.74164096,green,144.21053506299998
2023-03-22 23:24:00,27256.800000000003,27277.075,27344.7,27250.0,80.26421798,2190386.086523192,red,144.3027407577
2023-03-22 23:45:00,27265.2,27261.95,27292.2,27225.2,62.20349935,1695718.795593932,green,143.1858191629
2023-03-23 00:06:00,27348.05,27332.025,27432.0,27200.0,107.6922289,2942120.964396546,green,142.51016284629998
2023-03-23 00:27:00,27385.1,27381.55,27420.3,27335.7,70.25403046,1923958.023127796,red,141.64763072920002
2023-03-23 00:48:00,27318.199999999997,27314.699999999997,27351.8,27270.6,57.51482165,1570718.1709763668,red,141.028701498
2023-03-23 01:09:00,27273.9,27272.2,27308.0,27233.0,70.20539181,1914623.81905941,red,140.0358317122
2023-03-23 01:30:00,27216.15,27216.225000000002,27277.4,27155.2,79.33126527,2159352.6761874952,red,139.9747632099
2023-03-23 01:51:00,27190.199999999997,27180.25,27222.5,27118.1,52.90127544,1437248.393957069,green,139.26924098869998
2023-03-23 02:12:00,27254.15,27254.2,27297.3,27211.2,43.8821847,1196030.018991169,green,138.9424747974
2023-03-23 02:33:00,27312.25,27311.95,27345.3,27278.0,40.23015001,1098652.583587685,green,137.9518599007
2023-03-23 02:54:00,27336.0,27347.600000000002,27393.6,27324.8,59.3391853,1623391.950322723,green,137.5727067032
2023-03-23 03:15:00,27345.25,27333.975,27352.7,27292.7,35.51363309,970334.330916939,green,136.3441284146
2023-03-23 03:36:00,27364.95,27370.6,27420.1,27332.4,51.83003026,1418796.293048014,green,133.03781476129998
2023-03-23 03:57:00,27388.1,27380.95,27405.4,27342.2,42.79277523,1171425.232784665,green,131.2799172062
2023-03-23 04:18:00,27393.05,27395.725,27425.1,27371.7,33.88217356,928283.5649318332,green,130.316272293
2023-03-23 04:39:00,27335.199999999997,27330.85,27393.8,27259.2,68.81091452,1879069.941752352,red,129.1968283308
2023-03-23 05:00:00,27313.15,27312.225,27349.7,27272.9,33.06398828,902842.813638799,green,128.6045277433
2023-03-23 05:21:00,27437.35,27450.574999999997,27580.0,27347.6,121.63018913,3343713.506264086,green,128.4837064413
2023-03-23 05:42:00,27552.5,27580.55,27699.9,27517.3,224.83769877,6207597.884079916,green,130.16767082139998
2023-03-23 06:03:00,27613.9,27613.300000000003,27666.3,27559.1,94.81382475,2617819.414032362,green,130.40622958490002
2023-03-23 06:24:00,27652.65,27656.275,27689.7,27630.1,72.32248536,2000315.800707465,green,130.5022479634
2023-03-23 06:45:00,27664.45,27651.774999999998,27669.0,27609.2,38.45215392,1062746.954887121,green,130.2144175885
2023-03-23 07:06:00,27634.6,27620.499999999996,27676.1,27536.7,50.53499768,1395054.489062473,red,130.3386717124
2023-03-23 07:27:00,27609.800000000003,27610.300000000003,27648.2,27573.4,39.22319436,1083061.637917402,green,130.1917779439
2023-03-23 07:48:00,27641.6,27632.449999999997,27664.0,27582.6,58.39538146,1613435.402964234,green,130.2517245246
2023-03-23 08:09:00,27640.3,27650.7,27740.0,27582.2,90.08391368,2489848.491241493,red,130.1904208519
2023-03-23 08:30:00,27637.25,27622.825,27658.0,27558.8,57.82076127,1595915.555690226,green,130.064726913
2023-03-23 08:51:00,27637.9,27627.075,27658.0,27574.5,43.92447279,1212826.766904866,red,130.1304803416
2023-03-23 09:12:00,27610.449999999997,27609.199999999997,27632.2,27583.7,43.83749154,1210492.784887998,red,130.2832735207
2023-03-23 09:33:00,27618.55,27612.3,27634.8,27577.3,40.71076869,1123523.148587564,green,130.2843928134
2023-03-23 09:54:00,27628.4,27634.425,27668.1,27612.8,37.540637,1037438.833464796,red,130.2226555341
2023-03-23 10:15:00,27638.5,27633.050000000003,27668.1,27587.1,40.47751727,1118266.06069927,green,130.2217641379
2023-03-23 10:36:00,27632.15,27626.725,27654.1,27588.5,43.64333877,1205485.169880548,red,130.28292015140002
2023-03-23 10:57:00,27564.35,27555.125,27617.7,27474.1,59.78173887,1646851.492042826,red,130.5584895269
2023-03-23 11:18:00,27501.95,27495.175,27541.8,27435.0,121.44585171,3339177.103785837,red,131.02627659450002
2023-03-23 11:39:00,27536.0,27544.199999999997,27633.9,27470.9,84.86023189000001,2336854.715575152,green,131.2653313056
2023-03-23 12:00:00,27602.2,27592.025,27633.6,27530.1,89.17830803,2460682.735691605,green,131.6229087003
2023-03-23 12:21:00,27571.75,27574.725000000002,27644.6,27510.8,83.96094898999999,2315664.579246923,red,131.923794581
2023-03-23 12:42:00,27496.699999999997,27502.149999999998,27562.2,27453.0,88.21300168,2426829.724044759,red,132.408199606
2023-03-23 13:03:00,27406.85,27395.075,27480.4,27286.2,153.65937116,4208563.082341096,red,133.53747005510002
2023-03-23 13:24:00,27354.15,27369.15,27462.8,27305.5,115.96445267,3176088.310419449,green,134.2197706
2023-03-23 13:45:00,27350.7,27345.525,27403.4,27277.3,105.00452474,2871901.772933186,red,134.7494402729
2023-03-23 14:06:00,27348.5,27362.175,27454.0,27297.7,141.36317994,3869916.98650132,green,134.8361888796
2023-03-23 14:27:00,27460.6,27451.800000000003,27561.9,27324.1,107.64013767,2949929.433913893,green,135.0488680684
2023-03-23 14:48:00,27898.050000000003,27898.575,28277.0,27521.2,610.00975046,17062220.339894034,green,139.94077184
2023-03-23 15:09:00,28359.15,28415.725000000002,28765.9,28178.7,531.00818186,15116696.270281568,green,144.5347345503
2023-03-23 15:30:00,28558.15,28572.35,28710.0,28463.1,297.66882142000003,8509014.459021036,green,146.940174281
2023-03-23 15:51:00,28603.5,28587.925,28666.0,28478.7,255.64543015,7307157.017805378,red,149.15423821410002
2023-03-23 16:12:00,28518.3,28490.975000000002,28567.5,28359.8,259.27745466,7382012.716417027,red,151.230111912
2023-03-23 16:33:00,28484.65,28458.175000000003,28498.8,28364.6,156.52296359,4447407.693956364,green,152.1923896551
2023-03-23 16:54:00,28417.800000000003,28403.0,28518.0,28258.4,185.52362177,5273363.44957251,red,153.6604661762
2023-03-23 17:15:00,28263.4,28263.725000000002,28398.4,28129.7,220.29439021,6226373.489888409,red,155.4959369981
2023-03-23 17:36:00,28233.9,28239.050000000003,28339.3,28149.1,152.81074739,4317527.924686188,green,156.6717231809
2023-03-23 17:57:00,28299.95,28306.45,28388.1,28237.8,163.32031255,4622067.451183396,green,157.820133267
2023-03-23 18:18:00,28257.65,28248.875,28343.2,28137.0,156.84657194,4427149.11590668,red,158.3512932542
2023-03-23 18:39:00,28048.35,28027.8,28234.5,27780.0,318.57573361,8918625.937180784,red,160.5205173212
2023-03-23 19:00:00,27888.4,27890.5,28014.0,27771.2,232.92696015,6496011.848421054,red,162.0004000305
2023-03-23 19:21:00,27947.199999999997,27932.625,28059.0,27777.1,134.36851995,3752838.490439536,green,162.9714040692
2023-03-23 19:42:00,28140.1,28185.775,28446.9,28016.0,238.61251305,6749421.420033219,green,164.8100370558
2023-03-23 20:03:00,28203.4,28189.475000000002,28267.4,28083.7,191.83434865,5404342.757096123,red,166.14589975540002
2023-03-23 20:24:00,28182.6,28191.449999999997,28269.0,28131.6,109.71205947,3094341.088894654,green,166.7773212344
2023-03-23 20:45:00,28218.45,28223.05,28288.8,28166.5,66.95413582,1889096.9009860249,green,166.9240834438
2023-03-23 21:06:00,28172.0,28146.575,28276.3,27966.0,111.77275363,3140965.080606748,red,167.5786395197
2023-03-23 21:27:00,28120.4,28130.9,28215.8,28067.0,72.76371499,2047104.648439425,red,167.8833886723
2023-03-23 21:48:00,28124.85,28139.199999999997,28199.0,28108.1,64.38606926,1812832.248432388,green,167.92335691830002
2023-03-23 22:09:00,28139.050000000003,28146.075,28214.0,28092.2,59.96246855,1688140.732240288,green,168.13127655999998
2023-03-23 22:30:00,28195.85,28195.1,28253.8,28134.9,41.90980927,1181585.471880018,green,168.28693115779998
2023-03-23 22:51:00,28301.15,28289.6,28369.2,28186.9,85.56019613000001,2419701.82192311,green,168.65456667990003
2023-03-23 23:12:00,28370.3,28372.175000000003,28441.2,28306.9,116.46878398,3304843.884764301,green,168.95440998869998
2023-03-23 23:33:00,28352.0,28343.025,28398.2,28269.9,76.10341308,2155793.438125699,red,169.0141522946
2023-03-23 23:54:00,28311.7,28312.3,28346.1,28279.7,37.5294029,1062442.16734091,red,168.772172834
2023-03-24 00:15:00,28315.2,28317.75,28371.6,28269.0,44.44161036,1258708.49283574,green,167.5511988952
2023-03-24 00:36:00,28263.1,28259.4,28329.0,28182.4,43.21131147,1221127.288204411,red,166.2213684531
2023-03-24 00:57:00,28215.45,28198.975,28230.9,28134.1,54.12195431,1525139.02958401,green,165.3947129493
2023-03-24 01:18:00,28262.0,28262.025,28296.6,28227.5,24.35147234,688357.22024114,green,163.33601062280002
2023-03-24 01:39:00,28274.699999999997,28279.925,28320.0,28250.3,34.76058762,982924.662285312,red,158.7954774244
2023-03-24 02:00:00,28278.449999999997,28280.449999999997,28314.7,28250.2,20.95135731,592852.82677908,green,157.0542625596
2023-03-24 02:21:00,28259.35,28258.6,28304.1,28211.6,63.87400955,1805635.9797765152,red,155.596524785
2023-03-24 02:42:00,28202.3,28194.15,28234.0,28138.0,44.66918642,1258869.252221627,red,153.8809976259
2023-03-24 03:03:00,28204.05,28199.125,28218.1,28170.3,18.30585228,516191.828780667,green,151.8185311403
2023-03-24 03:24:00,28215.15,28207.350000000002,28239.3,28159.8,29.29332318,826171.273927495,red,151.08077884140002
2023-03-24 03:45:00,28222.9,28218.35,28237.1,28190.5,18.51813613,522542.591439622,green,150.3549108503
2023-03-24 04:06:00,28221.199999999997,28225.975,28252.4,28209.1,24.93894558,704066.1928695249,red,148.2105226803
2023-03-24 04:27:00,28189.75,28182.824999999997,28214.7,28137.1,28.34936824,798893.796835428,red,146.4242175425
2023-03-24 04:48:00,28170.85,28155.350000000002,28182.9,28096.8,33.6448638,946946.328558721,green,139.75442176709998
2023-03-24 05:09:00,28198.95,28199.375,28240.0,28159.6,23.17233403,653486.01343786,green,136.8906618826
2023-03-24 05:30:00,28247.25,28254.975,28299.0,28226.4,40.56489111,1146833.121404412,green,130.8270585389
2023-03-24 05:51:00,28274.75,28272.9,28297.6,28244.5,32.53354544,919954.723321146,green,122.6294127347
2023-03-24 06:12:00,28293.85,28290.874999999996,28342.1,28233.7,35.02495102,990711.8403727332,green,116.5610697758
2023-03-24 06:33:00,28281.6,28281.6,28306.3,28256.9,22.97411782,649784.910283588,red,109.3833595317
2023-03-24 06:54:00,28240.35,28244.325,28272.8,28223.8,21.99999835,621361.810297709,red,104.3697578555
2023-03-24 07:15:00,28232.800000000003,28217.550000000003,28241.8,28162.8,40.67372846,1147520.264434945,green,101.806416137
2023-03-24 07:36:00,28269.1,28274.274999999998,28317.2,28241.7,54.28398115,1535156.92868738,green,99.6581734005
2023-03-24 07:57:00,28233.2,28221.95,28296.4,28125.0,69.64314638,1963841.740780449,red,98.2519127465
2023-03-24 08:18:00,28130.25,28133.775,28216.3,28058.3,98.3491884,2767508.773594962,red,97.8775578972
2023-03-24 08:39:00,28059.85,28035.024999999998,28090.6,27929.8,251.6758552,7045737.059978037,red,99.1998828785
2023-03-24 09:00:00,28047.35,28052.175,28107.0,28007.0,143.39820769,4026330.179698656,green,98.9366015043
2023-03-24 09:21:00,28077.75,28098.95,28185.3,28055.0,99.99466854,2813349.7015693323,green,98.73064019250002
2023-03-24 09:42:00,28081.8,28066.3,28102.6,27999.0,82.85853137,2324374.984723242,red,97.6813310929
2023-03-24 10:03:00,28047.85,28029.499999999996,28085.1,27937.2,82.24818165,2302387.805510059,red,97.7022877329
2023-03-24 10:24:00,28022.4,28009.175000000003,28032.5,27959.4,47.84744026,1339747.186025946,red,97.3781199557
2023-03-24 10:45:00,28015.9,28013.625,28047.7,27975.0,34.05288831,954179.587197235,red,97.0966138453
2023-03-24 11:06:00,28041.15,28036.550000000003,28095.8,27968.1,92.43832531,2590898.765681902,green,96.9440748094
2023-03-24 11:27:00,27759.699999999997,27744.1,28087.0,27370.0,258.96666469,7187022.455109728,red,98.8312011517
2023-03-24 11:48:00,27582.65,27589.475000000002,27756.9,27435.7,231.6729879,6396398.195099237,green,100.5727828142
2023-03-24 12:09:00,27875.15,27990.9,28499.0,27714.3,613.50089043,17197972.823661495,green,106.0057378004
2023-03-24 12:30:00,28010.5,27999.774999999998,28057.9,27920.2,212.94360894,5958798.844265095,red,107.3418612371
2023-03-24 12:51:00,27942.1,27947.949999999997,28018.5,27889.1,106.65726474,2982349.765008901,red,107.8794211301
2023-03-24 13:12:00,27894.050000000003,27856.725000000002,27934.3,27704.5,221.10875891,6156779.931061372,red,109.6516868722
2023-03-24 13:33:00,27884.45,27832.5,27901.1,27660.0,218.70822795,6075008.418666999,red,111.4364676516
2023-03-24 13:54:00,28015.75,28027.025,28251.5,27825.1,337.73045265,9444525.06992015,green,114.2203803251
2023-03-24 14:15:00,28104.45,28102.85,28219.0,27983.5,194.62670443,5468235.464976378,red,115.81151103850002
2023-03-24 14:36:00,28053.05,28039.899999999998,28100.8,27952.7,167.34564292,4688033.450294038,green,116.9666671651
2023-03-24 14:57:00,27978.85,27968.05,28074.5,27840.0,160.8728252,4494714.284006202,red,118.1474676648
2023-03-24 15:18:00,27943.25,27942.199999999997,27993.9,27888.4,100.36745041,2803460.7857676777,green,118.8123204333
2023-03-24 15:39:00,27996.2,27997.774999999998,28080.0,27918.7,99.23408009,2779233.272224438,green,119.116552089
2023-03-24 16:00:00,27993.4,27991.05,28055.2,27922.2,98.21781438,2748551.707635905,red,119.76809034999998
2023-03-24 16:21:00,27937.25,27928.975,27991.2,27850.2,82.30899725,2297168.05105795,red,119.3748784312
2023-03-24 16:42:00,27851.05,27860.475,27939.8,27800.0,88.44737037,2465669.424415417,red,118.0109751472
2023-03-24 17:03:00,27736.65,27755.375,27916.8,27631.4,196.87945385,5469221.801208307,red,119.0316314382
2023-03-24 17:24:00,27651.7,27664.35,27794.0,27560.0,190.39195613,5270412.226197637,red,120.2123261459
2023-03-24 17:45:00,27611.800000000003,27610.775,27709.7,27509.8,181.16076028,5002167.624630191,red,121.6394122095
2023-03-24 18:06:00,27629.85,27631.375,27700.0,27565.8,115.38555394,3189718.579202644,green,122.2879177721
2023-03-24 18:27:00,27701.8,27707.074999999997,27777.1,27647.6,96.32503081,2668736.9384191823,green,122.8589361366
2023-03-24 18:48:00,27739.3,27744.850000000002,27820.0,27680.8,93.80200343,2602604.5694419323,green,123.2130023563
2023-03-24 19:09:00,27791.949999999997,27793.374999999996,27854.4,27735.2,76.61300171,2130221.758215641,green,123.0782932366
2023-03-24 19:30:00,27824.85,27821.775,27878.5,27758.9,58.2273375,1620160.588144457,red,123.0823589989
2023-03-24 19:51:00,27794.7,27804.625,27863.9,27765.2,58.25855093,1620048.398677839,red,123.2256997803
2023-03-24 20:12:00,27739.800000000003,27745.75,27826.4,27677.0,66.61650669,1849514.276076931,red,123.4534899318
2023-03-24 20:33:00,27663.300000000003,27632.95,27725.2,27480.0,170.62466188,4709869.44603365,red,124.7526288637
2023-03-24 20:54:00,27514.05,27499.775,27641.0,27330.0,153.82594739,4225948.068266599,red,125.9154819676
2023-03-24 21:15:00,27205.05,27209.25,27443.8,26983.1,383.06222734,10398294.244585715,red,129.34132906829998
2023-03-24 21:36:00,27203.95,27198.449999999997,27394.0,26991.9,142.17841645,3873858.148472639,green,130.3266798451
2023-03-24 21:57:00,27396.4,27376.800000000003,27439.3,27275.1,102.24952321,2797686.383467417,green,130.7513576885
2023-03-24 22:18:00,27400.6,27397.924999999996,27437.1,27353.4,70.82610788,1939785.494207529,red,130.2451602502
2023-03-24 22:39:00,27347.0,27350.2,27413.8,27293.0,58.19855884,1592152.554553017,red,129.9785435197
2023-03-24 23:00:00,27353.45,27349.8,27410.8,27281.5,42.33374311,1157380.715196438,green,129.5100978705
2023-03-24 23:21:00,27421.949999999997,27440.15,27516.6,27400.1,79.05494318,2169858.421466909,green,129.46103781239998
2023-03-24 23:42:00,27430.3,27429.25,27461.9,27394.5,55.77169201,1529098.818817288,red,129.1366247157
2023-03-25 00:03:00,27450.9,27456.800000000003,27499.9,27425.5,29.10948246,799284.12071617,green,127.89112582869998
2023-03-25 00:24:00,27527.15,27523.25,27584.0,27454.7,64.30402376,1771136.084253777,green,127.3745215396
2023-03-25 00:45:00,27546.8,27544.800000000003,27584.0,27501.6,22.93234663,631646.76660389,red,126.5537997585
2023-03-25 01:06:00,27486.5,27493.675,27538.4,27463.3,28.52264985,784582.700596317,red,125.4253944576
2023-03-25 01:27:00,27465.35,27470.375,27528.0,27422.8,50.2389714,1380569.2419473531,green,124.8513827949
2023-03-25 01:48:00,27466.1,27475.525,27508.4,27461.5,32.55258831,894657.958275561,red,119.0768111734
2023-03-25 02:09:00,27551.25,27556.35,27659.9,27463.0,53.48762933,1475068.862768949,green,114.3016056481
2023-03-25 02:30:00,27608.75,27609.0,27647.2,27571.3,23.51325458,649021.424145913,red,111.5600499797
2023-03-25 02:51:00,27580.050000000003,27589.45,27620.4,27577.3,28.35016536,782356.81523558,green,109.2870973318
2023-03-25 03:12:00,27603.95,27607.925,27644.8,27579.0,29.25337105,807647.356250602,green,106.9868564957
2023-03-25 03:33:00,27604.85,27596.199999999997,27629.1,27546.0,39.69818933,1094869.5341627009,red,105.8186087531
2023-03-25 03:54:00,27566.25,27570.949999999997,27613.2,27538.1,25.3412356,698929.1484682821,red,104.2167848914
2023-03-25 04:15:00,27556.9,27566.95,27606.0,27548.0,25.23945163,695777.138973172,green,102.2662355056
2023-03-25 04:36:00,27544.5,27541.325,27583.1,27493.2,41.33032504,1138123.428455883,red,101.1514312821
2023-03-25 04:57:00,27524.1,27525.499999999996,27545.1,27508.7,33.89241025,932879.992185834,red,99.8571522591
2023-03-25 05:18:00,27503.550000000003,27505.875,27536.4,27480.0,44.42258386,1222263.776600142,red,98.7329123783
2023-03-25 05:39:00,27469.949999999997,27450.925,27485.8,27378.0,74.43111365,2042296.569284832,red,96.2914661787
2023-03-25 06:00:00,27435.7,27439.625,27485.2,27401.9,45.24114244,1241849.372870268,red,94.4146080016
2023-03-25 06:21:00,27472.5,27472.475,27529.0,27415.9,22.78155169,626194.901996201,green,93.298738319
2023-03-25 06:42:00,27519.15,27517.625,27537.6,27494.6,23.31864089,641477.044006801,red,91.1457995974
2023-03-25 07:03:00,27526.75,27519.125,27548.7,27474.3,25.2479611,694514.40548098,green,89.4799357219
2023-03-25 07:24:00,27548.449999999997,27550.175,27584.3,27519.5,40.39997818,1113158.724358568,green,88.786814909
2023-03-25 07:45:00,27523.4,27516.35,27564.5,27454.1,33.34974342,917316.083308999,red,88.450770985
2023-03-25 08:06:00,27459.4,27461.550000000003,27511.0,27416.4,23.0645648,633766.913405912,red,87.5636890967
2023-03-25 08:27:00,27392.2,27392.175,27451.5,27332.8,72.60153923,1989935.515006739,red,87.56206733910001
2023-03-25 08:48:00,27366.8,27388.475,27459.2,27361.1,52.14902262,1429147.482933706,green,87.43969687270001
2023-03-25 09:09:00,27395.5,27381.699999999997,27418.7,27317.1,53.13336601,1454605.757203781,green,87.3714058473
2023-03-25 09:30:00,27427.4,27421.300000000003,27439.8,27390.6,18.33505648,502786.584697447,green,87.13565831940001
2023-03-25 09:51:00,27441.05,27457.625,27518.0,27430.4,71.10616981,1953216.124009914,green,86.9911180562
2023-03-25 10:12:00,27429.15,27428.725,27459.7,27396.9,50.68249231,1390504.719180221,red,86.3332551395
2023-03-25 10:33:00,27452.85,27460.925000000003,27533.9,27404.1,72.06546272,1980813.692128195,green,86.2928756359
2023-03-25 10:54:00,27473.8,27474.375,27505.4,27444.5,30.76673504,845595.200327547,red,86.22524895730001
2023-03-25 11:15:00,27474.55,27475.7,27499.7,27454.0,15.23516735,418636.210850903,green,85.93318452720001
2023-03-25 11:36:00,27474.25,27474.5,27527.4,27422.1,28.0154342,769352.967747552,red,85.78122575450001
2023-03-25 11:57:00,27461.3,27451.925,27481.3,27403.8,38.01775905,1043195.405066319,green,85.6201838019
2023-03-25 12:18:00,27448.1,27435.9,27472.8,27374.6,36.25085585,993798.147467524,red,85.73917763700001
2023-03-25 12:39:00,27438.0,27431.375,27448.8,27400.7,24.18151228,663153.628031357,green,85.63338688360001
2023-03-25 13:00:00,27416.699999999997,27411.6,27455.0,27358.0,68.19803802999999,1868552.108104086,red,86.10585369079999
2023-03-25 13:21:00,27452.75,27462.55,27560.2,27384.5,58.31574203,1602806.427176482,green,86.05027101559999
2023-03-25 13:42:00,27554.6,27558.05,27626.5,27496.5,72.93960246,2010259.144038027,green,86.332975176
2023-03-25 14:03:00,27583.949999999997,27592.475,27649.2,27552.8,59.84265789,1651628.2061064749,red,86.7483432321
2023-03-25 14:24:00,27566.7,27573.825,27609.1,27552.8,19.24445517,530725.935573685,red,86.64785455199998
2023-03-25 14:45:00,27540.7,27545.875,27582.1,27520.0,35.55326797,979394.804296629,red,86.81820587039999
2023-03-25 15:06:00,27525.1,27518.8,27543.3,27481.7,33.5122005,922018.954131942,red,86.9039384196
2023-03-25 15:27:00,27633.35,27644.825,27789.9,27522.7,96.5737664,2670581.165798089,green,87.5861824012
2023-03-25 15:48:00,27697.7,27702.55,27789.8,27625.0,159.39010761,4417069.395063327,red,88.8436348393
2023-03-25 16:09:00,27677.0,27669.65,27703.5,27621.1,34.69244866,959354.542111901,green,88.9588359856
2023-03-25 16:30:00,27681.9,27685.024999999998,27729.1,27647.2,35.23788315,975319.678178051,red,88.905565906
2023-03-25 16:51:00,27649.35,27646.449999999997,27660.5,27626.6,16.98233225,469334.083485282,red,88.7500537741
2023-03-25 17:12:00,27544.4,27526.975,27645.1,27374.0,113.04151145,3107780.6198674752,red,89.53021937839999
2023-03-25 17:33:00,27466.6,27472.05,27525.0,27430.0,40.01196046,1099625.857144664,green,89.7005978048
2023-03-25 17:54:00,27495.0,27490.0,27519.9,27450.1,31.91272834,877178.807501558,green,89.79972510470002
2023-03-25 18:15:00,27496.05,27487.525,27532.0,27426.0,30.8100129,846737.149683526,red,89.7010879491
2023-03-25 18:36:00,27479.0,27490.0,27529.9,27472.1,29.67430479,816163.376518387,red,89.4549911855
2023-03-25 18:57:00,27399.55,27377.225,27476.9,27232.9,234.68936991,6413312.276677474,red,91.1054534208
2023-03-25 19:18:00,27284.55,27270.375,27354.0,27158.4,90.63821764,2471100.182745405,red,91.02834371320002
2023-03-25 19:39:00,27214.949999999997,27224.725,27295.9,27173.1,87.30731351,2377511.731284779,red,89.38465829629999
2023-03-25 20:00:00,27245.0,27242.525,27321.0,27159.1,93.30667562,2542256.9711709,green,88.8837429756
2023-03-25 20:21:00,27349.6,27352.675,27426.3,27285.2,73.31263693,2005831.537807032,green,88.61692265949999
2023-03-25 20:42:00,27391.25,27389.15,27425.6,27348.5,69.53729052,1904463.866870863,red,88.483710251
2023-03-25 21:03:00,27411.35,27414.225,27452.0,27382.2,51.57573801,1413757.411179244,green,88.17698581459999
2023-03-25 21:24:00,27406.050000000003,27405.075,27440.4,27367.8,32.05952224,878568.241893057,red,88.01910663439999
2023-03-25 21:45:00,27417.699999999997,27413.074999999997,27463.8,27353.1,46.22577808,1267235.856417602,green,88.14083553210001
2023-03-25 22:06:00,27466.25,27474.675,27528.0,27438.2,63.43458116,1743714.241180697,green,87.8507980906
2023-03-25 22:27:00,27469.449999999997,27465.475,27499.1,27423.9,25.53161718,701020.911928882,green,85.5164476155
2023-03-25 22:48:00,27450.35,27445.95,27473.8,27409.3,24.52487711,672940.48208388,red,83.4449665076
2023-03-25 23:09:00,27432.199999999997,27441.249999999996,27472.9,27427.7,16.1286519,442728.741686589,green,77.4712441223
2023-03-25 23:30:00,27453.65,27457.450000000004,27490.9,27431.6,16.27139652,446941.40140798,green,75.5045219981
2023-03-25 23:51:00,27469.3,27469.9,27488.7,27452.3,19.25658152,528910.556229268,red,74.6305151659
2023-03-26 00:12:00,27456.65,27448.774999999998,27465.1,27416.7,25.65860704,704003.371639375,red,72.67601364720001
2023-03-26 00:33:00,27520.3,27529.675,27629.9,27448.2,88.20077572999999,2431014.777286191,green,71.370939125
2023-03-26 00:54:00,27565.699999999997,27562.175,27599.3,27518.0,33.24999843,916046.030467592,red,68.3261345828
2023-03-26 01:15:00,27574.6,27577.65,27625.0,27536.4,30.89811347,852153.9427540071,green,66.6888486732
2023-03-26 01:36:00,27602.199999999997,27601.85,27648.1,27554.9,24.62859034,679811.634640204,red,65.2616781474
2023-03-26 01:57:00,27597.0,27593.95,27613.8,27568.0,14.90009746,411138.666223994,green,63.80195087
2023-03-26 02:18:00,27593.35,27588.524999999998,27599.7,27567.7,9.26619854,255584.520462339,red,62.8909383513
2023-03-26 02:39:00,27589.75,27588.55,27610.5,27564.2,18.47632596,509745.609788845,green,62.08336081
2023-03-26 03:00:00,27595.4,27594.600000000002,27619.9,27567.7,19.59477987,540699.967832173,green,61.2971304649
2023-03-26 03:21:00,27573.75,27563.225,27600.9,27504.5,36.42571189,1003292.966679579,red,60.83829761129999
2023-03-26 03:42:00,27536.449999999997,27535.625,27562.6,27507.0,18.03122162,496420.814532381,red,60.1341361238
2023-03-26 04:03:00,27522.35,27513.275,27534.5,27473.9,28.20011791,775621.3381758269,red,58.4473427644
2023-03-26 04:24:00,27504.15,27504.15,27521.2,27487.1,10.88405109,299356.49279088,red,56.65226371399999
2023-03-26 04:45:00,27500.6,27495.324999999997,27519.2,27460.9,22.87599391,628789.11574411,green,55.0694160503
2023-03-26 05:06:00,27498.699999999997,27503.774999999998,27535.0,27482.7,15.85516317,436215.956153502,red,54.0741121426
2023-03-26 05:27:00,27500.9,27500.95,27529.3,27472.7,28.68191329,788568.166133146,green,53.3976809674
2023-03-26 05:48:00,27521.2,27532.975,27575.0,27514.5,23.35042038,643280.847929118,green,52.6931651369
2023-03-26 06:09:00,27512.75,27513.525,27546.8,27481.8,28.22105405,776507.18505727,red,52.209245660300006
2023-03-26 06:30:00,27506.4,27501.725,27514.0,27480.1,20.75206145,570712.794577804,green,51.8344928998
2023-03-26 06:51:00,27513.65,27508.3,27522.1,27483.8,21.66109324,595615.287935124,green,51.4685183229
2023-03-26 07:12:00,27509.25,27514.75,27538.0,27502.5,17.39321523,478632.384874349,red,50.9762854083
2023-03-26 07:33:00,27494.05,27494.15,27508.1,27480.4,26.33032636,723876.157698469,red,49.53334205310001
2023-03-26 07:54:00,27501.8,27503.225000000002,27528.0,27481.3,29.63251146,815181.131838597,green,48.2914076938
2023-03-26 08:15:00,27512.949999999997,27508.324999999997,27527.3,27480.1,21.26512481,584931.485128414,red,44.6734366685
2023-03-26 08:36:00,27590.800000000003,27613.975000000002,27767.3,27507.0,206.93384474,5731748.084443359,green,45.320990951400006
2023-03-26 08:57:00,27682.0,27680.275,27734.1,27623.0,58.38627341,1615554.372609692,green,44.8823584534
2023-03-26 09:18:00,27679.75,27684.875,27730.0,27650.0,32.69031587,905145.27306532,red,44.5010005333
2023-03-26 09:39:00,27678.4,27672.475000000002,27687.8,27645.3,22.08516774,610970.917131981,green,44.139866622300005
2023-03-26 10:00:00,27680.75,27682.85,27714.8,27655.1,27.03654846,748380.719483676,red,43.9868946758
2023-03-26 10:21:00,27673.0,27665.800000000003,27680.3,27636.9,17.11894281,473574.477699999,red,43.3675346721
2023-03-26 10:42:00,27672.6,27674.675,27694.5,27659.0,14.06260523,389261.438188826,green,42.9504438043
2023-03-26 11:03:00,27687.800000000003,27696.125,27741.4,27667.5,38.39482273,1063806.333905657,green,43.043297207
2023-03-26 11:24:00,27705.550000000003,27691.15,27708.5,27645.0,28.79236776,796864.268779228,green,42.688180647
2023-03-26 11:45:00,27819.6,27828.55,27980.0,27695.0,166.15939763,4628702.8490842935,green,44.120451157
2023-03-26 12:06:00,27895.6,27888.199999999997,27929.0,27832.6,93.79843435,2614940.858186069,red,44.773209002
2023-03-26 12:27:00,27878.449999999997,27880.125,27915.6,27848.0,47.26027085,1318134.892252003,green,44.7434219965
2023-03-26 12:48:00,27902.8,27903.525,27954.1,27854.4,55.16111774,1539333.606024687,green,44.9695072908
2023-03-26 13:09:00,27903.3,27905.85,27933.6,27883.2,41.44665899,1156649.417105269,red,44.8490975874
2023-03-26 13:30:00,27986.1,28004.4,28150.3,27895.1,138.92831429,3895887.835751462,green,46.0032481845
2023-03-26 13:51:00,28053.4,28083.425000000003,28199.9,28027.0,190.80964875,5363406.4864294045,red,47.6278430184
2023-03-26 14:12:00,27915.75,27917.25,28071.9,27765.6,179.8082196,5024188.127415674,red,49.1333915039
2023-03-26 14:33:00,27773.0,27773.775,27874.1,27675.0,159.44790764,4430145.733498833,red,50.330888687
2023-03-26 14:54:00,27784.0,27786.725,27865.9,27713.0,91.45401991,2540994.360983652,green,50.9920165301
2023-03-26 15:15:00,27814.5,27808.475,27847.9,27757.0,65.94438011,1834239.204300051,red,51.3990658149
2023-03-26 15:36:00,27800.699999999997,27780.15,27804.1,27715.1,48.86444852,1356767.16277302,red,51.474407049700005
2023-03-26 15:57:00,27790.699999999997,27810.024999999998,27878.4,27780.3,89.34265375000001,2486042.104266951,red,52.0289094847
2023-03-26 16:18:00,27784.4,27790.075,27821.8,27769.7,26.95147106,749156.1572303281,green,51.8541983567
2023-03-26 16:39:00,27744.85,27730.225000000002,27813.4,27617.8,88.9214702,2467968.47024304,red,51.9991019222
2023-03-26 17:00:00,27725.8,27723.7,27782.0,27661.2,59.58308694,1652289.340776394,green,52.1425213672
2023-03-26 17:21:00,27797.15,27800.375,27858.8,27748.4,43.26424232,1203350.569161707,green,52.3473482735
2023-03-26 17:42:00,27831.699999999997,27831.125,27850.0,27811.1,25.9413569,721924.18274453,red,52.3735754336
2023-03-26 18:03:00,27837.45,27849.475,27936.0,27787.0,63.11275804,1758791.181395016,green,52.75222340300001
2023-03-26 18:24:00,27835.8,27826.15,27859.0,27774.0,41.21661815,1146027.5406772569,red,52.7603898027
2023-03-26 18:45:00,27810.35,27806.274999999998,27829.2,27775.2,26.44206309,735109.217929979,red,52.6913129994
2023-03-26 19:06:00,27800.1,27812.05,27852.7,27795.3,47.25900119,1314822.804669612,red,52.9332573633
2023-03-26 19:27:00,27812.050000000003,27809.675000000003,27829.6,27785.0,17.92914693,498470.914438345,green,52.3865334403
2023-03-26 19:48:00,27834.45,27833.0,27855.0,27808.1,31.57829129,878945.960666446,green,52.180826127
2023-03-26 20:09:00,27839.15,27853.250000000004,27899.9,27834.8,42.23721573,1176869.993898385,red,52.0718646242
2023-03-26 20:30:00,27773.05,27767.100000000002,27838.0,27684.3,100.83446731,2796104.114843497,red,52.89685873250001
2023-03-26 20:51:00,27746.4,27741.975000000002,27793.4,27681.7,37.17916218,1031609.341346343,green,52.5575886562
2023-03-26 21:12:00,27786.2,27792.449999999997,27829.8,27767.6,23.88072065,663788.383877551,green,52.2895709396
2023-03-26 21:33:00,27790.2,27790.0,27815.1,27764.5,35.55526369,988075.21012888,green,51.92446894930001
2023-03-26 21:54:00,27893.35,27897.175,28010.8,27791.2,100.77436801,2810393.975568687,green,52.624545279
2023-03-26 22:15:00,27974.2,27988.9,28084.7,27922.5,100.07758738,2803248.537150821,red,53.4729694793
2023-03-26 22:36:00,28000.35,28001.225000000002,28069.9,27934.3,105.92857745,2965874.834357085,green,54.25210091180001
2023-03-26 22:57:00,28064.95,28059.175,28099.8,28007.0,79.78205319,2238359.048335619,green,54.6697438532
2023-03-26 23:18:00,28071.1,28079.824999999997,28150.0,28027.1,122.62136309,3443613.690336551,red,55.533448925600005
2023-03-26 23:39:00,28013.65,28007.5,28059.0,27943.7,57.0674435,1597958.10264703,red,55.86230823780001
2023-03-27 00:00:00,27963.55,27960.575,27984.4,27930.8,43.49988108,1216011.693999739,red,55.61532666830001
2023-03-27 00:21:00,27968.25,27965.95,28006.3,27921.0,45.90538311,1283573.069608514,green,55.4912230791
2023-03-27 00:42:00,27992.1,27989.949999999997,28023.5,27952.1,28.74690825,804684.59584829,green,55.049296137
2023-03-27 01:03:00,27925.0,27918.175,28016.0,27806.7,92.53922946,2581585.539989373,red,55.3762618527
2023-03-27 01:24:00,27860.800000000003,27859.5,27891.5,27824.9,48.06669021,1338935.169734016,green,55.6644842031
2023-03-27 01:45:00,27842.8,27835.100000000002,27876.5,27778.3,49.21534268,1369541.160319632,red,55.8011049502
2023-03-27 02:06:00,27827.95,27834.125,27873.4,27807.2,27.52820966,766786.895203332,green,55.7412650418
2023-03-27 02:27:00,27844.95,27843.05,27867.8,27814.5,39.31353221,1094662.401125119,red,55.1686626999
2023-03-27 02:48:00,27862.25,27865.375,27893.9,27843.1,29.98016249,835605.5131998099,green,53.8745632487
2023-03-27 03:09:00,27860.6,27865.95,27902.9,27839.7,36.54997155,1018861.872484696,red,53.8931384776
2023-03-27 03:30:00,27875.0,27876.6,27928.0,27828.4,49.07691977,1368553.540697962,green,54.0315288438
2023-03-27 03:51:00,27910.25,27903.699999999997,27921.9,27872.4,40.3727578,1126329.681964161,red,54.2654330993
2023-03-27 04:12:00,27915.1,27914.275,27937.0,27889.9,39.92555355,1114544.519607068,green,53.53427352029999
2023-03-27 04:33:00,27912.9,27905.475,27921.5,27874.6,26.47519794,738655.100137165,red,53.39890589510001
